test_id	method	method_key	configuration_id	configuration_label	is_primary	k	metric	perplexity	n_neighbors	min_dist	pre_pca_components	analysis_scope	variable	status	n	n_clusters	n_categories	test	statistic	chi_square_statistic	degrees_of_freedom	p_value	cramers_v	fisher_odds_ratio	min_expected_count	cells_expected_lt5	fraction_cells_expected_lt5	family	effect_size	effect_size_name	epsilon_squared	q_value	q_value_family	q_value_scope	q_value_family_scope
categorical::tsne__metric-correlation__perplexity-15::center_code	t-SNE	tsne	tsne__metric-correlation__perplexity-15	metric=correlation, perplexity=15	False	2	correlation	15.0				sensitivity	center_code	ok	412	2	2.0	fisher_exact	2.505543237250554	20.858924652744694	1.0	5.2473874959504176e-06	0.21980199623391472	2.505543237250554	89.92718446601941	0.0	0.0	categorical	0.21980199623391472	cramers_v		0.00016529270612243815	0.0001525778825745583	0.0001609898483757588	0.00014860601388531582
categorical::tsne__metric-correlation__perplexity-15::gender	t-SNE	tsne	tsne__metric-correlation__perplexity-15	metric=correlation, perplexity=15	False	2	correlation	15.0				sensitivity	gender	ok	412	2	2.0	fisher_exact	1.2270531400966183	0.9770611127512789	1.0	0.3537137170147028	0.0	1.2270531400966183	67.79126213592232	0.0	0.0	categorical	0.0	cramers_v		0.3968377181301939	0.399712361828274	0.3949030872638676	0.3981388102486638
categorical::tsne__metric-correlation__perplexity-15::race	t-SNE	tsne	tsne__metric-correlation__perplexity-15	metric=correlation, perplexity=15	False	2	correlation	15.0				sensitivity	race	ok	358	2	4.0	permutation_chi_square_5000	3.6290958691185793	3.6290958691185793	3.0	0.2643471305738852	0.04169709962899252		0.44972067039106145	2.0	0.25	categorical	0.04169709962899252	cramers_v		0.30407345497192695	0.30651293054272577	0.3021672863638897	0.30481721245327476
categorical::tsne__metric-correlation__perplexity-15::ajcc_pathologic_tumor_stage	t-SNE	tsne	tsne__metric-correlation__perplexity-15	metric=correlation, perplexity=15	False	2	correlation	15.0				sensitivity	ajcc_pathologic_tumor_stage	ok	388	2	11.0	permutation_chi_square_5000	19.293925961445417	19.293925961445417	10.0	0.03419316136772645	0.1547536848493858		0.9278350515463918	4.0	0.18181818181818182	categorical	0.1547536848493858	cramers_v		0.05774061682508858	0.05835221217607494	0.05763990059131031	0.058194130404688287
categorical::tsne__metric-correlation__perplexity-15::histological_type	t-SNE	tsne	tsne__metric-correlation__perplexity-15	metric=correlation, perplexity=15	False	2	correlation	15.0				sensitivity	histological_type	ok	410	2	7.0	chi_square	43.990916392222644	43.990916392222644	6.0	7.422813333294557e-08	0.30471628347881136		3.226829268292683	2.0	0.14285714285714285	categorical	0.30471628347881136	cramers_v		7.2771053289843616e-06	6.7173279959855635e-06	6.815066895398052e-06	6.290830980367433e-06
categorical::tsne__metric-correlation__perplexity-15::histological_grade	t-SNE	tsne	tsne__metric-correlation__perplexity-15	metric=correlation, perplexity=15	False	2	correlation	15.0				sensitivity	histological_grade	ok	412	2	4.0	permutation_chi_square_5000	38.16969545278907	38.16969545278907	3.0	0.0001999600079984003	0.2924957809198045		4.150485436893204	2.0	0.25	categorical	0.2924957809198045	cramers_v		0.0014753805995557645	0.0013868785875852353	0.0014890225838327478	0.0013879577025771317
categorical::tsne__metric-correlation__perplexity-15::tumor_status	t-SNE	tsne	tsne__metric-correlation__perplexity-15	metric=correlation, perplexity=15	False	2	correlation	15.0				sensitivity	tumor_status	ok	369	2	2.0	fisher_exact	1.0174441142266442	0.006328036253149989	1.0	1.0	0.0	1.0174441142266442	61.63414634146341	0.0	0.0	categorical	0.0	cramers_v		1.0	1.0	1.0	1.0
categorical::tsne__metric-correlation__perplexity-15::vital_status	t-SNE	tsne	tsne__metric-correlation__perplexity-15	metric=correlation, perplexity=15	False	2	correlation	15.0				sensitivity	vital_status	ok	411	2	2.0	fisher_exact	0.8090091726455363	1.0812046965461182	1.0	0.31110143077907254	0.013860466743543685	0.8090091726455363	73.11678832116789	0.0	0.0	categorical	0.013860466743543685	cramers_v		0.3533870621471018	0.3563525479833013	0.35142090928946784	0.3546856891973967
categorical::tsne__metric-correlation__perplexity-15::OS	t-SNE	tsne	tsne__metric-correlation__perplexity-15	metric=correlation, perplexity=15	False	2	correlation	15.0				sensitivity	OS	ok	412	2	2.0	fisher_exact	0.8023779499189335	1.168816251791943	1.0	0.3103867425101604	0.02012032821957244	0.8023779499189335	73.3252427184466	0.0	0.0	categorical	0.02012032821957244	cramers_v		0.3530649196053075	0.35607341022409905	0.3511307249340605	0.3544416349954735
categorical::tsne__metric-correlation__perplexity-15::DSS	t-SNE	tsne	tsne__metric-correlation__perplexity-15	metric=correlation, perplexity=15	False	2	correlation	15.0				sensitivity	DSS	ok	389	2	2.0	fisher_exact	1.1539051710909929	0.36982291952063645	1.0	0.5573609181876368	0.0	1.1539051710909929	44.42159383033419	0.0	0.0	categorical	0.0	cramers_v		0.6030100290563732	0.6062803656832423	0.6029560285612375	0.6070946616566875
categorical::tsne__metric-correlation__perplexity-15::DFI	t-SNE	tsne	tsne__metric-correlation__perplexity-15	metric=correlation, perplexity=15	False	2	correlation	15.0				sensitivity	DFI	ok	242	2	2.0	fisher_exact	0.9395604395604396	0.03393712749795505	1.0	0.8678155300592767	0.0	0.9395604395604396	19.545454545454547	0.0	0.0	categorical	0.0	cramers_v		0.8951396966228559	0.8974945837548743	0.8970545977836458	0.8995803737656924
categorical::tsne__metric-correlation__perplexity-15::PFI	t-SNE	tsne	tsne__metric-correlation__perplexity-15	metric=correlation, perplexity=15	False	2	correlation	15.0				sensitivity	PFI	ok	412	2	2.0	fisher_exact	1.030149647887324	0.019762228751595386	1.0	0.9160478085148513	0.0	1.030149647887324	61.33495145631068	0.0	0.0	categorical	0.0	cramers_v		0.9319490687652432	0.93310533311855	0.9328895408623888	0.9341267948953629
categorical::tsne__metric-correlation__perplexity-30::center_code	t-SNE	tsne	tsne__metric-correlation__perplexity-30	metric=correlation, perplexity=30	False	4	correlation	30.0				sensitivity	center_code	ok	412	4	2.0	chi_square	11.200218332989541	11.200218332989541	3.0	0.010691051216611154	0.14118862436933985		39.75728155339806	0.0	0.0	categorical	0.14118862436933985	cramers_v		0.02552761208864296	0.025577325062525417	0.025625113384814862	0.02565852291986677
categorical::tsne__metric-correlation__perplexity-30::gender	t-SNE	tsne	tsne__metric-correlation__perplexity-30	metric=correlation, perplexity=30	False	4	correlation	30.0				sensitivity	gender	ok	412	4	2.0	chi_square	2.482338645261328	2.482338645261328	3.0	0.4784913429410501	0.0		29.97087378640777	0.0	0.0	categorical	0.0	cramers_v		0.5239096388619252	0.5273169901799328	0.5235418830753001	0.527682041748074
categorical::tsne__metric-correlation__perplexity-30::race	t-SNE	tsne	tsne__metric-correlation__perplexity-30	metric=correlation, perplexity=30	False	4	correlation	30.0				sensitivity	race	ok	358	4	4.0	permutation_chi_square_5000	7.745961149407482	7.745961149407482	9.0	0.5824835032993402	0.0		0.2122905027932961	8.0	0.5	categorical	0.0	cramers_v		0.6293588248049599	0.6326975984113522	0.6292462634233716	0.6334843630352271
categorical::tsne__metric-correlation__perplexity-30::ajcc_pathologic_tumor_stage	t-SNE	tsne	tsne__metric-correlation__perplexity-30	metric=correlation, perplexity=30	False	4	correlation	30.0				sensitivity	ajcc_pathologic_tumor_stage	ok	388	4	11.0	permutation_chi_square_5000	29.324559518457633	29.324559518457633	30.0	0.4993001399720056	0.0		0.41237113402061853	12.0	0.2727272727272727	categorical	0.0	cramers_v		0.5452357528494302	0.5486495724110991	0.5447556292439948	0.5489200296586646
categorical::tsne__metric-correlation__perplexity-30::histological_type	t-SNE	tsne	tsne__metric-correlation__perplexity-30	metric=correlation, perplexity=30	False	4	correlation	30.0				sensitivity	histological_type	ok	410	4	7.0	permutation_chi_square_5000	84.55487851845379	84.55487851845379	18.0	0.0001999600079984003	0.23339545344935883		1.4341463414634146	10.0	0.35714285714285715	categorical	0.23339545344935883	cramers_v		0.0014753805995557645	0.0013868785875852353	0.0014890225838327478	0.0013879577025771317
categorical::tsne__metric-correlation__perplexity-30::histological_grade	t-SNE	tsne	tsne__metric-correlation__perplexity-30	metric=correlation, perplexity=30	False	4	correlation	30.0				sensitivity	histological_grade	ok	412	4	4.0	permutation_chi_square_5000	61.385300978107935	61.385300978107935	9.0	0.0001999600079984003	0.20658345005717688		1.8349514563106797	8.0	0.5	categorical	0.20658345005717688	cramers_v		0.0014753805995557645	0.0013868785875852353	0.0014890225838327478	0.0013879577025771317
categorical::tsne__metric-correlation__perplexity-30::tumor_status	t-SNE	tsne	tsne__metric-correlation__perplexity-30	metric=correlation, perplexity=30	False	4	correlation	30.0				sensitivity	tumor_status	ok	369	4	2.0	chi_square	12.2226378366362	12.2226378366362	3.0	0.00665813892378346	0.15823889569679422		26.67208672086721	0.0	0.0	categorical	0.15823889569679422	cramers_v		0.018916164275711873	0.018689817010874292	0.018891789203137298	0.018605723346033463
categorical::tsne__metric-correlation__perplexity-30::vital_status	t-SNE	tsne	tsne__metric-correlation__perplexity-30	metric=correlation, perplexity=30	False	4	correlation	30.0				sensitivity	vital_status	ok	411	4	2.0	chi_square	13.613882898221839	13.613882898221839	3.0	0.0034807406715671417	0.16084099800575094		32.496350364963504	0.0	0.0	categorical	0.16084099800575094	cramers_v		0.01255826700446471	0.012412452583513015	0.012773818636803816	0.012573287731987431
categorical::tsne__metric-correlation__perplexity-30::OS	t-SNE	tsne	tsne__metric-correlation__perplexity-30	metric=correlation, perplexity=30	False	4	correlation	30.0				sensitivity	OS	ok	412	4	2.0	chi_square	13.746806872870305	13.746806872870305	3.0	0.003270856069893691	0.1616488277233082		32.41747572815534	0.0	0.0	categorical	0.1616488277233082	cramers_v		0.012245730985451946	0.012118926078797857	0.012419537651527035	0.012250766937948106
categorical::tsne__metric-correlation__perplexity-30::DSS	t-SNE	tsne	tsne__metric-correlation__perplexity-30	metric=correlation, perplexity=30	False	4	correlation	30.0				sensitivity	DSS	ok	389	4	2.0	chi_square	14.269817880383194	14.269817880383194	3.0	0.0025599678015346167	0.1703707353157076		19.74293059125964	0.0	0.0	categorical	0.1703707353157076	cramers_v		0.01053574688169272	0.0104050304191407	0.010671170129223103	0.01047663123402606
categorical::tsne__metric-correlation__perplexity-30::DFI	t-SNE	tsne	tsne__metric-correlation__perplexity-30	metric=correlation, perplexity=30	False	4	correlation	30.0				sensitivity	DFI	ok	242	4	2.0	chi_square	7.135845219332422	7.135845219332422	3.0	0.06769168201808776	0.13080453380929646		7.9958677685950414	0.0	0.0	categorical	0.13080453380929646	cramers_v		0.0950635215422669	0.09632810280049255	0.0941887709414639	0.09541312413461642
categorical::tsne__metric-correlation__perplexity-30::PFI	t-SNE	tsne	tsne__metric-correlation__perplexity-30	metric=correlation, perplexity=30	False	4	correlation	30.0				sensitivity	PFI	ok	412	4	2.0	chi_square	13.044992726300272	13.044992726300272	3.0	0.004540309484098313	0.156277817992749		27.116504854368934	0.0	0.0	categorical	0.156277817992749	cramers_v		0.014933789026010114	0.014795146422320365	0.015075399888759333	0.014882125531211135
categorical::tsne__metric-correlation__perplexity-5::center_code	t-SNE	tsne	tsne__metric-correlation__perplexity-5	metric=correlation, perplexity=5	False	7	correlation	5.0				sensitivity	center_code	ok	412	7	2.0	chi_square	47.37053607044085	47.37053607044085	6.0	1.578252941869119e-08	0.31721178214955503		18.932038834951456	0.0	0.0	categorical	0.31721178214955503	cramers_v		3.231472898477021e-06	2.9828980601326348e-06	3.0263000160340357e-06	2.7935077071083407e-06
categorical::tsne__metric-correlation__perplexity-5::gender	t-SNE	tsne	tsne__metric-correlation__perplexity-5	metric=correlation, perplexity=5	False	7	correlation	5.0				sensitivity	gender	ok	412	7	2.0	chi_square	9.809208722445069	9.809208722445069	6.0	0.13292001779116275	0.09608685049259023		14.271844660194175	0.0	0.0	categorical	0.09608685049259023	cramers_v		0.16494165844085196	0.16637008849357454	0.162858871638693	0.1642362523492901
categorical::tsne__metric-correlation__perplexity-5::race	t-SNE	tsne	tsne__metric-correlation__perplexity-5	metric=correlation, perplexity=5	False	7	correlation	5.0				sensitivity	race	ok	358	7	4.0	permutation_chi_square_5000	13.54388974118235	13.54388974118235	18.0	0.8188362327534493	0.0		0.09776536312849161	14.0	0.5	categorical	0.0	cramers_v		0.8563879580771744	0.8594901518311296	0.8589100733741383	0.8622429816707281
categorical::tsne__metric-correlation__perplexity-5::ajcc_pathologic_tumor_stage	t-SNE	tsne	tsne__metric-correlation__perplexity-5	metric=correlation, perplexity=5	False	7	correlation	5.0				sensitivity	ajcc_pathologic_tumor_stage	ok	388	7	11.0	permutation_chi_square_5000	79.50019512718248	79.50019512718248	60.0	0.04299140171965607	0.09187294308720712		0.18041237113402062	35.0	0.45454545454545453	categorical	0.09187294308720712	cramers_v		0.06693908366615652	0.06757068544711016	0.06648065548180687	0.06704385995047686
categorical::tsne__metric-correlation__perplexity-5::histological_type	t-SNE	tsne	tsne__metric-correlation__perplexity-5	metric=correlation, perplexity=5	False	7	correlation	5.0				sensitivity	histological_type	ok	410	7	7.0	permutation_chi_square_5000	97.17028283536487	97.17028283536487	36.0	0.0001999600079984003	0.15874466462383977		0.6829268292682927	21.0	0.42857142857142855	categorical	0.15874466462383977	cramers_v		0.0014753805995557645	0.0013868785875852353	0.0014890225838327478	0.0013879577025771317
categorical::tsne__metric-correlation__perplexity-5::histological_grade	t-SNE	tsne	tsne__metric-correlation__perplexity-5	metric=correlation, perplexity=5	False	7	correlation	5.0				sensitivity	histological_grade	ok	412	7	4.0	permutation_chi_square_5000	78.94480703744397	78.94480703744397	18.0	0.0001999600079984003	0.22278905258357382		0.8737864077669902	14.0	0.5	categorical	0.22278905258357382	cramers_v		0.0014753805995557645	0.0013868785875852353	0.0014890225838327478	0.0013879577025771317
categorical::tsne__metric-correlation__perplexity-5::tumor_status	t-SNE	tsne	tsne__metric-correlation__perplexity-5	metric=correlation, perplexity=5	False	7	correlation	5.0				sensitivity	tumor_status	ok	369	7	2.0	chi_square	16.76830115778361	16.76830115778361	6.0	0.010173572668935484	0.17093156052875969		12.254742547425474	0.0	0.0	categorical	0.17093156052875969	cramers_v		0.024506341223112238	0.02448865540012136	0.02461058528811987	0.024571950146380278
categorical::tsne__metric-correlation__perplexity-5::vital_status	t-SNE	tsne	tsne__metric-correlation__perplexity-5	metric=correlation, perplexity=5	False	7	correlation	5.0				sensitivity	vital_status	ok	411	7	2.0	chi_square	12.539391668406914	12.539391668406914	6.0	0.05096231279984672	0.12615124814048334		15.474452554744525	0.0	0.0	categorical	0.12615124814048334	cramers_v		0.07632283916926913	0.07721522928878674	0.07576279623041385	0.07660241000871701
categorical::tsne__metric-correlation__perplexity-5::OS	t-SNE	tsne	tsne__metric-correlation__perplexity-5	metric=correlation, perplexity=5	False	7	correlation	5.0				sensitivity	OS	ok	412	7	2.0	chi_square	12.70616895948132	12.70616895948132	6.0	0.047946686935058706	0.12759815679875486		15.436893203883495	0.0	0.0	categorical	0.12759815679875486	cramers_v		0.07326182201457665	0.07412616630450794	0.0726780807889131	0.07347674101736269
categorical::tsne__metric-correlation__perplexity-5::DSS	t-SNE	tsne	tsne__metric-correlation__perplexity-5	metric=correlation, perplexity=5	False	7	correlation	5.0				sensitivity	DSS	ok	389	7	2.0	chi_square	18.6775160371053	18.6775160371053	6.0	0.004744383529139548	0.18064985946208945		8.884318766066839	0.0	0.0	categorical	0.18064985946208945	cramers_v		0.015419246469703529	0.015262782757572332	0.015551034901068517	0.015338007025711413
categorical::tsne__metric-correlation__perplexity-5::DFI	t-SNE	tsne	tsne__metric-correlation__perplexity-5	metric=correlation, perplexity=5	False	7	correlation	5.0				sensitivity	DFI	ok	242	7	2.0	chi_square	14.502234466125888	14.502234466125888	6.0	0.024502365457429627	0.18755341325231958		2.309917355371901	2.0	0.14285714285714285	categorical	0.18755341325231958	cramers_v		0.04619559508077886	0.046542181622655276	0.0461199849558337	0.04638415706914485
categorical::tsne__metric-correlation__perplexity-5::PFI	t-SNE	tsne	tsne__metric-correlation__perplexity-5	metric=correlation, perplexity=5	False	7	correlation	5.0				sensitivity	PFI	ok	412	7	2.0	chi_square	16.998953787425258	16.998953787425258	6.0	0.009287090090688462	0.1634811407848821		12.912621359223301	0.0	0.0	categorical	0.1634811407848821	cramers_v		0.023189410927664175	0.023171749533202893	0.023202599672827524	0.023152323183828982
categorical::tsne__metric-correlation__perplexity-50::center_code	t-SNE	tsne	tsne__metric-correlation__perplexity-50	metric=correlation, perplexity=50	False	3	correlation	50.0				sensitivity	center_code	ok	412	3	2.0	chi_square	17.785775827987877	17.785775827987877	2.0	0.00013736239384592924	0.1959505068744313		54.429611650485434	0.0	0.0	categorical	0.1959505068744313	cramers_v		0.0014753805995557645	0.0013868785875852353	0.0014890225838327478	0.0013879577025771317
categorical::tsne__metric-correlation__perplexity-50::gender	t-SNE	tsne	tsne__metric-correlation__perplexity-50	metric=correlation, perplexity=50	False	3	correlation	50.0				sensitivity	gender	ok	412	3	2.0	chi_square	0.8705246211177486	0.8705246211177486	2.0	0.6470949049876416	0.0		41.03155339805825	0.0	0.0	categorical	0.0	cramers_v		0.6900660510219772	0.6929231560490893	0.6922200726994715	0.6962662503514441
categorical::tsne__metric-correlation__perplexity-50::race	t-SNE	tsne	tsne__metric-correlation__perplexity-50	metric=correlation, perplexity=50	False	3	correlation	50.0				sensitivity	race	ok	358	3	4.0	permutation_chi_square_5000	5.759345257853105	5.759345257853105	6.0	0.4539092181563687	0.0		0.2541899441340782	6.0	0.5	categorical	0.0	cramers_v		0.49899550291284017	0.5024236733912368	0.4980663380914661	0.5021370725854829
categorical::tsne__metric-correlation__perplexity-50::ajcc_pathologic_tumor_stage	t-SNE	tsne	tsne__metric-correlation__perplexity-50	metric=correlation, perplexity=50	False	3	correlation	50.0				sensitivity	ajcc_pathologic_tumor_stage	ok	388	3	11.0	permutation_chi_square_5000	24.267206795289667	24.267206795289667	20.0	0.21975604879024196	0.07389587662150848		0.5618556701030928	8.0	0.24242424242424243	categorical	0.07389587662150848	cramers_v		0.258964322243465	0.26040058445991054	0.25654929896821244	0.258022027435309
categorical::tsne__metric-correlation__perplexity-50::histological_type	t-SNE	tsne	tsne__metric-correlation__perplexity-50	metric=correlation, perplexity=50	False	3	correlation	50.0				sensitivity	histological_type	ok	410	3	7.0	permutation_chi_square_5000	82.93472182047832	82.93472182047832	12.0	0.0001999600079984003	0.29477939532063985		1.9634146341463414	6.0	0.2857142857142857	categorical	0.29477939532063985	cramers_v		0.0014753805995557645	0.0013868785875852353	0.0014890225838327478	0.0013879577025771317
categorical::tsne__metric-correlation__perplexity-50::histological_grade	t-SNE	tsne	tsne__metric-correlation__perplexity-50	metric=correlation, perplexity=50	False	3	correlation	50.0				sensitivity	histological_grade	ok	412	3	4.0	permutation_chi_square_5000	49.84521854742323	49.84521854742323	6.0	0.0001999600079984003	0.23119820508240255		2.512135922330097	6.0	0.5	categorical	0.23119820508240255	cramers_v		0.0014753805995557645	0.0013868785875852353	0.0014890225838327478	0.0013879577025771317
categorical::tsne__metric-correlation__perplexity-50::tumor_status	t-SNE	tsne	tsne__metric-correlation__perplexity-50	metric=correlation, perplexity=50	False	3	correlation	50.0				sensitivity	tumor_status	ok	369	3	2.0	chi_square	2.686369578926884	2.686369578926884	2.0	0.26101307178048544	0.04301604302986587		34.60162601626016	0.0	0.0	categorical	0.04301604302986587	cramers_v		0.3006606269876478	0.303111954325725	0.29880153142631694	0.30146371096343183
categorical::tsne__metric-correlation__perplexity-50::vital_status	t-SNE	tsne	tsne__metric-correlation__perplexity-50	metric=correlation, perplexity=50	False	3	correlation	50.0				sensitivity	vital_status	ok	411	3	2.0	chi_square	7.019862899656378	7.019862899656378	2.0	0.029898963945793885	0.11059721123370382		44.48905109489051	0.0	0.0	categorical	0.11059721123370382	cramers_v		0.0523231869051393	0.0528121886519163	0.05211933033278161	0.052527212093355015
categorical::tsne__metric-correlation__perplexity-50::OS	t-SNE	tsne	tsne__metric-correlation__perplexity-50	metric=correlation, perplexity=50	False	3	correlation	50.0				sensitivity	OS	ok	412	3	2.0	chi_square	7.008776288433731	7.008776288433731	2.0	0.030065163261623246	0.11034054487215698		44.38106796116505	0.0	0.0	categorical	0.11034054487215698	cramers_v		0.052501852262834624	0.05298196602747593	0.05229020458427444	0.05268845442878529
categorical::tsne__metric-correlation__perplexity-50::DSS	t-SNE	tsne	tsne__metric-correlation__perplexity-50	metric=correlation, perplexity=50	False	3	correlation	50.0				sensitivity	DSS	ok	389	3	2.0	chi_square	7.7117662008397065	7.7117662008397065	2.0	0.0211549131460041	0.12127596404459187		26.40616966580977	0.0	0.0	categorical	0.12127596404459187	cramers_v		0.041024746165355876	0.04132587684335685	0.04093617168640944	0.04114746842684314
categorical::tsne__metric-correlation__perplexity-50::DFI	t-SNE	tsne	tsne__metric-correlation__perplexity-50	metric=correlation, perplexity=50	False	3	correlation	50.0				sensitivity	DFI	ok	242	3	2.0	chi_square	3.305589654023964	3.305589654023964	2.0	0.19151391170671087	0.0733692201767795		12.260330578512397	0.0	0.0	categorical	0.0733692201767795	cramers_v		0.22964845342283485	0.23128517132631535	0.22773824849464686	0.22942783331362318
categorical::tsne__metric-correlation__perplexity-50::PFI	t-SNE	tsne	tsne__metric-correlation__perplexity-50	metric=correlation, perplexity=50	False	3	correlation	50.0				sensitivity	PFI	ok	412	3	2.0	chi_square	8.243572906473009	8.243572906473009	2.0	0.016215520282615536	0.12320480900467258		37.12378640776699	0.0	0.0	categorical	0.12320480900467258	cramers_v		0.03425314971978262	0.034363858025276424	0.034382316205615354	0.03439815329276672
categorical::tsne__metric-cosine__perplexity-15::center_code	t-SNE	tsne	tsne__metric-cosine__perplexity-15	metric=cosine, perplexity=15	False	2	cosine	15.0				sensitivity	center_code	ok	412	2	2.0	fisher_exact	0.6837363679468943	3.6802563931897647	1.0	0.060904799265796394	0.08071817476061983	0.6837363679468943	93.7135922330097	0.0	0.0	categorical	0.08071817476061983	cramers_v		0.08762984245256213	0.08883772378472282	0.0869472945559587	0.08812115127994809
categorical::tsne__metric-cosine__perplexity-15::gender	t-SNE	tsne	tsne__metric-cosine__perplexity-15	metric=cosine, perplexity=15	False	2	cosine	15.0				sensitivity	gender	ok	412	2	2.0	fisher_exact	1.0277372262773723	0.01766112307463035	1.0	0.9182733776086571	0.0	1.0277372262773723	70.64563106796116	0.0	0.0	categorical	0.0	cramers_v		0.9319490687652432	0.93310533311855	0.9328895408623888	0.9341267948953629
categorical::tsne__metric-cosine__perplexity-15::race	t-SNE	tsne	tsne__metric-cosine__perplexity-15	metric=cosine, perplexity=15	False	2	cosine	15.0				sensitivity	race	ok	358	2	4.0	permutation_chi_square_5000	5.445161054383314	5.445161054383314	3.0	0.10597880423915217	0.08261782711736974		0.49441340782122906	2.0	0.25	categorical	0.08261782711736974	cramers_v		0.13777244551089782	0.13909718056388723	0.13615702320172482	0.13742306483758193
categorical::tsne__metric-cosine__perplexity-15::ajcc_pathologic_tumor_stage	t-SNE	tsne	tsne__metric-cosine__perplexity-15	metric=cosine, perplexity=15	False	2	cosine	15.0				sensitivity	ajcc_pathologic_tumor_stage	ok	388	2	11.0	permutation_chi_square_5000	20.28424424100535	20.28424424100535	10.0	0.021995600879824034	0.1628117993983336		0.9432989690721649	4.0	0.18181818181818182	categorical	0.1628117993983336	cramers_v		0.04235134222223114	0.04270218174359874	0.04234628775961958	0.04261328831295893
categorical::tsne__metric-cosine__perplexity-15::histological_type	t-SNE	tsne	tsne__metric-cosine__perplexity-15	metric=cosine, perplexity=15	False	2	cosine	15.0				sensitivity	histological_type	ok	410	2	7.0	chi_square	30.633074073317097	30.633074073317097	6.0	2.9782880087067744e-05	0.2453406957806584		3.3634146341463413	2.0	0.14285714285714285	categorical	0.2453406957806584	cramers_v		0.000739156933069954	0.0006822987074491883	0.000713858407086905	0.0006589462219263739
categorical::tsne__metric-cosine__perplexity-15::histological_grade	t-SNE	tsne	tsne__metric-cosine__perplexity-15	metric=cosine, perplexity=15	False	2	cosine	15.0				sensitivity	histological_grade	ok	412	2	4.0	permutation_chi_square_5000	15.928188454668213	15.928188454668213	3.0	0.0005998800239952009	0.1773072832413748		4.325242718446602	2.0	0.25	categorical	0.1773072832413748	cramers_v		0.003593424867337637	0.0034426517959808135	0.0036302528687276745	0.0034320752927673548
categorical::tsne__metric-cosine__perplexity-15::tumor_status	t-SNE	tsne	tsne__metric-cosine__perplexity-15	metric=cosine, perplexity=15	False	2	cosine	15.0				sensitivity	tumor_status	ok	369	2	2.0	fisher_exact	1.6412466843501325	5.171648755695845	1.0	0.029863463076278206	0.10643637297274618	1.6412466843501325	64.51761517615176	0.0	0.0	categorical	0.10643637297274618	cramers_v		0.0523231869051393	0.0528121886519163	0.05211933033278161	0.052527212093355015
categorical::tsne__metric-cosine__perplexity-15::vital_status	t-SNE	tsne	tsne__metric-cosine__perplexity-15	metric=cosine, perplexity=15	False	2	cosine	15.0				sensitivity	vital_status	ok	411	2	2.0	fisher_exact	1.6680209698558321	6.318713005432384	1.0	0.014901021799426147	0.11387097541166301	1.6680209698558321	76.5985401459854	0.0	0.0	categorical	0.11387097541166301	cramers_v		0.03211562329928951	0.032278431175834295	0.03219460202861931	0.0322627627950878
categorical::tsne__metric-cosine__perplexity-15::OS	t-SNE	tsne	tsne__metric-cosine__perplexity-15	metric=cosine, perplexity=15	False	2	cosine	15.0				sensitivity	OS	ok	412	2	2.0	fisher_exact	1.6796854521625164	6.500782438965965	1.0	0.011526371536151072	0.11566355583469115	1.6796854521625164	76.4126213592233	0.0	0.0	categorical	0.11566355583469115	cramers_v		0.02681846104576059	0.026894866917685837	0.026953435878743517	0.02693290774783815
categorical::tsne__metric-cosine__perplexity-15::DSS	t-SNE	tsne	tsne__metric-cosine__perplexity-15	metric=cosine, perplexity=15	False	2	cosine	15.0				sensitivity	DSS	ok	389	2	2.0	fisher_exact	1.5047619047619047	2.9968030838615305	1.0	0.09944203286453182	0.0716923375673628	1.5047619047619047	46.6426735218509	0.0	0.0	categorical	0.0716923375673628	cramers_v		0.13072716679944069	0.13212333364777865	0.12927464272389136	0.13062144576639803
categorical::tsne__metric-cosine__perplexity-15::DFI	t-SNE	tsne	tsne__metric-cosine__perplexity-15	metric=cosine, perplexity=15	False	2	cosine	15.0				sensitivity	DFI	ok	242	2	2.0	fisher_exact	2.263235294117647	5.732958236107706	1.0	0.0186935108862192	0.14007837577051205	2.263235294117647	19.90082644628099	0.0	0.0	categorical	0.14007837577051205	cramers_v		0.03752447405836648	0.0376861179466179	0.0375338294495553	0.03759944803250907
categorical::tsne__metric-cosine__perplexity-15::PFI	t-SNE	tsne	tsne__metric-cosine__perplexity-15	metric=cosine, perplexity=15	False	2	cosine	15.0				sensitivity	PFI	ok	412	2	2.0	fisher_exact	1.5677966101694916	4.52163386218149	1.0	0.03546188750733895	0.0925342260043274	1.5677966101694916	63.91747572815534	0.0	0.0	categorical	0.0925342260043274	cramers_v		0.0585550118316746	0.05905107258931332	0.058367527292122266	0.05879863315034187
categorical::tsne__metric-cosine__perplexity-30::center_code	t-SNE	tsne	tsne__metric-cosine__perplexity-30	metric=cosine, perplexity=30	False	3	cosine	30.0				sensitivity	center_code	ok	412	3	2.0	chi_square	6.155603820822492	6.155603820822492	2.0	0.04606039032230872	0.10049466719074981		49.69660194174757	0.0	0.0	categorical	0.10049466719074981	cramers_v		0.07077572171476706	0.07150237183504186	0.07023522739008109	0.07089294858303169
categorical::tsne__metric-cosine__perplexity-30::gender	t-SNE	tsne	tsne__metric-cosine__perplexity-30	metric=cosine, perplexity=30	False	3	cosine	30.0				sensitivity	gender	ok	412	3	2.0	chi_square	0.6809767047010304	0.6809767047010304	2.0	0.711422812912994	0.0		37.463592233009706	0.0	0.0	categorical	0.0	cramers_v		0.7527846043614239	0.756449573223943	0.7557635699505074	0.7597094291740569
categorical::tsne__metric-cosine__perplexity-30::race	t-SNE	tsne	tsne__metric-cosine__perplexity-30	metric=cosine, perplexity=30	False	3	cosine	30.0				sensitivity	race	ok	358	3	4.0	permutation_chi_square_5000	6.565131252499085	6.565131252499085	6.0	0.3395320935812837	0.027751231340405413		0.2569832402234637	6.0	0.5	categorical	0.027751231340405413	cramers_v		0.3830258741640102	0.3859943800713541	0.38129006702319856	0.38462195560887824
categorical::tsne__metric-cosine__perplexity-30::ajcc_pathologic_tumor_stage	t-SNE	tsne	tsne__metric-cosine__perplexity-30	metric=cosine, perplexity=30	False	3	cosine	30.0				sensitivity	ajcc_pathologic_tumor_stage	ok	388	3	11.0	permutation_chi_square_5000	25.22393419152744	25.22393419152744	20.0	0.1847630473905219	0.08185292521376417		0.5103092783505154	7.0	0.21212121212121213	categorical	0.08185292521376417	cramers_v		0.22220401734631048	0.22384753818467076	0.22039386834919178	0.22209208412986334
categorical::tsne__metric-cosine__perplexity-30::histological_type	t-SNE	tsne	tsne__metric-cosine__perplexity-30	metric=cosine, perplexity=30	False	3	cosine	30.0				sensitivity	histological_type	ok	410	3	7.0	permutation_chi_square_5000	49.71644684216084	49.71644684216084	12.0	0.0001999600079984003	0.21490866357650976		1.7926829268292683	6.0	0.2857142857142857	categorical	0.21490866357650976	cramers_v		0.0014753805995557645	0.0013868785875852353	0.0014890225838327478	0.0013879577025771317
categorical::tsne__metric-cosine__perplexity-30::histological_grade	t-SNE	tsne	tsne__metric-cosine__perplexity-30	metric=cosine, perplexity=30	False	3	cosine	30.0				sensitivity	histological_grade	ok	412	3	4.0	permutation_chi_square_5000	31.6064804309313	31.6064804309313	6.0	0.0001999600079984003	0.1766634724125101		2.2936893203883497	6.0	0.5	categorical	0.1766634724125101	cramers_v		0.0014753805995557645	0.0013868785875852353	0.0014890225838327478	0.0013879577025771317
categorical::tsne__metric-cosine__perplexity-30::tumor_status	t-SNE	tsne	tsne__metric-cosine__perplexity-30	metric=cosine, perplexity=30	False	3	cosine	30.0				sensitivity	tumor_status	ok	369	3	2.0	chi_square	13.277461523076031	13.277461523076031	2.0	0.001308687226319084	0.17501638103577674		34.24119241192412	0.0	0.0	categorical	0.17501638103577674	cramers_v		0.0066161409775020346	0.0065089969940607065	0.006603704622281166	0.006434378862735495
categorical::tsne__metric-cosine__perplexity-30::vital_status	t-SNE	tsne	tsne__metric-cosine__perplexity-30	metric=cosine, perplexity=30	False	3	cosine	30.0				sensitivity	vital_status	ok	411	3	2.0	chi_square	8.797901801810584	8.797901801810584	2.0	0.012290226807884311	0.12871848810563072		40.62043795620438	0.0	0.0	categorical	0.12871848810563072	cramers_v		0.02788281372758241	0.027986179116748614	0.028055368933474007	0.028069292193490622
categorical::tsne__metric-cosine__perplexity-30::OS	t-SNE	tsne	tsne__metric-cosine__perplexity-30	metric=cosine, perplexity=30	False	3	cosine	30.0				sensitivity	OS	ok	412	3	2.0	chi_square	9.064771998447915	9.064771998447915	2.0	0.010754984050760745	0.13106291660473487		40.521844660194176	0.0	0.0	categorical	0.13106291660473487	cramers_v		0.025605616097596075	0.025649110228312687	0.025698046002908072	0.025724759148441242
categorical::tsne__metric-cosine__perplexity-30::DSS	t-SNE	tsne	tsne__metric-cosine__perplexity-30	metric=cosine, perplexity=30	False	3	cosine	30.0				sensitivity	DSS	ok	389	3	2.0	chi_square	10.294271352528604	10.294271352528604	2.0	0.005816039912359112	0.14616376014743013		24.925449871465297	0.0	0.0	categorical	0.14616376014743013	cramers_v		0.017907280782789897	0.017658338047162606	0.01798751053540096	0.017672773639271465
categorical::tsne__metric-cosine__perplexity-30::DFI	t-SNE	tsne	tsne__metric-cosine__perplexity-30	metric=cosine, perplexity=30	False	3	cosine	30.0				sensitivity	DFI	ok	242	3	2.0	chi_square	3.054563286106777	3.054563286106777	2.0	0.21712508931818245	0.06588946311081324		9.772727272727273	0.0	0.0	categorical	0.06588946311081324	cramers_v		0.2567716260409926	0.25826231762903895	0.25441951954290715	0.25595000942112506
categorical::tsne__metric-cosine__perplexity-30::PFI	t-SNE	tsne	tsne__metric-cosine__perplexity-30	metric=cosine, perplexity=30	False	3	cosine	30.0				sensitivity	PFI	ok	412	3	2.0	chi_square	14.698881016731642	14.698881016731642	2.0	0.0006429519859997526	0.17574374444031385		33.89563106796116	0.0	0.0	categorical	0.17574374444031385	cramers_v		0.003761269118098553	0.003600531121598614	0.00379341671739854	0.0035843307565970456
categorical::tsne__metric-cosine__perplexity-5::center_code	t-SNE	tsne	tsne__metric-cosine__perplexity-5	metric=cosine, perplexity=5	False	3	cosine	5.0				sensitivity	center_code	ok	412	3	2.0	chi_square	8.65974408881695	8.65974408881695	2.0	0.013169232459206086	0.1272478404865862		35.02427184466019	0.0	0.0	categorical	0.1272478404865862	cramers_v		0.029388559629672434	0.02963077303321369	0.029534506714067453	0.029693683379356395
categorical::tsne__metric-cosine__perplexity-5::gender	t-SNE	tsne	tsne__metric-cosine__perplexity-5	metric=cosine, perplexity=5	False	3	cosine	5.0				sensitivity	gender	ok	412	3	2.0	chi_square	2.1269269548762844	2.1269269548762844	2.0	0.3452579440365412	0.01723329950225057		26.402912621359224	0.0	0.0	categorical	0.01723329950225057	cramers_v		0.38841518704110883	0.3913268451148803	0.3865880920817914	0.3898606449407834
categorical::tsne__metric-cosine__perplexity-5::race	t-SNE	tsne	tsne__metric-cosine__perplexity-5	metric=cosine, perplexity=5	False	3	cosine	5.0				sensitivity	race	ok	358	3	4.0	permutation_chi_square_5000	2.981117439870621	2.981117439870621	6.0	0.8550289942011597	0.0		0.18435754189944134	5.0	0.4166666666666667	categorical	0.0	cramers_v		0.8852955072702273	0.8879147247473581	0.8874252213156827	0.8901761497920679
categorical::tsne__metric-cosine__perplexity-5::ajcc_pathologic_tumor_stage	t-SNE	tsne	tsne__metric-cosine__perplexity-5	metric=cosine, perplexity=5	False	3	cosine	5.0				sensitivity	ajcc_pathologic_tumor_stage	ok	388	3	11.0	permutation_chi_square_5000	25.56631795520263	25.56631795520263	20.0	0.17876424715056988	0.08451869372222086		0.3556701030927835	7.0	0.21212121212121213	categorical	0.08451869372222086	cramers_v		0.21562285481048118	0.21727615891612675	0.2135703700381419	0.21524674656905352
categorical::tsne__metric-cosine__perplexity-5::histological_type	t-SNE	tsne	tsne__metric-cosine__perplexity-5	metric=cosine, perplexity=5	False	3	cosine	5.0				sensitivity	histological_type	ok	410	3	7.0	permutation_chi_square_5000	46.38909193321202	46.38909193321202	12.0	0.0003999200159968006	0.20520244635087886		1.2634146341463415	6.0	0.2857142857142857	categorical	0.20520244635087886	cramers_v		0.0026628820577347945	0.0024986738189552173	0.0026906899321890005	0.002505693551555176
categorical::tsne__metric-cosine__perplexity-5::histological_grade	t-SNE	tsne	tsne__metric-cosine__perplexity-5	metric=cosine, perplexity=5	False	3	cosine	5.0				sensitivity	histological_grade	ok	412	3	4.0	permutation_chi_square_5000	26.953767046322426	26.953767046322426	6.0	0.0003999200159968006	0.15979948193733665		1.616504854368932	5.0	0.4166666666666667	categorical	0.15979948193733665	cramers_v		0.0026628820577347945	0.0024986738189552173	0.0026906899321890005	0.002505693551555176
categorical::tsne__metric-cosine__perplexity-5::tumor_status	t-SNE	tsne	tsne__metric-cosine__perplexity-5	metric=cosine, perplexity=5	False	3	cosine	5.0				sensitivity	tumor_status	ok	369	3	2.0	chi_square	7.5753311548615105	7.5753311548615105	2.0	0.022648411149675838	0.12302723167391393		23.067750677506776	0.0	0.0	categorical	0.12302723167391393	cramers_v		0.043237875831199334	0.04356793595204817	0.04321226704428201	0.04345548805954064
categorical::tsne__metric-cosine__perplexity-5::vital_status	t-SNE	tsne	tsne__metric-cosine__perplexity-5	metric=cosine, perplexity=5	False	3	cosine	5.0				sensitivity	vital_status	ok	411	3	2.0	chi_square	9.883889730718272	9.883889730718272	2.0	0.007140697164152617	0.13862617351498077		28.62773722627737	0.0	0.0	categorical	0.13862617351498077	cramers_v		0.01942933879548503	0.01934898586415548	0.01942168342164914	0.019296235084809363
categorical::tsne__metric-cosine__perplexity-5::OS	t-SNE	tsne	tsne__metric-cosine__perplexity-5	metric=cosine, perplexity=5	False	3	cosine	5.0				sensitivity	OS	ok	412	3	2.0	chi_square	10.13952771348214	10.13952771348214	2.0	0.006283903867146227	0.14068575264876423		28.558252427184467	0.0	0.0	categorical	0.14068575264876423	cramers_v		0.01822969997522748	0.0180339092933455	0.018227524333745772	0.01797412964884662
categorical::tsne__metric-cosine__perplexity-5::DSS	t-SNE	tsne	tsne__metric-cosine__perplexity-5	metric=cosine, perplexity=5	False	3	cosine	5.0				sensitivity	DSS	ok	389	3	2.0	chi_square	9.203031399942887	9.203031399942887	2.0	0.010036611717925482	0.13620334795310762		17.275064267352185	0.0	0.0	categorical	0.13620334795310762	cramers_v		0.024319482239588665	0.024241784213264103	0.024438352976663	0.024335346220175483
categorical::tsne__metric-cosine__perplexity-5::DFI	t-SNE	tsne	tsne__metric-cosine__perplexity-5	metric=cosine, perplexity=5	False	3	cosine	5.0				sensitivity	DFI	ok	242	3	2.0	chi_square	6.41986392906692	6.41986392906692	2.0	0.040359359046447045	0.1352980593252614		6.929752066115703	0.0	0.0	categorical	0.1352980593252614	cramers_v		0.06365158257073557	0.06418646981922915	0.06325981708034233	0.06372583937509214
categorical::tsne__metric-cosine__perplexity-5::PFI	t-SNE	tsne	tsne__metric-cosine__perplexity-5	metric=cosine, perplexity=5	False	3	cosine	5.0				sensitivity	PFI	ok	412	3	2.0	chi_square	7.498377275275978	7.498377275275978	2.0	0.023536835012900516	0.11561265575960093		23.888349514563107	0.0	0.0	categorical	0.11561265575960093	cramers_v		0.044621916378623894	0.04493395775190099	0.04457469741949308	0.044795911798746146
categorical::tsne__metric-cosine__perplexity-50::center_code	t-SNE	tsne	tsne__metric-cosine__perplexity-50	metric=cosine, perplexity=50	False	3	cosine	50.0				sensitivity	center_code	ok	412	3	2.0	chi_square	6.274970757828491	6.274970757828491	2.0	0.043391774698471226	0.10192943812648717		45.43689320388349	0.0	0.0	categorical	0.10192943812648717	cramers_v		0.06734684051911352	0.06795820696434197	0.06687029947891325	0.06741175939372226
categorical::tsne__metric-cosine__perplexity-50::gender	t-SNE	tsne	tsne__metric-cosine__perplexity-50	metric=cosine, perplexity=50	False	3	cosine	50.0				sensitivity	gender	ok	412	3	2.0	chi_square	1.6475818765517762	1.6475818765517762	2.0	0.4387651660622216	0.0		34.25242718446602	0.0	0.0	categorical	0.0	cramers_v		0.4836455868169038	0.4870873209148892	0.48283053424637584	0.48690554478378195
categorical::tsne__metric-cosine__perplexity-50::race	t-SNE	tsne	tsne__metric-cosine__perplexity-50	metric=cosine, perplexity=50	False	3	cosine	50.0				sensitivity	race	ok	358	3	4.0	permutation_chi_square_5000	4.704926746792921	4.704926746792921	6.0	0.618876224755049	0.0		0.23743016759776536	6.0	0.5	categorical	0.0	cramers_v		0.6625616053259936	0.6655340340182319	0.6638854047372343	0.667933486473437
categorical::tsne__metric-cosine__perplexity-50::ajcc_pathologic_tumor_stage	t-SNE	tsne	tsne__metric-cosine__perplexity-50	metric=cosine, perplexity=50	False	3	cosine	50.0				sensitivity	ajcc_pathologic_tumor_stage	ok	388	3	11.0	permutation_chi_square_5000	21.617431443193862	21.617431443193862	20.0	0.3587282543491302	0.04503557632224493		0.4639175257731959	7.0	0.21212121212121213	categorical	0.04503557632224493	cramers_v		0.40191305104232233	0.40477397057901854	0.39991943471770763	0.40314222869711774
categorical::tsne__metric-cosine__perplexity-50::histological_type	t-SNE	tsne	tsne__metric-cosine__perplexity-50	metric=cosine, perplexity=50	False	3	cosine	50.0				sensitivity	histological_type	ok	410	3	7.0	permutation_chi_square_5000	52.40001902482986	52.40001902482986	12.0	0.0001999600079984003	0.2224285604340867		1.6390243902439023	7.0	0.3333333333333333	categorical	0.2224285604340867	cramers_v		0.0014753805995557645	0.0013868785875852353	0.0014890225838327478	0.0013879577025771317
categorical::tsne__metric-cosine__perplexity-50::histological_grade	t-SNE	tsne	tsne__metric-cosine__perplexity-50	metric=cosine, perplexity=50	False	3	cosine	50.0				sensitivity	histological_grade	ok	412	3	4.0	permutation_chi_square_5000	35.66696608324533	35.66696608324533	6.0	0.0001999600079984003	0.19016270146478229		2.0970873786407767	6.0	0.5	categorical	0.19016270146478229	cramers_v		0.0014753805995557645	0.0013868785875852353	0.0014890225838327478	0.0013879577025771317
categorical::tsne__metric-cosine__perplexity-50::tumor_status	t-SNE	tsne	tsne__metric-cosine__perplexity-50	metric=cosine, perplexity=50	False	3	cosine	50.0				sensitivity	tumor_status	ok	369	3	2.0	chi_square	10.15028386315901	10.15028386315901	2.0	0.006250199276016314	0.14877131948348343		30.99728997289973	0.0	0.0	categorical	0.14877131948348343	cramers_v		0.01822969997522748	0.0180339092933455	0.018227524333745772	0.01797412964884662
categorical::tsne__metric-cosine__perplexity-50::vital_status	t-SNE	tsne	tsne__metric-cosine__perplexity-50	metric=cosine, perplexity=50	False	3	cosine	50.0				sensitivity	vital_status	ok	411	3	2.0	chi_square	7.5986931377616935	7.5986931377616935	2.0	0.022385394391545434	0.1168055332581966		37.13868613138686	0.0	0.0	categorical	0.1168055332581966	cramers_v		0.042835602819335766	0.043171832040837625	0.042816951367369946	0.04306755225329937
categorical::tsne__metric-cosine__perplexity-50::OS	t-SNE	tsne	tsne__metric-cosine__perplexity-50	metric=cosine, perplexity=50	False	3	cosine	50.0				sensitivity	OS	ok	412	3	2.0	chi_square	7.838377778227816	7.838377778227816	2.0	0.01985719460081116	0.11913665641223568		37.04854368932039	0.0	0.0	categorical	0.11913665641223568	cramers_v		0.038906799947522344	0.038992309397956455	0.038853235354138156	0.03883672314191796
categorical::tsne__metric-cosine__perplexity-50::DSS	t-SNE	tsne	tsne__metric-cosine__perplexity-50	metric=cosine, perplexity=50	False	3	cosine	50.0				sensitivity	DSS	ok	389	3	2.0	chi_square	5.9770693499559915	5.9770693499559915	2.0	0.05036117817731941	0.10117787102071475		22.704370179948587	0.0	0.0	categorical	0.10117787102071475	cramers_v		0.07568037601325614	0.07660573581902107	0.07514985148249803	0.07602497686469539
categorical::tsne__metric-cosine__perplexity-50::DFI	t-SNE	tsne	tsne__metric-cosine__perplexity-50	metric=cosine, perplexity=50	False	3	cosine	50.0				sensitivity	DFI	ok	242	3	2.0	chi_square	4.527036239398049	4.527036239398049	2.0	0.10398401228374708	0.10223195598894665		8.884297520661157	0.0	0.0	categorical	0.10223195598894665	cramers_v		0.13539412728201727	0.1367163709330657	0.13381835137858056	0.1350838177924641
categorical::tsne__metric-cosine__perplexity-50::PFI	t-SNE	tsne	tsne__metric-cosine__perplexity-50	metric=cosine, perplexity=50	False	3	cosine	50.0				sensitivity	PFI	ok	412	3	2.0	chi_square	9.319270395322349	9.319270395322349	2.0	0.00946991641931342	0.13340430759659633		30.990291262135923	0.0	0.0	categorical	0.13340430759659633	cramers_v		0.023502610749750578	0.023472973157380148	0.02350623266541551	0.02344300987718147
categorical::tsne__metric-euclidean__perplexity-15::center_code	t-SNE	tsne	tsne__metric-euclidean__perplexity-15	metric=euclidean, perplexity=15	False	2	euclidean	15.0				sensitivity	center_code	ok	412	2	2.0	fisher_exact	0.6377675840978593	5.150608531253693	1.0	0.02982024830405865	0.10046364533861074	0.6377675840978593	97.5	0.0	0.0	categorical	0.10046364533861074	cramers_v		0.0523231869051393	0.0528121886519163	0.05211933033278161	0.052527212093355015
categorical::tsne__metric-euclidean__perplexity-15::gender	t-SNE	tsne	tsne__metric-euclidean__perplexity-15	metric=euclidean, perplexity=15	False	2	euclidean	15.0				sensitivity	gender	ok	412	2	2.0	fisher_exact	1.2099184782608696	0.8566807855217557	1.0	0.4107058188672163	0.0	1.2099184782608696	73.5	0.0	0.0	categorical	0.0	cramers_v		0.45332623403268213	0.45660823391708166	0.4526025331482111	0.45648307654315406
categorical::tsne__metric-euclidean__perplexity-15::race	t-SNE	tsne	tsne__metric-euclidean__perplexity-15	metric=euclidean, perplexity=15	False	2	euclidean	15.0				sensitivity	race	ok	358	2	4.0	permutation_chi_square_5000	3.9621701500787156	3.9621701500787156	3.0	0.22515496900619877	0.05168787688728594		0.4776536312849162	2.0	0.25	categorical	0.05168787688728594	cramers_v		0.26418613125512436	0.26596430713857233	0.2616573654965977	0.26348713728328715
categorical::tsne__metric-euclidean__perplexity-15::ajcc_pathologic_tumor_stage	t-SNE	tsne	tsne__metric-euclidean__perplexity-15	metric=euclidean, perplexity=15	False	2	euclidean	15.0				sensitivity	ajcc_pathologic_tumor_stage	ok	388	2	11.0	permutation_chi_square_5000	18.592655598400718	18.592655598400718	10.0	0.038992201559688064	0.14878381213604175		0.9896907216494846	4.0	0.18181818181818182	categorical	0.14878381213604175	cramers_v		0.06228997178776372	0.06285845914436652	0.06193598213817621	0.06243917853584159
categorical::tsne__metric-euclidean__perplexity-15::histological_type	t-SNE	tsne	tsne__metric-euclidean__perplexity-15	metric=euclidean, perplexity=15	False	2	euclidean	15.0				sensitivity	histological_type	ok	410	2	7.0	chi_square	22.585651530290185	22.585651530290185	6.0	0.0009478203634005213	0.20128608905097467		3.5	2.0	0.14285714285714285	categorical	0.20128608905097467	cramers_v		0.00509622652564316	0.004998222169380792	0.005106408796423666	0.004956220302411205
categorical::tsne__metric-euclidean__perplexity-15::histological_grade	t-SNE	tsne	tsne__metric-euclidean__perplexity-15	metric=euclidean, perplexity=15	False	2	euclidean	15.0				sensitivity	histological_grade	ok	412	2	4.0	permutation_chi_square_5000	12.736736736736738	12.736736736736738	3.0	0.0033993201359728054	0.15385947284249235		4.5	2.0	0.25	categorical	0.15385947284249235	cramers_v		0.012373525294941012	0.012237552489502099	0.012595548523145613	0.012405766269426527
categorical::tsne__metric-euclidean__perplexity-15::tumor_status	t-SNE	tsne	tsne__metric-euclidean__perplexity-15	metric=euclidean, perplexity=15	False	2	euclidean	15.0				sensitivity	tumor_status	ok	369	2	2.0	fisher_exact	1.9718830928597855	9.536882567746936	1.0	0.00237069216898741	0.15228538172285208	1.9718830928597855	65.23848238482385	0.0	0.0	categorical	0.15228538172285208	cramers_v		0.010199820050838127	0.010046406341435749	0.01024984592053637	0.010024574581623483
categorical::tsne__metric-euclidean__perplexity-15::vital_status	t-SNE	tsne	tsne__metric-euclidean__perplexity-15	metric=euclidean, perplexity=15	False	2	euclidean	15.0				sensitivity	vital_status	ok	411	2	2.0	fisher_exact	2.052530334418467	12.289343765019304	1.0	0.0005601713340592368	0.16591925662670265	2.052530334418467	79.30656934306569	0.0	0.0	categorical	0.16591925662670265	cramers_v		0.003449476109733195	0.0032576117580675615	0.003464930751801892	0.003250830364868358
categorical::tsne__metric-euclidean__perplexity-15::OS	t-SNE	tsne	tsne__metric-euclidean__perplexity-15	metric=euclidean, perplexity=15	False	2	euclidean	15.0				sensitivity	OS	ok	412	2	2.0	fisher_exact	2.0668836934004142	12.546299748924852	1.0	0.0005601713340592367	0.1675930579872934	2.0668836934004142	79.5	0.0	0.0	categorical	0.1675930579872934	cramers_v		0.003449476109733195	0.0032576117580675615	0.003464930751801892	0.003250830364868358
categorical::tsne__metric-euclidean__perplexity-15::DSS	t-SNE	tsne	tsne__metric-euclidean__perplexity-15	metric=euclidean, perplexity=15	False	2	euclidean	15.0				sensitivity	DSS	ok	389	2	2.0	fisher_exact	2.068017057569296	9.172262389230362	1.0	0.0031729177364351177	0.14510695786566913	2.068017057569296	47.876606683804624	0.0	0.0	categorical	0.14510695786566913	cramers_v		0.012200092141504046	0.011993629043724745	0.012353441136272767	0.012077557835462705
categorical::tsne__metric-euclidean__perplexity-15::DFI	t-SNE	tsne	tsne__metric-euclidean__perplexity-15	metric=euclidean, perplexity=15	False	2	euclidean	15.0				sensitivity	DFI	ok	242	2	2.0	fisher_exact	2.1285511363636362	4.889225487804621	1.0	0.02958636172425748	0.12696820593981378	2.1285511363636362	20.43388429752066	0.0	0.0	categorical	0.12696820593981378	cramers_v		0.0523231869051393	0.0528121886519163	0.05211933033278161	0.052527212093355015
categorical::tsne__metric-euclidean__perplexity-15::PFI	t-SNE	tsne	tsne__metric-euclidean__perplexity-15	metric=euclidean, perplexity=15	False	2	euclidean	15.0				sensitivity	PFI	ok	412	2	2.0	fisher_exact	1.9190769230769231	9.337645188239415	1.0	0.00309922525341656	0.1424094149471295	1.9190769230769231	66.5	0.0	0.0	categorical	0.1424094149471295	cramers_v		0.01202969423008608	0.011833405513045047	0.012190285996771801	0.011925279779450676
categorical::tsne__metric-euclidean__perplexity-30::center_code	t-SNE	tsne	tsne__metric-euclidean__perplexity-30	metric=euclidean, perplexity=30	False	3	euclidean	30.0				sensitivity	center_code	ok	412	3	2.0	chi_square	5.331887250596935	5.331887250596935	2.0	0.06953370879940482	0.08997216069006202		56.79611650485437	0.0	0.0	categorical	0.08997216069006202	cramers_v		0.09626064021929479	0.09741247693986756	0.09547069999090009	0.09659388469667538
categorical::tsne__metric-euclidean__perplexity-30::gender	t-SNE	tsne	tsne__metric-euclidean__perplexity-30	metric=euclidean, perplexity=30	False	3	euclidean	30.0				sensitivity	gender	ok	412	3	2.0	chi_square	2.029196111783713	2.029196111783713	2.0	0.36254812463256014	0.0076939758669165486		42.81553398058252	0.0	0.0	categorical	0.0076939758669165486	cramers_v		0.4045325804823798	0.4078666402116302	0.4030063936132951	0.4067893379395445
categorical::tsne__metric-euclidean__perplexity-30::race	t-SNE	tsne	tsne__metric-euclidean__perplexity-30	metric=euclidean, perplexity=30	False	3	euclidean	30.0				sensitivity	race	ok	358	3	4.0	permutation_chi_square_5000	9.440980839541243	9.440980839541243	6.0	0.11217756448710257	0.06934918162826527		0.2988826815642458	6.0	0.5	categorical	0.06934918162826527	cramers_v		0.14400223403595142	0.14521616224700265	0.14220236745613327	0.14336049757557515
categorical::tsne__metric-euclidean__perplexity-30::ajcc_pathologic_tumor_stage	t-SNE	tsne	tsne__metric-euclidean__perplexity-30	metric=euclidean, perplexity=30	False	3	euclidean	30.0				sensitivity	ajcc_pathologic_tumor_stage	ok	388	3	11.0	permutation_chi_square_5000	17.654649916787672	17.654649916787672	20.0	0.6274745050989802	0.0		0.5824742268041238	7.0	0.21212121212121213	categorical	0.0	cramers_v		0.6700151495124704	0.6728662778082681	0.6721689181716729	0.6761825717048371
categorical::tsne__metric-euclidean__perplexity-30::histological_type	t-SNE	tsne	tsne__metric-euclidean__perplexity-30	metric=euclidean, perplexity=30	False	3	euclidean	30.0				sensitivity	histological_type	ok	410	3	7.0	permutation_chi_square_5000	60.782814238095355	60.782814238095355	12.0	0.0001999600079984003	0.24443326486498618		2.048780487804878	6.0	0.2857142857142857	categorical	0.24443326486498618	cramers_v		0.0014753805995557645	0.0013868785875852353	0.0014890225838327478	0.0013879577025771317
categorical::tsne__metric-euclidean__perplexity-30::histological_grade	t-SNE	tsne	tsne__metric-euclidean__perplexity-30	metric=euclidean, perplexity=30	False	3	euclidean	30.0				sensitivity	histological_grade	ok	412	3	4.0	permutation_chi_square_5000	37.12939823791093	37.12939823791093	6.0	0.0001999600079984003	0.19479560581061303		2.621359223300971	6.0	0.5	categorical	0.19479560581061303	cramers_v		0.0014753805995557645	0.0013868785875852353	0.0014890225838327478	0.0013879577025771317
categorical::tsne__metric-euclidean__perplexity-30::tumor_status	t-SNE	tsne	tsne__metric-euclidean__perplexity-30	metric=euclidean, perplexity=30	False	3	euclidean	30.0				sensitivity	tumor_status	ok	369	3	2.0	chi_square	11.41097250065787	11.41097250065787	2.0	0.0033276589164302913	0.15987093275140055		40.36856368563686	0.0	0.0	categorical	0.15987093275140055	cramers_v		0.012245730985451946	0.012118926078797857	0.012475190288470094	0.012295259659309466
categorical::tsne__metric-euclidean__perplexity-30::vital_status	t-SNE	tsne	tsne__metric-euclidean__perplexity-30	metric=euclidean, perplexity=30	False	3	euclidean	30.0				sensitivity	vital_status	ok	411	3	2.0	chi_square	12.094747347875956	12.094747347875956	2.0	0.0023640626598331383	0.15687442020081663		46.42335766423358	0.0	0.0	categorical	0.15687442020081663	cramers_v		0.010199820050838127	0.010046406341435749	0.01024984592053637	0.010024574581623483
categorical::tsne__metric-euclidean__perplexity-30::OS	t-SNE	tsne	tsne__metric-euclidean__perplexity-30	metric=euclidean, perplexity=30	False	3	euclidean	30.0				sensitivity	OS	ok	412	3	2.0	chi_square	12.409587602368568	12.409587602368568	2.0	0.0020197252307865223	0.15910931388866872		46.310679611650485	0.0	0.0	categorical	0.15910931388866872	cramers_v		0.009151771533610227	0.009047632121530001	0.009166445278184986	0.008993493480483382
categorical::tsne__metric-euclidean__perplexity-30::DSS	t-SNE	tsne	tsne__metric-euclidean__perplexity-30	metric=euclidean, perplexity=30	False	3	euclidean	30.0				sensitivity	DSS	ok	389	3	2.0	chi_square	11.938858359362385	11.938858359362385	2.0	0.0025556998481049836	0.16000780994155755		28.627249357326477	0.0	0.0	categorical	0.16000780994155755	cramers_v		0.01053574688169272	0.0104050304191407	0.010671170129223103	0.01047663123402606
categorical::tsne__metric-euclidean__perplexity-30::DFI	t-SNE	tsne	tsne__metric-euclidean__perplexity-30	metric=euclidean, perplexity=30	False	3	euclidean	30.0				sensitivity	DFI	ok	242	3	2.0	chi_square	9.219410645601254	9.219410645601254	2.0	0.00995475131391983	0.17298017597637563		12.438016528925619	0.0	0.0	categorical	0.17298017597637563	cramers_v		0.024192704231751756	0.024121128183728822	0.024316223750880606	0.024219807320464744
categorical::tsne__metric-euclidean__perplexity-30::PFI	t-SNE	tsne	tsne__metric-euclidean__perplexity-30	metric=euclidean, perplexity=30	False	3	euclidean	30.0				sensitivity	PFI	ok	412	3	2.0	chi_square	16.865495408902316	16.865495408902316	2.0	0.0002176227052489126	0.19015115771813382		38.737864077669904	0.0	0.0	categorical	0.19015115771813382	cramers_v		0.0015772831468925611	0.0014821870735871885	0.0016049674512107306	0.0014958919933614576
categorical::tsne__metric-euclidean__perplexity-5::center_code	t-SNE	tsne	tsne__metric-euclidean__perplexity-5	metric=euclidean, perplexity=5	False	5	euclidean	5.0				sensitivity	center_code	ok	412	5	2.0	chi_square	18.57573247636589	18.57573247636589	4.0	0.0009520423179772936	0.18825673794863046		29.817961165048544	0.0	0.0	categorical	0.18825673794863046	cramers_v		0.00509622652564316	0.004998222169380792	0.005106408796423666	0.004956220302411205
categorical::tsne__metric-euclidean__perplexity-5::gender	t-SNE	tsne	tsne__metric-euclidean__perplexity-5	metric=euclidean, perplexity=5	False	5	euclidean	5.0				sensitivity	gender	ok	412	5	2.0	chi_square	1.423380428190974	1.423380428190974	4.0	0.8401213759035735	0.0		22.478155339805824	0.0	0.0	categorical	0.0	cramers_v		0.8709612745126921	0.8736337829203599	0.8731342754987004	0.8760028485121208
categorical::tsne__metric-euclidean__perplexity-5::race	t-SNE	tsne	tsne__metric-euclidean__perplexity-5	metric=euclidean, perplexity=5	False	5	euclidean	5.0				sensitivity	race	ok	358	5	4.0	permutation_chi_square_5000	15.094229339614907	15.094229339614907	12.0	0.1923615276944611	0.05360863521936666		0.15921787709497207	10.0	0.5	categorical	0.05360863521936666	cramers_v		0.23032761868678894	0.2319383013349483	0.22839209247933695	0.23005398920215955
categorical::tsne__metric-euclidean__perplexity-5::ajcc_pathologic_tumor_stage	t-SNE	tsne	tsne__metric-euclidean__perplexity-5	metric=euclidean, perplexity=5	False	5	euclidean	5.0				sensitivity	ajcc_pathologic_tumor_stage	ok	388	5	11.0	permutation_chi_square_5000	55.40702611125641	55.40702611125641	40.0	0.041791641671665665	0.09981779908452236		0.31958762886597936	16.0	0.2909090909090909	categorical	0.09981779908452236	cramers_v		0.0654442725221686	0.06595925073857879	0.06501863927417356	0.06546124403437896
categorical::tsne__metric-euclidean__perplexity-5::histological_type	t-SNE	tsne	tsne__metric-euclidean__perplexity-5	metric=euclidean, perplexity=5	False	5	euclidean	5.0				sensitivity	histological_type	ok	410	5	7.0	permutation_chi_square_5000	91.08643354235835	91.08643354235835	24.0	0.0001999600079984003	0.20316063022255276		1.075609756097561	15.0	0.42857142857142855	categorical	0.20316063022255276	cramers_v		0.0014753805995557645	0.0013868785875852353	0.0014890225838327478	0.0013879577025771317
categorical::tsne__metric-euclidean__perplexity-5::histological_grade	t-SNE	tsne	tsne__metric-euclidean__perplexity-5	metric=euclidean, perplexity=5	False	5	euclidean	5.0				sensitivity	histological_grade	ok	412	5	4.0	permutation_chi_square_5000	72.73847853181243	72.73847853181243	12.0	0.0001999600079984003	0.2224380813209896		1.3762135922330097	10.0	0.5	categorical	0.2224380813209896	cramers_v		0.0014753805995557645	0.0013868785875852353	0.0014890225838327478	0.0013879577025771317
categorical::tsne__metric-euclidean__perplexity-5::tumor_status	t-SNE	tsne	tsne__metric-euclidean__perplexity-5	metric=euclidean, perplexity=5	False	5	euclidean	5.0				sensitivity	tumor_status	ok	369	5	2.0	chi_square	10.599603118642914	10.599603118642914	4.0	0.03145229187315924	0.13380694852640868		20.54471544715447	0.0	0.0	categorical	0.13380694852640868	cramers_v		0.05457505729685893	0.055169217299555415	0.05433312582593049	0.05484783903004123
categorical::tsne__metric-euclidean__perplexity-5::vital_status	t-SNE	tsne	tsne__metric-euclidean__perplexity-5	metric=euclidean, perplexity=5	False	5	euclidean	5.0				sensitivity	vital_status	ok	411	5	2.0	chi_square	7.504131333355571	7.504131333355571	4.0	0.11152725639664952	0.09231964650190903		24.37226277372263	0.0	0.0	categorical	0.09231964650190903	cramers_v		0.14384381573048183	0.14511980350407408	0.1420953582329405	0.14330544016121208
categorical::tsne__metric-euclidean__perplexity-5::OS	t-SNE	tsne	tsne__metric-euclidean__perplexity-5	metric=euclidean, perplexity=5	False	5	euclidean	5.0				sensitivity	OS	ok	412	5	2.0	chi_square	7.715601672266665	7.715601672266665	4.0	0.10256946491199932	0.09495665871078475		24.313106796116504	0.0	0.0	categorical	0.09495665871078475	cramers_v		0.13397829627261154	0.13532725213520327	0.13244238987795198	0.13373698187420907
categorical::tsne__metric-euclidean__perplexity-5::DSS	t-SNE	tsne	tsne__metric-euclidean__perplexity-5	metric=euclidean, perplexity=5	False	5	euclidean	5.0				sensitivity	DSS	ok	389	5	2.0	chi_square	8.262516261323963	8.262516261323963	4.0	0.08242164027034889	0.10468700562302367		15.053984575835475	0.0	0.0	categorical	0.10468700562302367	cramers_v		0.11157574112630701	0.11288181167460826	0.11051992672614964	0.11179027071150768
categorical::tsne__metric-euclidean__perplexity-5::DFI	t-SNE	tsne	tsne__metric-euclidean__perplexity-5	metric=euclidean, perplexity=5	False	5	euclidean	5.0				sensitivity	DFI	ok	242	5	2.0	chi_square	12.343961491539913	12.343961491539913	4.0	0.014968625905107153	0.18588698836258655		6.929752066115703	0.0	0.0	categorical	0.18588698836258655	cramers_v		0.03215325521283178	0.03230123206128005	0.0322498204191494	0.03231032664882885
categorical::tsne__metric-euclidean__perplexity-5::PFI	t-SNE	tsne	tsne__metric-euclidean__perplexity-5	metric=euclidean, perplexity=5	False	5	euclidean	5.0				sensitivity	PFI	ok	412	5	2.0	chi_square	11.441146754621087	11.441146754621087	4.0	0.02202890328042792	0.13446712338187775		20.3373786407767	0.0	0.0	categorical	0.13446712338187775	cramers_v		0.04235134222223114	0.04270218174359874	0.04234628775961958	0.04261328831295893
categorical::tsne__metric-euclidean__perplexity-50::center_code	t-SNE	tsne	tsne__metric-euclidean__perplexity-50	metric=euclidean, perplexity=50	False	2	euclidean	50.0				sensitivity	center_code	ok	412	2	2.0	fisher_exact	0.780835710689713	1.566691039129263	1.0	0.23637674966947236	0.037052645176501225	0.780835710689713	94.66019417475728	0.0	0.0	categorical	0.037052645176501225	cramers_v		0.27580384605142305	0.2779485104841713	0.27307428991580224	0.2752854177693715
categorical::tsne__metric-euclidean__perplexity-50::gender	t-SNE	tsne	tsne__metric-euclidean__perplexity-50	metric=euclidean, perplexity=50	False	2	euclidean	50.0				sensitivity	gender	ok	412	2	2.0	fisher_exact	1.1182865840400087	0.29527449911969084	1.0	0.6079886508175967	0.0	1.1182865840400087	71.35922330097087	0.0	0.0	categorical	0.0	cramers_v		0.6521611158117882	0.655162514766872	0.6535239530552702	0.657591688758374
categorical::tsne__metric-euclidean__perplexity-50::race	t-SNE	tsne	tsne__metric-euclidean__perplexity-50	metric=euclidean, perplexity=50	False	2	euclidean	50.0				sensitivity	race	ok	358	2	4.0	permutation_chi_square_5000	1.8942437334878135	1.8942437334878135	3.0	0.6520695860827834	0.0		0.46368715083798884	2.0	0.25	categorical	0.0	cramers_v		0.6935649233789606	0.6972625276924813	0.696570156720745	0.7005542745775579
categorical::tsne__metric-euclidean__perplexity-50::ajcc_pathologic_tumor_stage	t-SNE	tsne	tsne__metric-euclidean__perplexity-50	metric=euclidean, perplexity=50	False	2	euclidean	50.0				sensitivity	ajcc_pathologic_tumor_stage	ok	388	2	11.0	permutation_chi_square_5000	6.729761096890474	6.729761096890474	10.0	0.7768446310737852	0.0		0.9845360824742269	4.0	0.18181818181818182	categorical	0.0	cramers_v		0.8146424492310245	0.8179589708799188	0.8173385898951896	0.8209044758212536
categorical::tsne__metric-euclidean__perplexity-50::histological_type	t-SNE	tsne	tsne__metric-euclidean__perplexity-50	metric=euclidean, perplexity=50	False	2	euclidean	50.0				sensitivity	histological_type	ok	410	2	7.0	chi_square	22.810397085345308	22.810397085345308	6.0	0.0008625328619278338	0.20264647311255712		3.397560975609756	2.0	0.14285714285714285	categorical	0.20264647311255712	cramers_v		0.004689179616581314	0.004602813361454681	0.0047029045597346535	0.00456791878017855
categorical::tsne__metric-euclidean__perplexity-50::histological_grade	t-SNE	tsne	tsne__metric-euclidean__perplexity-50	metric=euclidean, perplexity=50	False	2	euclidean	50.0				sensitivity	histological_grade	ok	412	2	4.0	permutation_chi_square_5000	3.7898366290819148	3.7898366290819148	3.0	0.29014197160567884	0.04363479246407691		4.368932038834951	2.0	0.25	categorical	0.04363479246407691	cramers_v		0.3318802719902947	0.33488142066243237	0.329687247735638	0.3329343855702117
categorical::tsne__metric-euclidean__perplexity-50::tumor_status	t-SNE	tsne	tsne__metric-euclidean__perplexity-50	metric=euclidean, perplexity=50	False	2	euclidean	50.0				sensitivity	tumor_status	ok	369	2	2.0	fisher_exact	1.9973787680209698	9.821054904537329	1.0	0.0023138884237954562	0.15480003432038836	1.9973787680209698	63.43631436314363	0.0	0.0	categorical	0.15480003432038836	cramers_v		0.010188573220905798	0.010046406341435749	0.010199726557765028	0.009989225634434043
categorical::tsne__metric-euclidean__perplexity-50::vital_status	t-SNE	tsne	tsne__metric-euclidean__perplexity-50	metric=euclidean, perplexity=50	False	2	euclidean	50.0				sensitivity	vital_status	ok	411	2	2.0	fisher_exact	1.9447799827437446	10.495084957922913	1.0	0.0016427777925510328	0.15216087766876002	1.9447799827437446	76.98540145985402	0.0	0.0	categorical	0.15216087766876002	cramers_v		0.007868041006428631	0.00776212506980363	0.007826152589358025	0.0076518860337245476
categorical::tsne__metric-euclidean__perplexity-50::OS	t-SNE	tsne	tsne__metric-euclidean__perplexity-50	metric=euclidean, perplexity=50	False	2	euclidean	50.0				sensitivity	OS	ok	412	2	2.0	fisher_exact	1.9588725913143514	10.740015206157876	1.0	0.0011901534930354332	0.15392385833931072	1.9588725913143514	77.18446601941747	0.0	0.0	categorical	0.15392385833931072	cramers_v		0.006092098192475124	0.005998373604898584	0.006085651527721182	0.005934004739923146
categorical::tsne__metric-euclidean__perplexity-50::DSS	t-SNE	tsne	tsne__metric-euclidean__perplexity-50	metric=euclidean, perplexity=50	False	2	euclidean	50.0				sensitivity	DSS	ok	389	2	2.0	fisher_exact	1.9046938775510205	7.192043472645058	1.0	0.00944088767057481	0.12630256655295866	1.9046938775510205	46.39588688946015	0.0	0.0	categorical	0.12630256655295866	cramers_v		0.023501784201218144	0.023472973157380148	0.02350623266541551	0.02344300987718147
categorical::tsne__metric-euclidean__perplexity-50::DFI	t-SNE	tsne	tsne__metric-euclidean__perplexity-50	metric=euclidean, perplexity=50	False	2	euclidean	50.0				sensitivity	DFI	ok	242	2	2.0	fisher_exact	3.258522727272727	10.99052726321733	1.0	0.001226481873594999	0.2035631746872783	3.258522727272727	21.144628099173552	0.0	0.0	categorical	0.2035631746872783	cramers_v		0.006239059965678907	0.006140531764488869	0.006229878126141486	0.006072371793743072
categorical::tsne__metric-euclidean__perplexity-50::PFI	t-SNE	tsne	tsne__metric-euclidean__perplexity-50	metric=euclidean, perplexity=50	False	2	euclidean	50.0				sensitivity	PFI	ok	412	2	2.0	fisher_exact	2.221884498480243	13.711110521281896	1.0	0.0002239995666189996	0.1758452141335944	2.221884498480243	64.5631067961165	0.0	0.0	categorical	0.1758452141335944	cramers_v		0.001609260044394392	0.0015119970746782473	0.0016362635009216449	0.0015249201265985742
categorical::umap__metric-canberra__nn-15__mindist-0::center_code	UMAP	umap	umap__metric-canberra__nn-15__mindist-0	metric=canberra, n_neighbors=15, min_dist=0	False	2	canberra		15.0	0.0		sensitivity	center_code	ok	412	2	2.0	fisher_exact	1.2682926829268293	1.4314748957829049	1.0	0.23612954709841819	0.03230949577825055	1.2682926829268293	88.03398058252426	0.0	0.0	categorical	0.03230949577825055	cramers_v		0.27580384605142305	0.2779485104841713	0.27307428991580224	0.2752854177693715
categorical::umap__metric-canberra__nn-15__mindist-0::gender	UMAP	umap	umap__metric-canberra__nn-15__mindist-0	metric=canberra, n_neighbors=15, min_dist=0	False	2	canberra		15.0	0.0		sensitivity	gender	ok	412	2	2.0	fisher_exact	0.9038119691882284	0.23868797376664702	1.0	0.679589138285104	0.0	0.9038119691882284	66.36407766990291	0.0	0.0	categorical	0.0	cramers_v		0.7209630884138604	0.7246394760839755	0.7239512070342706	0.7279109075731522
categorical::umap__metric-canberra__nn-15__mindist-0::race	UMAP	umap	umap__metric-canberra__nn-15__mindist-0	metric=canberra, n_neighbors=15, min_dist=0	False	2	canberra		15.0	0.0		sensitivity	race	ok	358	2	4.0	permutation_chi_square_5000	8.39694292199357	8.39694292199357	3.0	0.026794641071785644	0.12285791297823408		0.4692737430167598	2.0	0.25	categorical	0.12285791297823408	cramers_v		0.04898395320935813	0.04928649306635024	0.048932118338237116	0.04914664735446694
categorical::umap__metric-canberra__nn-15__mindist-0::ajcc_pathologic_tumor_stage	UMAP	umap	umap__metric-canberra__nn-15__mindist-0	metric=canberra, n_neighbors=15, min_dist=0	False	2	canberra		15.0	0.0		sensitivity	ajcc_pathologic_tumor_stage	ok	388	2	11.0	permutation_chi_square_5000	18.405189991508855	18.405189991508855	10.0	0.038592281543691265	0.14714690709083292		0.8865979381443299	4.0	0.18181818181818182	categorical	0.14714690709083292	cramers_v		0.06228997178776372	0.06284270259655374	0.06193598213817621	0.06243917853584159
categorical::umap__metric-canberra__nn-15__mindist-0::histological_type	UMAP	umap	umap__metric-canberra__nn-15__mindist-0	metric=canberra, n_neighbors=15, min_dist=0	False	2	canberra		15.0	0.0		sensitivity	histological_type	ok	410	2	7.0	chi_square	39.362255163611024	39.362255163611024	6.0	6.077535962111133e-07	0.2855432115199509		3.158536585365854	2.0	0.14285714285714285	categorical	0.2855432115199509	cramers_v		2.6197378699836935e-05	2.41821957229264e-05	2.5897056016329104e-05	2.390497478430379e-05
categorical::umap__metric-canberra__nn-15__mindist-0::histological_grade	UMAP	umap	umap__metric-canberra__nn-15__mindist-0	metric=canberra, n_neighbors=15, min_dist=0	False	2	canberra		15.0	0.0		sensitivity	histological_grade	ok	412	2	4.0	permutation_chi_square_5000	18.783154815085126	18.783154815085126	3.0	0.0001999600079984003	0.19591912613150975		4.063106796116505	2.0	0.25	categorical	0.19591912613150975	cramers_v		0.0014753805995557645	0.0013868785875852353	0.0014890225838327478	0.0013879577025771317
categorical::umap__metric-canberra__nn-15__mindist-0::tumor_status	UMAP	umap	umap__metric-canberra__nn-15__mindist-0	metric=canberra, n_neighbors=15, min_dist=0	False	2	canberra		15.0	0.0		sensitivity	tumor_status	ok	369	2	2.0	fisher_exact	0.5537744097930632	7.344297721984662	1.0	0.008866846689037793	0.1312733122011291	0.5537744097930632	60.552845528455286	0.0	0.0	categorical	0.1312733122011291	cramers_v		0.022388962415752382	0.02238896241575238	0.022415849745303463	0.022385168319427055
categorical::umap__metric-canberra__nn-15__mindist-0::vital_status	UMAP	umap	umap__metric-canberra__nn-15__mindist-0	metric=canberra, n_neighbors=15, min_dist=0	False	2	canberra		15.0	0.0		sensitivity	vital_status	ok	411	2	2.0	fisher_exact	0.5584455324357405	8.165848895587182	1.0	0.004502398046140409	0.13218107024198184	0.5584455324357405	71.95620437956204	0.0	0.0	categorical	0.13218107024198184	cramers_v		0.014868806450762075	0.0147351208782777	0.015014518701694318	0.014826501472871671
categorical::umap__metric-canberra__nn-15__mindist-0::OS	UMAP	umap	umap__metric-canberra__nn-15__mindist-0	metric=canberra, n_neighbors=15, min_dist=0	False	2	canberra		15.0	0.0		sensitivity	OS	ok	412	2	2.0	fisher_exact	0.5547955616355069	8.360974942318906	1.0	0.004413911650024662	0.1338062060048415	0.5547955616355069	71.78155339805825	0.0	0.0	categorical	0.1338062060048415	cramers_v		0.014695096103130887	0.014571690862090151	0.014848553664775947	0.014671593653603102
categorical::umap__metric-canberra__nn-15__mindist-0::DSS	UMAP	umap	umap__metric-canberra__nn-15__mindist-0	metric=canberra, n_neighbors=15, min_dist=0	False	2	canberra		15.0	0.0		sensitivity	DSS	ok	389	2	2.0	fisher_exact	0.5870144284128745	5.107846256156536	1.0	0.025312344998829124	0.10286233676884085	0.5870144284128745	43.43444730077121	0.0	0.0	categorical	0.10286233676884085	cramers_v		0.04705529482338826	0.047403852562820765	0.04693470944365343	0.047190561887622474
categorical::umap__metric-canberra__nn-15__mindist-0::DFI	UMAP	umap	umap__metric-canberra__nn-15__mindist-0	metric=canberra, n_neighbors=15, min_dist=0	False	2	canberra		15.0	0.0		sensitivity	DFI	ok	242	2	2.0	fisher_exact	0.4996584699453552	4.2621486941634625	1.0	0.042399307393139865	0.11627081371874952	0.4996584699453552	17.946280991735538	0.0	0.0	categorical	0.11627081371874952	cramers_v		0.06626914647897242	0.06677890914419529	0.06583050358408558	0.06626646718398019
categorical::umap__metric-canberra__nn-15__mindist-0::PFI	UMAP	umap	umap__metric-canberra__nn-15__mindist-0	metric=canberra, n_neighbors=15, min_dist=0	False	2	canberra		15.0	0.0		sensitivity	PFI	ok	412	2	2.0	fisher_exact	0.5347143550736365	8.732843510165102	1.0	0.004170551786443462	0.1371455279056508	0.5347143550736365	60.04368932038835	0.0	0.0	categorical	0.1371455279056508	cramers_v		0.014576867627413642	0.014434157035257144	0.014778528094080935	0.014577914590541374
categorical::umap__metric-canberra__nn-15__mindist-0p1::center_code	UMAP	umap	umap__metric-canberra__nn-15__mindist-0p1	metric=canberra, n_neighbors=15, min_dist=0.1	False	2	canberra		15.0	0.1		sensitivity	center_code	ok	412	2	2.0	fisher_exact	0.7200527269731422	2.6990675892674973	1.0	0.11136690150377297	0.06425020554853883	0.7200527269731422	84.24757281553399	0.0	0.0	categorical	0.06425020554853883	cramers_v		0.14384381573048183	0.14511980350407408	0.1420953582329405	0.14330544016121208
categorical::umap__metric-canberra__nn-15__mindist-0p1::gender	UMAP	umap	umap__metric-canberra__nn-15__mindist-0p1	metric=canberra, n_neighbors=15, min_dist=0.1	False	2	canberra		15.0	0.1		sensitivity	gender	ok	412	2	2.0	fisher_exact	0.9378542510121457	0.09572709724743392	1.0	0.7567714246006665	0.0	0.9378542510121457	63.50970873786408	0.0	0.0	categorical	0.0	cramers_v		0.7956300343362591	0.7990491578185809	0.7984094672196852	0.8020180016134274
categorical::umap__metric-canberra__nn-15__mindist-0p1::race	UMAP	umap	umap__metric-canberra__nn-15__mindist-0p1	metric=canberra, n_neighbors=15, min_dist=0.1	False	2	canberra		15.0	0.1		sensitivity	race	ok	358	2	4.0	permutation_chi_square_5000	8.61689337237653	8.61689337237653	3.0	0.024795040991801638	0.12534025418719305		0.44692737430167595	2.0	0.25	categorical	0.12534025418719305	cramers_v		0.046398916512650414	0.0467816430444064	0.04630752715096404	0.046600433362284165
categorical::umap__metric-canberra__nn-15__mindist-0p1::ajcc_pathologic_tumor_stage	UMAP	umap	umap__metric-canberra__nn-15__mindist-0p1	metric=canberra, n_neighbors=15, min_dist=0.1	False	2	canberra		15.0	0.1		sensitivity	ajcc_pathologic_tumor_stage	ok	388	2	11.0	permutation_chi_square_5000	18.646369622102377	18.646369622102377	10.0	0.03699260147970406	0.14924952129688782		0.845360824742268	4.0	0.18181818181818182	categorical	0.14924952129688782	cramers_v		0.06059388122375525	0.06119563833403998	0.060368777308368114	0.060908748482861576
categorical::umap__metric-canberra__nn-15__mindist-0p1::histological_type	UMAP	umap	umap__metric-canberra__nn-15__mindist-0p1	metric=canberra, n_neighbors=15, min_dist=0.1	False	2	canberra		15.0	0.1		sensitivity	histological_type	ok	410	2	7.0	chi_square	42.240267972903006	42.240267972903006	6.0	1.6484452990499377e-07	0.297609935730902		3.021951219512195	2.0	0.14285714285714285	categorical	0.297609935730902	cramers_v		9.441379546499898e-06	8.715119581384522e-06	9.473493082372347e-06	8.744762845266783e-06
categorical::umap__metric-canberra__nn-15__mindist-0p1::histological_grade	UMAP	umap	umap__metric-canberra__nn-15__mindist-0p1	metric=canberra, n_neighbors=15, min_dist=0.1	False	2	canberra		15.0	0.1		sensitivity	histological_grade	ok	412	2	4.0	chi_square	20.894492879511606	20.894492879511606	3.0	0.0001107232645140065	0.2086178563258031		3.8883495145631066	1.0	0.125	categorical	0.2086178563258031	cramers_v		0.0014753805995557645	0.0013868785875852353	0.0014890225838327478	0.0013879577025771317
categorical::umap__metric-canberra__nn-15__mindist-0p1::tumor_status	UMAP	umap	umap__metric-canberra__nn-15__mindist-0p1	metric=canberra, n_neighbors=15, min_dist=0.1	False	2	canberra		15.0	0.1		sensitivity	tumor_status	ok	369	2	2.0	fisher_exact	1.7391304347826086	6.433929333281622	1.0	0.012184167103681434	0.12148595427304631	1.7391304347826086	58.390243902439025	0.0	0.0	categorical	0.12148595427304631	cramers_v		0.0278267466283902	0.02794350220864918	0.027926951923048227	0.027947808496553116
categorical::umap__metric-canberra__nn-15__mindist-0p1::vital_status	UMAP	umap	umap__metric-canberra__nn-15__mindist-0p1	metric=canberra, n_neighbors=15, min_dist=0.1	False	2	canberra		15.0	0.1		sensitivity	vital_status	ok	411	2	2.0	fisher_exact	1.5913200723327305	5.1834606996335975	1.0	0.024814072567204984	0.10098353581842304	1.5913200723327305	68.86131386861314	0.0	0.0	categorical	0.10098353581842304	cramers_v		0.046398916512650414	0.0467816430444064	0.04630752715096404	0.046600433362284165
categorical::umap__metric-canberra__nn-15__mindist-0p1::OS	UMAP	umap	umap__metric-canberra__nn-15__mindist-0p1	metric=canberra, n_neighbors=15, min_dist=0.1	False	2	canberra		15.0	0.1		sensitivity	OS	ok	412	2	2.0	fisher_exact	1.6016533195556704	5.335101413375182	1.0	0.024593316619212494	0.10267343611261255	1.6016533195556704	68.69417475728156	0.0	0.0	categorical	0.10267343611261255	cramers_v		0.04619707869526384	0.04659786306798157	0.0461199849558337	0.046432181777073187
categorical::umap__metric-canberra__nn-15__mindist-0p1::DSS	UMAP	umap	umap__metric-canberra__nn-15__mindist-0p1	metric=canberra, n_neighbors=15, min_dist=0.1	False	2	canberra		15.0	0.1		sensitivity	DSS	ok	389	2	2.0	fisher_exact	1.633888888888889	4.346822858558157	1.0	0.04393653701364052	0.0928398986828037	1.633888888888889	42.20051413881748	0.0	0.0	categorical	0.0928398986828037	cramers_v		0.06799333084156084	0.06858645268078144	0.06749687160049549	0.06801834558330078
categorical::umap__metric-canberra__nn-15__mindist-0p1::DFI	UMAP	umap	umap__metric-canberra__nn-15__mindist-0p1	metric=canberra, n_neighbors=15, min_dist=0.1	False	2	canberra		15.0	0.1		sensitivity	DFI	ok	242	2	2.0	fisher_exact	1.8220779220779222	3.192073633809401	1.0	0.08814541980947509	0.09528210847471211	1.8220779220779222	17.768595041322314	0.0	0.0	categorical	0.09528210847471211	cramers_v		0.11834606364583622	0.11963723047749221	0.11717077468607869	0.11841927367193238
categorical::umap__metric-canberra__nn-15__mindist-0p1::PFI	UMAP	umap	umap__metric-canberra__nn-15__mindist-0p1	metric=canberra, n_neighbors=15, min_dist=0.1	False	2	canberra		15.0	0.1		sensitivity	PFI	ok	412	2	2.0	fisher_exact	1.7592592592592593	7.114007451505783	1.0	0.008054096777248726	0.12194301391132026	1.7592592592592593	57.46116504854369	0.0	0.0	categorical	0.12194301391132026	cramers_v		0.021074457701491075	0.021068848316955144	0.021083591222354172	0.021041699329491133
categorical::umap__metric-canberra__nn-15__mindist-0p5::center_code	UMAP	umap	umap__metric-canberra__nn-15__mindist-0p5	metric=canberra, n_neighbors=15, min_dist=0.5	False	2	canberra		15.0	0.5		sensitivity	center_code	ok	412	2	2.0	fisher_exact	0.6079545454545454	6.209061957250107	1.0	0.013390331923722508	0.11255341732921824	0.6079545454545454	87.56067961165049	0.0	0.0	categorical	0.11255341732921824	cramers_v		0.029800765884588954	0.03003884550247542	0.029942812202609807	0.030096365085700114
categorical::umap__metric-canberra__nn-15__mindist-0p5::gender	UMAP	umap	umap__metric-canberra__nn-15__mindist-0p5	metric=canberra, n_neighbors=15, min_dist=0.5	False	2	canberra		15.0	0.5		sensitivity	gender	ok	412	2	2.0	fisher_exact	1.0003113325031132	2.2666211202970875e-06	1.0	1.0	0.0	1.0003113325031132	66.00728155339806	0.0	0.0	categorical	0.0	cramers_v		1.0	1.0	1.0	1.0
categorical::umap__metric-canberra__nn-15__mindist-0p5::race	UMAP	umap	umap__metric-canberra__nn-15__mindist-0p5	metric=canberra, n_neighbors=15, min_dist=0.5	False	2	canberra		15.0	0.5		sensitivity	race	ok	358	2	4.0	permutation_chi_square_5000	8.976176685117949	8.976176685117949	3.0	0.016996600679864027	0.12929262566071179		0.4664804469273743	2.0	0.25	categorical	0.12929262566071179	cramers_v		0.03569286142771446	0.03579228444004792	0.035814265718284916	0.03581426571828491
categorical::umap__metric-canberra__nn-15__mindist-0p5::ajcc_pathologic_tumor_stage	UMAP	umap	umap__metric-canberra__nn-15__mindist-0p5	metric=canberra, n_neighbors=15, min_dist=0.5	False	2	canberra		15.0	0.5		sensitivity	ajcc_pathologic_tumor_stage	ok	388	2	11.0	permutation_chi_square_5000	19.05202744360292	19.05202744360292	10.0	0.03479304139172166	0.1527207845426329		0.8814432989690721	4.0	0.18181818181818182	categorical	0.1527207845426329	cramers_v		0.058154083469020484	0.0587132573485303	0.05801361466837068	0.05851181307681457
categorical::umap__metric-canberra__nn-15__mindist-0p5::histological_type	UMAP	umap	umap__metric-canberra__nn-15__mindist-0p5	metric=canberra, n_neighbors=15, min_dist=0.5	False	2	canberra		15.0	0.5		sensitivity	histological_type	ok	410	2	7.0	chi_square	38.84562544964571	38.84562544964571	6.0	7.673981081067652e-07	0.2833227219252226		3.1414634146341465	2.0	0.14285714285714285	categorical	0.2833227219252226	cramers_v		3.1424952526972034e-05	2.9007648486435722e-05	3.0978649943046784e-05	2.8595676870504724e-05
categorical::umap__metric-canberra__nn-15__mindist-0p5::histological_grade	UMAP	umap	umap__metric-canberra__nn-15__mindist-0p5	metric=canberra, n_neighbors=15, min_dist=0.5	False	2	canberra		15.0	0.5		sensitivity	histological_grade	ok	412	2	4.0	permutation_chi_square_5000	16.398145157367814	16.398145157367814	3.0	0.0007998400319936012	0.18050298176153673		4.04126213592233	2.0	0.25	categorical	0.18050298176153673	cramers_v		0.004456251606821493	0.004319136172765446	0.004477936529482424	0.004290051080692953
categorical::umap__metric-canberra__nn-15__mindist-0p5::tumor_status	UMAP	umap	umap__metric-canberra__nn-15__mindist-0p5	metric=canberra, n_neighbors=15, min_dist=0.5	False	2	canberra		15.0	0.5		sensitivity	tumor_status	ok	369	2	2.0	fisher_exact	1.67002688172043	5.542493352497603	1.0	0.022135147615632778	0.11106952244228195	1.67002688172043	60.19241192411924	0.0	0.0	categorical	0.11106952244228195	cramers_v		0.04245593886932844	0.042798392832272075	0.042444145552975855	0.04270213763451773
categorical::umap__metric-canberra__nn-15__mindist-0p5::vital_status	UMAP	umap	umap__metric-canberra__nn-15__mindist-0p5	metric=canberra, n_neighbors=15, min_dist=0.5	False	2	canberra		15.0	0.5		sensitivity	vital_status	ok	411	2	2.0	fisher_exact	1.7459459459459459	7.475532685083528	1.0	0.00804540356007703	0.12565081472002712	1.7459459459459459	71.56934306569343	0.0	0.0	categorical	0.12565081472002712	cramers_v		0.021074457701491075	0.021068848316955144	0.021083591222354172	0.021041699329491133
categorical::umap__metric-canberra__nn-15__mindist-0p5::OS	UMAP	umap	umap__metric-canberra__nn-15__mindist-0p5	metric=canberra, n_neighbors=15, min_dist=0.5	False	2	canberra		15.0	0.5		sensitivity	OS	ok	412	2	2.0	fisher_exact	1.7574324324324324	7.661842475313474	1.0	0.0061125726901305934	0.12729115626817344	1.7574324324324324	71.39563106796116	0.0	0.0	categorical	0.12729115626817344	cramers_v		0.01822969997522748	0.0180339092933455	0.018227524333745772	0.01797412964884662
categorical::umap__metric-canberra__nn-15__mindist-0p5::DSS	UMAP	umap	umap__metric-canberra__nn-15__mindist-0p5	metric=canberra, n_neighbors=15, min_dist=0.5	False	2	canberra		15.0	0.5		sensitivity	DSS	ok	389	2	2.0	fisher_exact	1.5232	3.195207014026056	1.0	0.07762180932922491	0.07517409791979177	1.5232	43.43444730077121	0.0	0.0	categorical	0.07517409791979177	cramers_v		0.10577747394448453	0.10688904891237529	0.10481677421745689	0.10588871099246866
categorical::umap__metric-canberra__nn-15__mindist-0p5::DFI	UMAP	umap	umap__metric-canberra__nn-15__mindist-0p5	metric=canberra, n_neighbors=15, min_dist=0.5	False	2	canberra		15.0	0.5		sensitivity	DFI	ok	242	2	2.0	fisher_exact	1.7468354430379747	2.757589655004224	1.0	0.12493317353765736	0.08529836498115077	1.7468354430379747	18.123966942148762	0.0	0.0	categorical	0.08529836498115077	cramers_v		0.1568443599696287	0.15836005730215313	0.15495403894017193	0.1564281871768955
categorical::umap__metric-canberra__nn-15__mindist-0p5::PFI	UMAP	umap	umap__metric-canberra__nn-15__mindist-0p5	metric=canberra, n_neighbors=15, min_dist=0.5	False	2	canberra		15.0	0.5		sensitivity	PFI	ok	412	2	2.0	fisher_exact	1.5845410628019323	4.741880613476615	1.0	0.034143511242689835	0.0953858811778647	1.5845410628019323	59.720873786407765	0.0	0.0	categorical	0.0953858811778647	cramers_v		0.05774061682508858	0.05835221217607494	0.05763990059131031	0.058194130404688287
categorical::umap__metric-canberra__nn-15__mindist-1::center_code	UMAP	umap	umap__metric-canberra__nn-15__mindist-1	metric=canberra, n_neighbors=15, min_dist=1	False	2	canberra		15.0	1.0		sensitivity	center_code	ok	412	2	2.0	fisher_exact	0.592871108437359	6.817735520442861	1.0	0.009884871904074596	0.1189505699623845	0.592871108437359	86.14077669902913	0.0	0.0	categorical	0.1189505699623845	cramers_v		0.02416629877443909	0.024106332772517405	0.02422267332404222	0.0241327217520166
categorical::umap__metric-canberra__nn-15__mindist-1::gender	UMAP	umap	umap__metric-canberra__nn-15__mindist-1	metric=canberra, n_neighbors=15, min_dist=1	False	2	canberra		15.0	1.0		sensitivity	gender	ok	412	2	2.0	fisher_exact	0.9554606467358145	0.0484711143605181	1.0	0.8365923993317526	0.0	0.9554606467358145	64.9368932038835	0.0	0.0	categorical	0.0	cramers_v		0.8696848974047406	0.8724493122089516	0.8719325807992093	0.8749003567719772
categorical::umap__metric-canberra__nn-15__mindist-1::race	UMAP	umap	umap__metric-canberra__nn-15__mindist-1	metric=canberra, n_neighbors=15, min_dist=1	False	2	canberra		15.0	1.0		sensitivity	race	ok	358	2	4.0	permutation_chi_square_5000	8.343855203815899	8.343855203815899	3.0	0.025994801039792043	0.12225121889634623		0.46089385474860334	2.0	0.25	categorical	0.12225121889634623	cramers_v		0.047734847649304225	0.04804906989262295	0.04769859425244138	0.04792791441711658
categorical::umap__metric-canberra__nn-15__mindist-1::ajcc_pathologic_tumor_stage	UMAP	umap	umap__metric-canberra__nn-15__mindist-1	metric=canberra, n_neighbors=15, min_dist=1	False	2	canberra		15.0	1.0		sensitivity	ajcc_pathologic_tumor_stage	ok	388	2	11.0	permutation_chi_square_5000	15.186790132634053	15.186790132634053	10.0	0.1219756048790242	0.11548107218741271		0.865979381443299	4.0	0.18181818181818182	categorical	0.11548107218741271	cramers_v		0.15416361172210002	0.1557661440684836	0.15237017743031198	0.15393712701310006
categorical::umap__metric-canberra__nn-15__mindist-1::histological_type	UMAP	umap	umap__metric-canberra__nn-15__mindist-1	metric=canberra, n_neighbors=15, min_dist=1	False	2	canberra		15.0	1.0		sensitivity	histological_type	ok	410	2	7.0	chi_square	38.18399659821558	38.18399659821558	6.0	1.0340493020144437e-06	0.28045334841160874		3.0902439024390245	2.0	0.14285714285714285	categorical	0.28045334841160874	cramers_v		4.03279227785633e-05	3.722577487251997e-05	3.965579073225392e-05	3.660534529131131e-05
categorical::umap__metric-canberra__nn-15__mindist-1::histological_grade	UMAP	umap	umap__metric-canberra__nn-15__mindist-1	metric=canberra, n_neighbors=15, min_dist=1	False	2	canberra		15.0	1.0		sensitivity	histological_grade	ok	412	2	4.0	chi_square	17.990745462243048	17.990745462243048	3.0	0.00044178696687670994	0.1909353012903623		3.9757281553398056	1.0	0.125	categorical	0.1909353012903623	cramers_v		0.0028716152846986146	0.0026934753786999415	0.002896159005080654	0.002696423901281988
categorical::umap__metric-canberra__nn-15__mindist-1::tumor_status	UMAP	umap	umap__metric-canberra__nn-15__mindist-1	metric=canberra, n_neighbors=15, min_dist=1	False	2	canberra		15.0	1.0		sensitivity	tumor_status	ok	369	2	2.0	fisher_exact	1.6001644736842104	4.655997514973873	1.0	0.038043112933771626	0.0996366646719312	1.6001644736842104	59.111111111111114	0.0	0.0	categorical	0.0996366646719312	cramers_v		0.06206635357123299	0.06265924483209445	0.061820058517378894	0.0623484350859035
categorical::umap__metric-canberra__nn-15__mindist-1::vital_status	UMAP	umap	umap__metric-canberra__nn-15__mindist-1	metric=canberra, n_neighbors=15, min_dist=1	False	2	canberra		15.0	1.0		sensitivity	vital_status	ok	411	2	2.0	fisher_exact	1.76	7.679609712196013	1.0	0.00601790757426407	0.12761613944743921	1.76	70.4087591240876	0.0	0.0	categorical	0.12761613944743921	cramers_v		0.01822969997522748	0.0180339092933455	0.018227524333745772	0.01797412964884662
categorical::umap__metric-canberra__nn-15__mindist-1::OS	UMAP	umap	umap__metric-canberra__nn-15__mindist-1	metric=canberra, n_neighbors=15, min_dist=1	False	2	canberra		15.0	1.0		sensitivity	OS	ok	412	2	2.0	fisher_exact	1.7714285714285714	7.865864563086095	1.0	0.005922080181196625	0.1292263344264039	1.7714285714285714	70.2378640776699	0.0	0.0	categorical	0.1292263344264039	cramers_v		0.018165481904119984	0.017908370467938597	0.018227524333745772	0.017918088753364148
categorical::umap__metric-canberra__nn-15__mindist-1::DSS	UMAP	umap	umap__metric-canberra__nn-15__mindist-1	metric=canberra, n_neighbors=15, min_dist=1	False	2	canberra		15.0	1.0		sensitivity	DSS	ok	389	2	2.0	fisher_exact	1.502297631671969	2.9892279945620928	1.0	0.09764702850159784	0.07155604593712898	1.502297631671969	42.69408740359897	0.0	0.0	categorical	0.07155604593712898	cramers_v		0.1285738204868306	0.12996681962536613	0.12715665680938124	0.12850203750767894
categorical::umap__metric-canberra__nn-15__mindist-1::DFI	UMAP	umap	umap__metric-canberra__nn-15__mindist-1	metric=canberra, n_neighbors=15, min_dist=1	False	2	canberra		15.0	1.0		sensitivity	DFI	ok	242	2	2.0	fisher_exact	1.7468354430379747	2.757589655004224	1.0	0.12493317353765736	0.08529836498115077	1.7468354430379747	18.123966942148762	0.0	0.0	categorical	0.08529836498115077	cramers_v		0.1568443599696287	0.15836005730215313	0.15495403894017193	0.1564281871768955
categorical::umap__metric-canberra__nn-15__mindist-1::PFI	UMAP	umap	umap__metric-canberra__nn-15__mindist-1	metric=canberra, n_neighbors=15, min_dist=1	False	2	canberra		15.0	1.0		sensitivity	PFI	ok	412	2	2.0	fisher_exact	1.51417004048583	3.8502781003492803	1.0	0.056323619529673664	0.08324124161288254	1.51417004048583	58.75242718446602	0.0	0.0	categorical	0.08324124161288254	cramers_v		0.08281695582549863	0.08415149479137013	0.08228612605573275	0.0835998377924716
categorical::umap__metric-canberra__nn-30__mindist-0::center_code	UMAP	umap	umap__metric-canberra__nn-30__mindist-0	metric=canberra, n_neighbors=30, min_dist=0	False	2	canberra		30.0	0.0		sensitivity	center_code	ok	412	2	2.0	fisher_exact	0.7399701591511937	2.28636380437396	1.0	0.13743229950230199	0.05589219539880615	0.7399701591511937	86.61407766990291	0.0	0.0	categorical	0.05589219539880615	cramers_v		0.17002576026040078	0.17145019541871337	0.16785123203545482	0.1692209879089214
categorical::umap__metric-canberra__nn-30__mindist-0::gender	UMAP	umap	umap__metric-canberra__nn-30__mindist-0	metric=canberra, n_neighbors=30, min_dist=0	False	2	canberra		30.0	0.0		sensitivity	gender	ok	412	2	2.0	fisher_exact	1.0126635269492412	0.003695031762224912	1.0	1.0	0.0	1.0126635269492412	65.29368932038835	0.0	0.0	categorical	0.0	cramers_v		1.0	1.0	1.0	1.0
categorical::umap__metric-canberra__nn-30__mindist-0::race	UMAP	umap	umap__metric-canberra__nn-30__mindist-0	metric=canberra, n_neighbors=30, min_dist=0	False	2	canberra		30.0	0.0		sensitivity	race	ok	358	2	4.0	permutation_chi_square_5000	7.808087955269354	7.808087955269354	3.0	0.03479304139172166	0.11595085230775219		0.46368715083798884	2.0	0.25	categorical	0.11595085230775219	cramers_v		0.058154083469020484	0.0587132573485303	0.05801361466837068	0.05851181307681457
categorical::umap__metric-canberra__nn-30__mindist-0::ajcc_pathologic_tumor_stage	UMAP	umap	umap__metric-canberra__nn-30__mindist-0	metric=canberra, n_neighbors=30, min_dist=0	False	2	canberra		30.0	0.0		sensitivity	ajcc_pathologic_tumor_stage	ok	388	2	11.0	permutation_chi_square_5000	18.788934682764044	18.788934682764044	10.0	0.03519296140771846	0.1504785939485216		0.8711340206185567	4.0	0.18181818181818182	categorical	0.1504785939485216	cramers_v		0.05834622549174376	0.05886256377043176	0.058174571982155296	0.05862733335685804
categorical::umap__metric-canberra__nn-30__mindist-0::histological_type	UMAP	umap	umap__metric-canberra__nn-30__mindist-0	metric=canberra, n_neighbors=30, min_dist=0	False	2	canberra		30.0	0.0		sensitivity	histological_type	ok	410	2	7.0	chi_square	40.73501062896505	40.73501062896505	6.0	3.26537187510917e-07	0.2913611436695898		3.107317073170732	2.0	0.14285714285714285	categorical	0.2913611436695898	cramers_v		1.5549833180087307e-05	1.4353692166234435e-05	1.541916231302775e-05	1.4233072904333306e-05
categorical::umap__metric-canberra__nn-30__mindist-0::histological_grade	UMAP	umap	umap__metric-canberra__nn-30__mindist-0	metric=canberra, n_neighbors=30, min_dist=0	False	2	canberra		30.0	0.0		sensitivity	histological_grade	ok	412	2	4.0	chi_square	20.480748579729653	20.480748579729653	3.0	0.0001349299378597335	0.20619099614207145		3.9975728155339807	1.0	0.125	categorical	0.20619099614207145	cramers_v		0.0014753805995557645	0.0013868785875852353	0.0014890225838327478	0.0013879577025771317
categorical::umap__metric-canberra__nn-30__mindist-0::tumor_status	UMAP	umap	umap__metric-canberra__nn-30__mindist-0	metric=canberra, n_neighbors=30, min_dist=0	False	2	canberra		30.0	0.0		sensitivity	tumor_status	ok	369	2	2.0	fisher_exact	1.5922107674684993	4.564277573133824	1.0	0.038489813542059916	0.09837796569409002	1.5922107674684993	60.19241192411924	0.0	0.0	categorical	0.09837796569409002	cramers_v		0.06228997178776372	0.06284270259655374	0.06193598213817621	0.06243917853584159
categorical::umap__metric-canberra__nn-30__mindist-0::vital_status	UMAP	umap	umap__metric-canberra__nn-30__mindist-0	metric=canberra, n_neighbors=30, min_dist=0	False	2	canberra		30.0	0.0		sensitivity	vital_status	ok	411	2	2.0	fisher_exact	1.66	6.185478129802286	1.0	0.014536444537191282	0.11243502122001664	1.66	70.7956204379562	0.0	0.0	categorical	0.11243502122001664	cramers_v		0.03174759486922576	0.03194637229685061	0.03185557988578775	0.03196212028674356
categorical::umap__metric-canberra__nn-30__mindist-0::OS	UMAP	umap	umap__metric-canberra__nn-30__mindist-0	metric=canberra, n_neighbors=30, min_dist=0	False	2	canberra		30.0	0.0		sensitivity	OS	ok	412	2	2.0	fisher_exact	1.670921052631579	6.354231342353232	1.0	0.014431852939769136	0.11411171730461658	1.670921052631579	70.62378640776699	0.0	0.0	categorical	0.11411171730461658	cramers_v		0.031603442667569315	0.031808981989695236	0.03171699485616884	0.03183100274565903
categorical::umap__metric-canberra__nn-30__mindist-0::DSS	UMAP	umap	umap__metric-canberra__nn-30__mindist-0	metric=canberra, n_neighbors=30, min_dist=0	False	2	canberra		30.0	0.0		sensitivity	DSS	ok	389	2	2.0	fisher_exact	1.5446236559139785	3.410517843472756	1.0	0.07620336330101987	0.07877863607838706	1.5446236559139785	43.18766066838046	0.0	0.0	categorical	0.07877863607838706	cramers_v		0.10419124297752133	0.10531945640872217	0.10326498171710644	0.10435586308921097
categorical::umap__metric-canberra__nn-30__mindist-0::DFI	UMAP	umap	umap__metric-canberra__nn-30__mindist-0	metric=canberra, n_neighbors=30, min_dist=0	False	2	canberra		30.0	0.0		sensitivity	DFI	ok	242	2	2.0	fisher_exact	1.710625	2.553658027659638	1.0	0.12701115775652755	0.0801848313211477	1.710625	18.301652892561982	0.0	0.0	categorical	0.0801848313211477	cramers_v		0.15832897747731517	0.1597677791413225	0.15636847190891914	0.15776122752916052
categorical::umap__metric-canberra__nn-30__mindist-0::PFI	UMAP	umap	umap__metric-canberra__nn-30__mindist-0	metric=canberra, n_neighbors=30, min_dist=0	False	2	canberra		30.0	0.0		sensitivity	PFI	ok	412	2	2.0	fisher_exact	1.632251720747296	5.367509547319292	1.0	0.025797043684821205	0.10305671670190948	1.632251720747296	59.0752427184466	0.0	0.0	categorical	0.10305671670190948	cramers_v		0.04747815455700802	0.04780040447481576	0.04744923862411958	0.047687485453925364
categorical::umap__metric-canberra__nn-30__mindist-0p1::center_code	UMAP	umap	umap__metric-canberra__nn-30__mindist-0p1	metric=canberra, n_neighbors=30, min_dist=0.1	False	2	canberra		30.0	0.1		sensitivity	center_code	ok	412	2	2.0	fisher_exact	1.3805309734513274	2.6165543692933033	1.0	0.11272364982181099	0.06266837824717404	1.3805309734513274	86.14077669902913	0.0	0.0	categorical	0.06266837824717404	cramers_v		0.14402600499853851	0.1454250499407664	0.14220236745613327	0.14354018718316938
categorical::umap__metric-canberra__nn-30__mindist-0p1::gender	UMAP	umap	umap__metric-canberra__nn-30__mindist-0p1	metric=canberra, n_neighbors=30, min_dist=0.1	False	2	canberra		30.0	0.1		sensitivity	gender	ok	412	2	2.0	fisher_exact	0.9605881151725546	0.03764518126842586	1.0	0.917563920833171	0.0	0.9605881151725546	64.9368932038835	0.0	0.0	categorical	0.0	cramers_v		0.9319490687652432	0.93310533311855	0.9328895408623888	0.9341267948953629
categorical::umap__metric-canberra__nn-30__mindist-0p1::race	UMAP	umap	umap__metric-canberra__nn-30__mindist-0p1	metric=canberra, n_neighbors=30, min_dist=0.1	False	2	canberra		30.0	0.1		sensitivity	race	ok	358	2	4.0	permutation_chi_square_5000	6.990222322468055	6.990222322468055	3.0	0.04859028194361128	0.10561080450172777		0.4553072625698324	2.0	0.25	categorical	0.10561080450172777	cramers_v		0.07369526094781044	0.07466311615725635	0.07307597304068598	0.07398262283027265
categorical::umap__metric-canberra__nn-30__mindist-0p1::ajcc_pathologic_tumor_stage	UMAP	umap	umap__metric-canberra__nn-30__mindist-0p1	metric=canberra, n_neighbors=30, min_dist=0.1	False	2	canberra		30.0	0.1		sensitivity	ajcc_pathologic_tumor_stage	ok	388	2	11.0	permutation_chi_square_5000	20.64338840997967	20.64338840997967	10.0	0.019396120775844832	0.16563728242208978		0.865979381443299	4.0	0.18181818181818182	categorical	0.16563728242208978	cramers_v		0.03836458366483893	0.03847273996192063	0.038330143674606486	0.03833835669017851
categorical::umap__metric-canberra__nn-30__mindist-0p1::histological_type	UMAP	umap	umap__metric-canberra__nn-30__mindist-0p1	metric=canberra, n_neighbors=30, min_dist=0.1	False	2	canberra		30.0	0.1		sensitivity	histological_type	ok	410	2	7.0	chi_square	45.12370076507981	45.12370076507981	6.0	4.422656926762975e-08	0.30922754391788826		3.0902439024390245	2.0	0.14285714285714285	categorical	0.30922754391788826	cramers_v		6.03692670503146e-06	5.572547727721349e-06	5.6536297713786695e-06	5.218735173580311e-06
categorical::umap__metric-canberra__nn-30__mindist-0p1::histological_grade	UMAP	umap	umap__metric-canberra__nn-30__mindist-0p1	metric=canberra, n_neighbors=30, min_dist=0.1	False	2	canberra		30.0	0.1		sensitivity	histological_grade	ok	412	2	4.0	chi_square	17.990745462243048	17.990745462243048	3.0	0.00044178696687670994	0.1909353012903623		3.9757281553398056	1.0	0.125	categorical	0.1909353012903623	cramers_v		0.0028716152846986146	0.0026934753786999415	0.002896159005080654	0.002696423901281988
categorical::umap__metric-canberra__nn-30__mindist-0p1::tumor_status	UMAP	umap	umap__metric-canberra__nn-30__mindist-0p1	metric=canberra, n_neighbors=30, min_dist=0.1	False	2	canberra		30.0	0.1		sensitivity	tumor_status	ok	369	2	2.0	fisher_exact	0.6171428571428571	4.911161950703549	1.0	0.029550857855259825	0.1030575163968869	0.6171428571428571	59.8319783197832	0.0	0.0	categorical	0.1030575163968869	cramers_v		0.0523231869051393	0.0528121886519163	0.05211933033278161	0.052527212093355015
categorical::umap__metric-canberra__nn-30__mindist-0p1::vital_status	UMAP	umap	umap__metric-canberra__nn-30__mindist-0p1	metric=canberra, n_neighbors=30, min_dist=0.1	False	2	canberra		30.0	0.1		sensitivity	vital_status	ok	411	2	2.0	fisher_exact	0.6177792041078306	5.585740969561396	1.0	0.019336640445967373	0.10573008906325976	0.6177792041078306	70.4087591240876	0.0	0.0	categorical	0.10573008906325976	cramers_v		0.03836458366483893	0.03847273996192063	0.038330143674606486	0.03833835669017851
categorical::umap__metric-canberra__nn-30__mindist-0p1::OS	UMAP	umap	umap__metric-canberra__nn-30__mindist-0p1	metric=canberra, n_neighbors=30, min_dist=0.1	False	2	canberra		30.0	0.1		sensitivity	OS	ok	412	2	2.0	fisher_exact	0.6137414315319624	5.745755826606134	1.0	0.0191132405233169	0.10742904427776861	0.6137414315319624	70.2378640776699	0.0	0.0	categorical	0.10742904427776861	cramers_v		0.038179863386820834	0.038327877548083755	0.038176706982770994	0.0382264810466338
categorical::umap__metric-canberra__nn-30__mindist-0p1::DSS	UMAP	umap	umap__metric-canberra__nn-30__mindist-0p1	metric=canberra, n_neighbors=30, min_dist=0.1	False	2	canberra		30.0	0.1		sensitivity	DSS	ok	389	2	2.0	fisher_exact	0.6384083044982699	3.63327382475621	1.0	0.05953740063140721	0.08234191320227717	0.6384083044982699	42.940874035989715	0.0	0.0	categorical	0.08234191320227717	cramers_v		0.08660946912455152	0.0879106931198122	0.08599846757869929	0.08727221459013727
categorical::umap__metric-canberra__nn-30__mindist-0p1::DFI	UMAP	umap	umap__metric-canberra__nn-30__mindist-0p1	metric=canberra, n_neighbors=30, min_dist=0.1	False	2	canberra		30.0	0.1		sensitivity	DFI	ok	242	2	2.0	fisher_exact	0.5605461731943946	2.970340669860998	1.0	0.09096060993788235	0.09032502732866024	0.5605461731943946	17.946280991735538	0.0	0.0	categorical	0.09032502732866024	cramers_v		0.12152812322858995	0.12279682341614116	0.12028756521095822	0.12150964497362396
categorical::umap__metric-canberra__nn-30__mindist-0p1::PFI	UMAP	umap	umap__metric-canberra__nn-30__mindist-0p1	metric=canberra, n_neighbors=30, min_dist=0.1	False	2	canberra		30.0	0.1		sensitivity	PFI	ok	412	2	2.0	fisher_exact	0.6035928143712574	5.695793120374208	1.0	0.01961186326037884	0.10686175682937478	0.6035928143712574	58.75242718446602	0.0	0.0	categorical	0.10686175682937478	cramers_v		0.038610855793870844	0.0387116674277974	0.03856999774541172	0.03856999774541172
categorical::umap__metric-canberra__nn-30__mindist-0p5::center_code	UMAP	umap	umap__metric-canberra__nn-30__mindist-0p5	metric=canberra, n_neighbors=30, min_dist=0.5	False	2	canberra		30.0	0.5		sensitivity	center_code	ok	412	2	2.0	fisher_exact	1.4862385321100917	3.958425102380969	1.0	0.048192386339157525	0.08480705899149406	1.4862385321100917	88.03398058252426	0.0	0.0	categorical	0.08480705899149406	cramers_v		0.07345723625434317	0.07435396749470019	0.07285588030200477	0.0736937570801804
categorical::umap__metric-canberra__nn-30__mindist-0p5::gender	UMAP	umap	umap__metric-canberra__nn-30__mindist-0p5	metric=canberra, n_neighbors=30, min_dist=0.5	False	2	canberra		30.0	0.5		sensitivity	gender	ok	412	2	2.0	fisher_exact	1.0275210084033612	0.01727090942665122	1.0	0.9179386800135725	0.0	1.0275210084033612	66.36407766990291	0.0	0.0	categorical	0.0	cramers_v		0.9319490687652432	0.93310533311855	0.9328895408623888	0.9341267948953629
categorical::umap__metric-canberra__nn-30__mindist-0p5::race	UMAP	umap	umap__metric-canberra__nn-30__mindist-0p5	metric=canberra, n_neighbors=30, min_dist=0.5	False	2	canberra		30.0	0.5		sensitivity	race	ok	358	2	4.0	permutation_chi_square_5000	10.372723083539821	10.372723083539821	3.0	0.007798440311937612	0.14362628038676198		0.4664804469273743	2.0	0.25	categorical	0.14362628038676198	cramers_v		0.020669652477271535	0.020686389037981878	0.020696898682547225	0.020679010265362657
categorical::umap__metric-canberra__nn-30__mindist-0p5::ajcc_pathologic_tumor_stage	UMAP	umap	umap__metric-canberra__nn-30__mindist-0p5	metric=canberra, n_neighbors=30, min_dist=0.5	False	2	canberra		30.0	0.5		sensitivity	ajcc_pathologic_tumor_stage	ok	388	2	11.0	permutation_chi_square_5000	19.536488733446962	19.536488733446962	10.0	0.02979404119176165	0.15676569888877118		0.8865979381443299	4.0	0.18181818181818182	categorical	0.15676569888877118	cramers_v		0.0523231869051393	0.0528121886519163	0.05211933033278161	0.052527212093355015
categorical::umap__metric-canberra__nn-30__mindist-0p5::histological_type	UMAP	umap	umap__metric-canberra__nn-30__mindist-0p5	metric=canberra, n_neighbors=30, min_dist=0.5	False	2	canberra		30.0	0.5		sensitivity	histological_type	ok	410	2	7.0	chi_square	43.48553352233787	43.48553352233787	6.0	9.348282150932667e-08	0.30268193056705467		3.158536585365854	2.0	0.14285714285714285	categorical	0.30268193056705467	cramers_v		7.656243081613854e-06	7.067301306105096e-06	7.170132409765355e-06	6.618583762860329e-06
categorical::umap__metric-canberra__nn-30__mindist-0p5::histological_grade	UMAP	umap	umap__metric-canberra__nn-30__mindist-0p5	metric=canberra, n_neighbors=30, min_dist=0.5	False	2	canberra		30.0	0.5		sensitivity	histological_grade	ok	412	2	4.0	permutation_chi_square_5000	17.016642772756587	17.016642772756587	3.0	0.0001999600079984003	0.18462447213627167		4.063106796116505	2.0	0.25	categorical	0.18462447213627167	cramers_v		0.0014753805995557645	0.0013868785875852353	0.0014890225838327478	0.0013879577025771317
categorical::umap__metric-canberra__nn-30__mindist-0p5::tumor_status	UMAP	umap	umap__metric-canberra__nn-30__mindist-0p5	metric=canberra, n_neighbors=30, min_dist=0.5	False	2	canberra		30.0	0.5		sensitivity	tumor_status	ok	369	2	2.0	fisher_exact	0.5537744097930632	7.344297721984662	1.0	0.008866846689037793	0.1312733122011291	0.5537744097930632	60.552845528455286	0.0	0.0	categorical	0.1312733122011291	cramers_v		0.022388962415752382	0.02238896241575238	0.022415849745303463	0.022385168319427055
categorical::umap__metric-canberra__nn-30__mindist-0p5::vital_status	UMAP	umap	umap__metric-canberra__nn-30__mindist-0p5	metric=canberra, n_neighbors=30, min_dist=0.5	False	2	canberra		30.0	0.5		sensitivity	vital_status	ok	411	2	2.0	fisher_exact	0.5584455324357405	8.165848895587182	1.0	0.004502398046140409	0.13218107024198184	0.5584455324357405	71.95620437956204	0.0	0.0	categorical	0.13218107024198184	cramers_v		0.014868806450762075	0.0147351208782777	0.015014518701694318	0.014826501472871671
categorical::umap__metric-canberra__nn-30__mindist-0p5::OS	UMAP	umap	umap__metric-canberra__nn-30__mindist-0p5	metric=canberra, n_neighbors=30, min_dist=0.5	False	2	canberra		30.0	0.5		sensitivity	OS	ok	412	2	2.0	fisher_exact	0.5547955616355069	8.360974942318906	1.0	0.004413911650024662	0.1338062060048415	0.5547955616355069	71.78155339805825	0.0	0.0	categorical	0.1338062060048415	cramers_v		0.014695096103130887	0.014571690862090151	0.014848553664775947	0.014671593653603102
categorical::umap__metric-canberra__nn-30__mindist-0p5::DSS	UMAP	umap	umap__metric-canberra__nn-30__mindist-0p5	metric=canberra, n_neighbors=30, min_dist=0.5	False	2	canberra		30.0	0.5		sensitivity	DSS	ok	389	2	2.0	fisher_exact	0.5952886010941163	4.843035388144152	1.0	0.033410450397164455	0.09948946454171838	0.5952886010941163	43.681233933161955	0.0	0.0	categorical	0.09948946454171838	cramers_v		0.057006580990161856	0.057667352740311255	0.05694625656583364	0.057553768567378184
categorical::umap__metric-canberra__nn-30__mindist-0p5::DFI	UMAP	umap	umap__metric-canberra__nn-30__mindist-0p5	metric=canberra, n_neighbors=30, min_dist=0.5	False	2	canberra		30.0	0.5		sensitivity	DFI	ok	242	2	2.0	fisher_exact	0.5103305785123967	4.004652341245017	1.0	0.060392269374572566	0.11158151338585362	0.5103305785123967	18.123966942148762	0.0	0.0	categorical	0.11158151338585362	cramers_v		0.08738740038476137	0.08865350611102303	0.08674320339006958	0.0879788615580193
categorical::umap__metric-canberra__nn-30__mindist-0p5::PFI	UMAP	umap	umap__metric-canberra__nn-30__mindist-0p5	metric=canberra, n_neighbors=30, min_dist=0.5	False	2	canberra		30.0	0.5		sensitivity	PFI	ok	412	2	2.0	fisher_exact	0.5853535353535354	6.409273485298058	1.0	0.014736242354659784	0.11469702397159938	0.5853535353535354	60.04368932038835	0.0	0.0	categorical	0.11469702397159938	cramers_v		0.03192852510176286	0.03210547325683803	0.03201897418137126	0.03210233719107424
categorical::umap__metric-canberra__nn-30__mindist-1::center_code	UMAP	umap	umap__metric-canberra__nn-30__mindist-1	metric=canberra, n_neighbors=30, min_dist=1	False	2	canberra		30.0	1.0		sensitivity	center_code	ok	412	2	2.0	fisher_exact	0.6017779803966264	6.412424108167298	1.0	0.01286838512351385	0.11473043668702809	0.6017779803966264	84.72087378640776	0.0	0.0	categorical	0.11473043668702809	cramers_v		0.029026156917232704	0.02912724297418105	0.029187889027227118	0.02920133547258912
categorical::umap__metric-canberra__nn-30__mindist-1::gender	UMAP	umap	umap__metric-canberra__nn-30__mindist-1	metric=canberra, n_neighbors=30, min_dist=1	False	2	canberra		30.0	1.0		sensitivity	gender	ok	412	2	2.0	fisher_exact	0.9942708333333333	0.0007670972650188202	1.0	1.0	0.0	0.9942708333333333	63.866504854368934	0.0	0.0	categorical	0.0	cramers_v		1.0	1.0	1.0	1.0
categorical::umap__metric-canberra__nn-30__mindist-1::race	UMAP	umap	umap__metric-canberra__nn-30__mindist-1	metric=canberra, n_neighbors=30, min_dist=1	False	2	canberra		30.0	1.0		sensitivity	race	ok	358	2	4.0	permutation_chi_square_5000	9.377952969987847	9.377952969987847	3.0	0.01279744051189762	0.13357400812971823		0.44972067039106145	2.0	0.25	categorical	0.13357400812971823	cramers_v		0.02895332535702804	0.029053648729713517	0.029126518909867876	0.029133723094609376
categorical::umap__metric-canberra__nn-30__mindist-1::ajcc_pathologic_tumor_stage	UMAP	umap	umap__metric-canberra__nn-30__mindist-1	metric=canberra, n_neighbors=30, min_dist=1	False	2	canberra		30.0	1.0		sensitivity	ajcc_pathologic_tumor_stage	ok	388	2	11.0	permutation_chi_square_5000	19.372138531811043	19.372138531811043	10.0	0.029194161167766446	0.15540528944958298		0.8505154639175257	4.0	0.18181818181818182	categorical	0.15540528944958298	cramers_v		0.05220527946812384	0.05280092306897472	0.05207423631552759	0.052527212093355015
categorical::umap__metric-canberra__nn-30__mindist-1::histological_type	UMAP	umap	umap__metric-canberra__nn-30__mindist-1	metric=canberra, n_neighbors=30, min_dist=1	False	2	canberra		30.0	1.0		sensitivity	histological_type	ok	410	2	7.0	chi_square	41.24951991345027	41.24951991345027	6.0	2.585716322992326e-07	0.29351199715056375		3.0390243902439025	2.0	0.14285714285714285	categorical	0.29351199715056375	cramers_v		1.3235635428316968e-05	1.2217509626138741e-05	1.322162946490076e-05	1.220458104452378e-05
categorical::umap__metric-canberra__nn-30__mindist-1::histological_grade	UMAP	umap	umap__metric-canberra__nn-30__mindist-1	metric=canberra, n_neighbors=30, min_dist=1	False	2	canberra		30.0	1.0		sensitivity	histological_grade	ok	412	2	4.0	chi_square	21.577739161571355	21.577739161571355	3.0	7.985107397352058e-05	0.21256485958962618		3.9101941747572817	1.0	0.125	categorical	0.21256485958962618	cramers_v		0.0014753805995557645	0.0013868785875852353	0.0014890225838327478	0.0013879577025771317
categorical::umap__metric-canberra__nn-30__mindist-1::tumor_status	UMAP	umap	umap__metric-canberra__nn-30__mindist-1	metric=canberra, n_neighbors=30, min_dist=1	False	2	canberra		30.0	1.0		sensitivity	tumor_status	ok	369	2	2.0	fisher_exact	1.7704517704517704	6.849018034020626	1.0	0.011788436744554107	0.12604286509241014	1.7704517704517704	58.02981029810298	0.0	0.0	categorical	0.12604286509241014	cramers_v		0.02719642167264736	0.027337601775714433	0.02731640780384592	0.02736463349227642
categorical::umap__metric-canberra__nn-30__mindist-1::vital_status	UMAP	umap	umap__metric-canberra__nn-30__mindist-1	metric=canberra, n_neighbors=30, min_dist=1	False	2	canberra		30.0	1.0		sensitivity	vital_status	ok	411	2	2.0	fisher_exact	1.8509473684210527	9.07984170781277	1.0	0.0030451495276848308	0.1403606047057952	1.8509473684210527	69.24817518248175	0.0	0.0	categorical	0.1403606047057952	cramers_v		0.011932906522363044	0.01174557674964149	0.01210170822660241	0.01184596629451022
categorical::umap__metric-canberra__nn-30__mindist-1::OS	UMAP	umap	umap__metric-canberra__nn-30__mindist-1	metric=canberra, n_neighbors=30, min_dist=1	False	2	canberra		30.0	1.0		sensitivity	OS	ok	412	2	2.0	fisher_exact	1.8627368421052632	9.278911761196493	1.0	0.003019624860086628	0.1419067894928436	1.8627368421052632	69.08009708737865	0.0	0.0	categorical	0.1419067894928436	cramers_v		0.011889772886591099	0.011706853303720467	0.01206277222753356	0.011811571275918966
categorical::umap__metric-canberra__nn-30__mindist-1::DSS	UMAP	umap	umap__metric-canberra__nn-30__mindist-1	metric=canberra, n_neighbors=30, min_dist=1	False	2	canberra		30.0	1.0		sensitivity	DSS	ok	389	2	2.0	fisher_exact	1.6571428571428573	4.59998319813923	1.0	0.033618935378053674	0.09628980332096823	1.6571428571428573	41.95372750642674	0.0	0.0	categorical	0.09628980332096823	cramers_v		0.0572430521301995	0.057895023111181276	0.05717455307088064	0.05777234526131554
categorical::umap__metric-canberra__nn-30__mindist-1::DFI	UMAP	umap	umap__metric-canberra__nn-30__mindist-1	metric=canberra, n_neighbors=30, min_dist=1	False	2	canberra		30.0	1.0		sensitivity	DFI	ok	242	2	2.0	fisher_exact	2.044321329639889	4.529061027377306	1.0	0.04052092964629442	0.12093982489866954	2.044321329639889	17.768595041322314	0.0	0.0	categorical	0.12093982489866954	cramers_v		0.06369796810041292	0.06422185076016473	0.06329847869390594	0.06375292931016989
categorical::umap__metric-canberra__nn-30__mindist-1::PFI	UMAP	umap	umap__metric-canberra__nn-30__mindist-1	metric=canberra, n_neighbors=30, min_dist=1	False	2	canberra		30.0	1.0		sensitivity	PFI	ok	412	2	2.0	fisher_exact	1.6563920454545455	5.684658196455616	1.0	0.01943992945165831	0.10673491762289974	1.6563920454545455	57.78398058252427	0.0	0.0	categorical	0.10673491762289974	cramers_v		0.03836458366483893	0.03847273996192063	0.038330143674606486	0.03833835669017851
categorical::umap__metric-canberra__nn-50__mindist-0::center_code	UMAP	umap	umap__metric-canberra__nn-50__mindist-0	metric=canberra, n_neighbors=50, min_dist=0	False	2	canberra		50.0	0.0		sensitivity	center_code	ok	412	2	2.0	fisher_exact	0.7727513227513227	1.6073633529930351	1.0	0.2244563398691387	0.038364808112904776	0.7727513227513227	75.25485436893204	0.0	0.0	categorical	0.038364808112904776	cramers_v		0.26412319303566756	0.2655539795634881	0.2616383171422939	0.2631044513697851
categorical::umap__metric-canberra__nn-50__mindist-0::gender	UMAP	umap	umap__metric-canberra__nn-50__mindist-0	metric=canberra, n_neighbors=50, min_dist=0	False	2	canberra		50.0	0.0		sensitivity	gender	ok	412	2	2.0	fisher_exact	1.0805194805194804	0.13365814258862094	1.0	0.7518848109521457	0.0	1.0805194805194804	56.730582524271846	0.0	0.0	categorical	0.0	cramers_v		0.7925272331657751	0.7961133292434482	0.7954422758624768	0.7993009702013801
categorical::umap__metric-canberra__nn-50__mindist-0::race	UMAP	umap	umap__metric-canberra__nn-50__mindist-0	metric=canberra, n_neighbors=50, min_dist=0	False	2	canberra		50.0	0.0		sensitivity	race	ok	358	2	4.0	permutation_chi_square_5000	6.531557652523203	6.531557652523203	3.0	0.06858628274345131	0.09934212077907492		0.4022346368715084	3.0	0.375	categorical	0.09934212077907492	cramers_v		0.09580940954666209	0.0970194020897313	0.09489037444309699	0.09605652833930255
categorical::umap__metric-canberra__nn-50__mindist-0::ajcc_pathologic_tumor_stage	UMAP	umap	umap__metric-canberra__nn-50__mindist-0	metric=canberra, n_neighbors=50, min_dist=0	False	2	canberra		50.0	0.0		sensitivity	ajcc_pathologic_tumor_stage	ok	388	2	11.0	permutation_chi_square_5000	17.10097980366687	17.10097980366687	10.0	0.06778644271145771	0.135211455134595		0.7525773195876289	4.0	0.18181818181818182	categorical	0.135211455134595	cramers_v		0.0950635215422669	0.09632810280049255	0.0941887709414639	0.09541312413461642
categorical::umap__metric-canberra__nn-50__mindist-0::histological_type	UMAP	umap	umap__metric-canberra__nn-50__mindist-0	metric=canberra, n_neighbors=50, min_dist=0	False	2	canberra		50.0	0.0		sensitivity	histological_type	ok	410	2	7.0	permutation_chi_square_5000	47.85970943315524	47.85970943315524	6.0	0.0001999600079984003	0.3198612537543097		2.6975609756097563	3.0	0.21428571428571427	categorical	0.3198612537543097	cramers_v		0.0014753805995557645	0.0013868785875852353	0.0014890225838327478	0.0013879577025771317
categorical::umap__metric-canberra__nn-50__mindist-0::histological_grade	UMAP	umap	umap__metric-canberra__nn-50__mindist-0	metric=canberra, n_neighbors=50, min_dist=0	False	2	canberra		50.0	0.0		sensitivity	histological_grade	ok	412	2	4.0	permutation_chi_square_5000	32.79906485095924	32.79906485095924	3.0	0.0001999600079984003	0.26923312715324377		3.4733009708737863	2.0	0.25	categorical	0.26923312715324377	cramers_v		0.0014753805995557645	0.0013868785875852353	0.0014890225838327478	0.0013879577025771317
categorical::umap__metric-canberra__nn-50__mindist-0::tumor_status	UMAP	umap	umap__metric-canberra__nn-50__mindist-0	metric=canberra, n_neighbors=50, min_dist=0	False	2	canberra		50.0	0.0		sensitivity	tumor_status	ok	369	2	2.0	fisher_exact	1.741958289148109	6.363409498538658	1.0	0.014610319364039802	0.12069467960465599	1.741958289148109	52.62330623306233	0.0	0.0	categorical	0.12069467960465599	cramers_v		0.03182407329560798	0.03201565634554809	0.03192625342512401	0.032025096314985076
categorical::umap__metric-canberra__nn-50__mindist-0::vital_status	UMAP	umap	umap__metric-canberra__nn-50__mindist-0	metric=canberra, n_neighbors=50, min_dist=0	False	2	canberra		50.0	0.0		sensitivity	vital_status	ok	411	2	2.0	fisher_exact	1.7857142857142858	7.868517859261898	1.0	0.006762783374639614	0.1294087839624167	1.7857142857142858	61.51094890510949	0.0	0.0	categorical	0.1294087839624167	cramers_v		0.018949189791954753	0.018772992760922206	0.018907627355470233	0.01867559720833636
categorical::umap__metric-canberra__nn-50__mindist-0::OS	UMAP	umap	umap__metric-canberra__nn-50__mindist-0	metric=canberra, n_neighbors=50, min_dist=0	False	2	canberra		50.0	0.0		sensitivity	OS	ok	412	2	2.0	fisher_exact	1.7963435374149659	8.038592049853083	1.0	0.005074285879681655	0.13084230784496884	1.7963435374149659	61.36165048543689	0.0	0.0	categorical	0.13084230784496884	cramers_v		0.016233750529137794	0.016050879184264986	0.016352845671074912	0.016110288801859246
categorical::umap__metric-canberra__nn-50__mindist-0::DSS	UMAP	umap	umap__metric-canberra__nn-50__mindist-0	metric=canberra, n_neighbors=50, min_dist=0	False	2	canberra		50.0	0.0		sensitivity	DSS	ok	389	2	2.0	fisher_exact	1.6230188679245283	4.185746780145557	1.0	0.05345202478860208	0.09057648424284578	1.6230188679245283	37.51156812339332	0.0	0.0	categorical	0.09057648424284578	cramers_v		0.07916312531982839	0.08033743685921108	0.07853966094417203	0.07967164957964268
categorical::umap__metric-canberra__nn-50__mindist-0::DFI	UMAP	umap	umap__metric-canberra__nn-50__mindist-0	metric=canberra, n_neighbors=50, min_dist=0	False	2	canberra		50.0	0.0		sensitivity	DFI	ok	242	2	2.0	fisher_exact	1.7984189723320159	3.036777522865245	1.0	0.0853951750543836	0.09183837377460535	1.7984189723320159	15.991735537190083	0.0	0.0	categorical	0.09183837377460535	cramers_v		0.1152201785330151	0.11653204393702889	0.11410818687580526	0.11538126705821296
categorical::umap__metric-canberra__nn-50__mindist-0::PFI	UMAP	umap	umap__metric-canberra__nn-50__mindist-0	metric=canberra, n_neighbors=50, min_dist=0	False	2	canberra		50.0	0.0		sensitivity	PFI	ok	412	2	2.0	fisher_exact	1.8812578222778473	8.757965474007875	1.0	0.003509442684797846	0.1373681920460077	1.8812578222778473	51.327669902912625	0.0	0.0	categorical	0.1373681920460077	cramers_v		0.012606287538813316	0.01245605009252193	0.012817821615428323	0.012612616349425761
categorical::umap__metric-canberra__nn-50__mindist-0p1::center_code	UMAP	umap	umap__metric-canberra__nn-50__mindist-0p1	metric=canberra, n_neighbors=50, min_dist=0.1	False	2	canberra		50.0	0.1		sensitivity	center_code	ok	412	2	2.0	fisher_exact	0.6848780487804879	3.543485981385458	1.0	0.07163454318782234	0.07862981013640766	0.6848780487804879	81.40776699029126	0.0	0.0	categorical	0.07862981013640766	cramers_v		0.09876883984987625	0.09991829271216547	0.09793884959903695	0.09905714175191058
categorical::umap__metric-canberra__nn-50__mindist-0p1::gender	UMAP	umap	umap__metric-canberra__nn-50__mindist-0p1	metric=canberra, n_neighbors=50, min_dist=0.1	False	2	canberra		50.0	0.1		sensitivity	gender	ok	412	2	2.0	fisher_exact	0.9729448491155047	0.017319725901183962	1.0	0.9171920268143274	0.0	0.9729448491155047	61.36893203883495	0.0	0.0	categorical	0.0	cramers_v		0.9319490687652432	0.93310533311855	0.9328895408623888	0.9341267948953629
categorical::umap__metric-canberra__nn-50__mindist-0p1::race	UMAP	umap	umap__metric-canberra__nn-50__mindist-0p1	metric=canberra, n_neighbors=50, min_dist=0.1	False	2	canberra		50.0	0.1		sensitivity	race	ok	358	2	4.0	permutation_chi_square_5000	6.819387564021742	6.819387564021742	3.0	0.05818836232753449	0.10332042168739222		0.4301675977653631	2.0	0.25	categorical	0.10332042168739222	cramers_v		0.08494878564394073	0.0862556900384629	0.08436762552971447	0.08564939818689069
categorical::umap__metric-canberra__nn-50__mindist-0p1::ajcc_pathologic_tumor_stage	UMAP	umap	umap__metric-canberra__nn-50__mindist-0p1	metric=canberra, n_neighbors=50, min_dist=0.1	False	2	canberra		50.0	0.1		sensitivity	ajcc_pathologic_tumor_stage	ok	388	2	11.0	permutation_chi_square_5000	23.340686895474782	23.340686895474782	10.0	0.0065986802639472104	0.18548724860122812		0.8144329896907216	4.0	0.18181818181818182	categorical	0.18548724860122812	cramers_v		0.01886684459723488	0.01865023329301864	0.01885125860417645	0.018575049686899138
categorical::umap__metric-canberra__nn-50__mindist-0p1::histological_type	UMAP	umap	umap__metric-canberra__nn-50__mindist-0p1	metric=canberra, n_neighbors=50, min_dist=0.1	False	2	canberra		50.0	0.1		sensitivity	histological_type	ok	410	2	7.0	chi_square	42.135128453906844	42.135128453906844	6.0	1.7291903931318495e-07	0.29717773717153906		2.919512195121951	2.0	0.14285714285714285	categorical	0.29717773717153906	cramers_v		9.441379546499898e-06	8.715119581384522e-06	9.473493082372347e-06	8.744762845266783e-06
categorical::umap__metric-canberra__nn-50__mindist-0p1::histological_grade	UMAP	umap	umap__metric-canberra__nn-50__mindist-0p1	metric=canberra, n_neighbors=50, min_dist=0.1	False	2	canberra		50.0	0.1		sensitivity	histological_grade	ok	412	2	4.0	chi_square	24.69030701674975	24.69030701674975	3.0	1.7922510534518336e-05	0.2296889683107404		3.7572815533980584	1.0	0.125	categorical	0.2296889683107404	cramers_v		0.0004735011654119522	0.000437077998841802	0.00045821885266585213	0.00042297124861463275
categorical::umap__metric-canberra__nn-50__mindist-0p1::tumor_status	UMAP	umap	umap__metric-canberra__nn-50__mindist-0p1	metric=canberra, n_neighbors=50, min_dist=0.1	False	2	canberra		50.0	0.1		sensitivity	tumor_status	ok	369	2	2.0	fisher_exact	1.7594405594405595	6.676335512560712	1.0	0.011581054356129633	0.12416744498231584	1.7594405594405595	56.22764227642276	0.0	0.0	categorical	0.12416744498231584	cramers_v		0.026869358406997647	0.026939314133027702	0.026998992982223188	0.026971666066249275
categorical::umap__metric-canberra__nn-50__mindist-0p1::vital_status	UMAP	umap	umap__metric-canberra__nn-50__mindist-0p1	metric=canberra, n_neighbors=50, min_dist=0.1	False	2	canberra		50.0	0.1		sensitivity	vital_status	ok	411	2	2.0	fisher_exact	1.7611447440836543	7.636285406372845	1.0	0.007513614937464324	0.12720145195815658	1.7611447440836543	66.54014598540147	0.0	0.0	categorical	0.12720145195815658	cramers_v		0.02004446460515727	0.02007170633471035	0.020079939571551	0.020074110851791477
categorical::umap__metric-canberra__nn-50__mindist-0p1::OS	UMAP	umap	umap__metric-canberra__nn-50__mindist-0p1	metric=canberra, n_neighbors=50, min_dist=0.1	False	2	canberra		50.0	0.1		sensitivity	OS	ok	412	2	2.0	fisher_exact	1.7721518987341771	7.8140323817375155	1.0	0.00567877910712822	0.12873745530856912	1.7721518987341771	66.37864077669903	0.0	0.0	categorical	0.12873745530856912	cramers_v		0.017751603392129816	0.01752308981628136	0.017850916291669443	0.017557098724221742
categorical::umap__metric-canberra__nn-50__mindist-0p1::DSS	UMAP	umap	umap__metric-canberra__nn-50__mindist-0p1	metric=canberra, n_neighbors=50, min_dist=0.1	False	2	canberra		50.0	0.1		sensitivity	DSS	ok	389	2	2.0	fisher_exact	1.613691026827012	4.123588547784652	1.0	0.044000568188067454	0.0896877739931131	1.613691026827012	40.473007712082264	0.0	0.0	categorical	0.0896877739931131	cramers_v		0.06799333084156084	0.06858645268078144	0.06749687160049549	0.06801834558330078
categorical::umap__metric-canberra__nn-50__mindist-0p1::DFI	UMAP	umap	umap__metric-canberra__nn-50__mindist-0p1	metric=canberra, n_neighbors=50, min_dist=0.1	False	2	canberra		50.0	0.1		sensitivity	DFI	ok	242	2	2.0	fisher_exact	1.732063492063492	2.673084650428292	1.0	0.1228357227303139	0.0832175573944505	1.732063492063492	17.235537190082646	0.0	0.0	categorical	0.0832175573944505	cramers_v		0.1550114898553576	0.15660001076579647	0.15319512086853782	0.15474678237199685
categorical::umap__metric-canberra__nn-50__mindist-0p1::PFI	UMAP	umap	umap__metric-canberra__nn-50__mindist-0p1	metric=canberra, n_neighbors=50, min_dist=0.1	False	2	canberra		50.0	0.1		sensitivity	PFI	ok	412	2	2.0	fisher_exact	1.6822510822510823	6.0125211754066346	1.0	0.018573774348806645	0.11040863872846796	1.6822510822510823	55.52427184466019	0.0	0.0	categorical	0.11040863872846796	cramers_v		0.03752447405836648	0.0376861179466179	0.0375338294495553	0.03759944803250907
categorical::umap__metric-canberra__nn-50__mindist-0p5::center_code	UMAP	umap	umap__metric-canberra__nn-50__mindist-0p5	metric=canberra, n_neighbors=50, min_dist=0.5	False	2	canberra		50.0	0.5		sensitivity	center_code	ok	412	2	2.0	fisher_exact	0.6084615384615385	6.091331430036437	1.0	0.01644597753177738	0.11127363158176923	0.6084615384615385	82.35436893203884	0.0	0.0	categorical	0.11127363158176923	cramers_v		0.03462533572885777	0.03472949445258017	0.03474948971590427	0.034757468932831
categorical::umap__metric-canberra__nn-50__mindist-0p5::gender	UMAP	umap	umap__metric-canberra__nn-50__mindist-0p5	metric=canberra, n_neighbors=50, min_dist=0.5	False	2	canberra		50.0	0.5		sensitivity	gender	ok	412	2	2.0	fisher_exact	0.961038961038961	0.036491473622630624	1.0	0.9171165493418051	0.0	0.961038961038961	62.08252427184466	0.0	0.0	categorical	0.0	cramers_v		0.9319490687652432	0.93310533311855	0.9328895408623888	0.9341267948953629
categorical::umap__metric-canberra__nn-50__mindist-0p5::race	UMAP	umap	umap__metric-canberra__nn-50__mindist-0p5	metric=canberra, n_neighbors=50, min_dist=0.5	False	2	canberra		50.0	0.5		sensitivity	race	ok	358	2	4.0	permutation_chi_square_5000	9.40667943251669	9.40667943251669	3.0	0.015396920615876825	0.13387487651085628		0.43575418994413406	2.0	0.25	categorical	0.13387487651085628	cramers_v		0.03283874475104979	0.03297470817451241	0.03298725729714392	0.03303339332133574
categorical::umap__metric-canberra__nn-50__mindist-0p5::ajcc_pathologic_tumor_stage	UMAP	umap	umap__metric-canberra__nn-50__mindist-0p5	metric=canberra, n_neighbors=50, min_dist=0.5	False	2	canberra		50.0	0.5		sensitivity	ajcc_pathologic_tumor_stage	ok	388	2	11.0	permutation_chi_square_5000	22.448384123268482	22.448384123268482	10.0	0.010997800439912017	0.17916420423934443		0.8247422680412371	4.0	0.18181818181818182	categorical	0.17916420423934443	cramers_v		0.02603236578117902	0.02606375276668804	0.026115519930069712	0.026129002387441973
categorical::umap__metric-canberra__nn-50__mindist-0p5::histological_type	UMAP	umap	umap__metric-canberra__nn-50__mindist-0p5	metric=canberra, n_neighbors=50, min_dist=0.5	False	2	canberra		50.0	0.5		sensitivity	histological_type	ok	410	2	7.0	chi_square	43.82775602436783	43.82775602436783	6.0	7.996819042839957e-08	0.3040609904732686		2.953658536585366	2.0	0.14285714285714285	categorical	0.3040609904732686	cramers_v		7.2771053289843616e-06	6.7173279959855635e-06	6.815066895398052e-06	6.290830980367433e-06
categorical::umap__metric-canberra__nn-50__mindist-0p5::histological_grade	UMAP	umap	umap__metric-canberra__nn-50__mindist-0p5	metric=canberra, n_neighbors=50, min_dist=0.5	False	2	canberra		50.0	0.5		sensitivity	histological_grade	ok	412	2	4.0	chi_square	24.059688985915415	24.059688985915415	3.0	2.4273367263877773e-05	0.22632424227282774		3.8009708737864076	1.0	0.125	categorical	0.22632424227282774	cramers_v		0.0006212464934098718	0.0005734583016091124	0.0006005700868191694	0.0005543723878330795
categorical::umap__metric-canberra__nn-50__mindist-0p5::tumor_status	UMAP	umap	umap__metric-canberra__nn-50__mindist-0p5	metric=canberra, n_neighbors=50, min_dist=0.5	False	2	canberra		50.0	0.5		sensitivity	tumor_status	ok	369	2	2.0	fisher_exact	1.8132102272727273	7.408975606313556	1.0	0.008392186295706996	0.1319410433282128	1.8132102272727273	56.58807588075881	0.0	0.0	categorical	0.1319410433282128	cramers_v		0.021729728283766257	0.021701204093317626	0.021793817465212372	0.021732633249981564
categorical::umap__metric-canberra__nn-50__mindist-0p5::vital_status	UMAP	umap	umap__metric-canberra__nn-50__mindist-0p5	metric=canberra, n_neighbors=50, min_dist=0.5	False	2	canberra		50.0	0.5		sensitivity	vital_status	ok	411	2	2.0	fisher_exact	1.852060982495765	9.062437505302539	1.0	0.0029690781916523537	0.1402093072033232	1.852060982495765	67.31386861313868	0.0	0.0	categorical	0.1402093072033232	cramers_v		0.011804247761957659	0.011630171569373987	0.011985699857880817	0.01174361653458026
categorical::umap__metric-canberra__nn-50__mindist-0p5::OS	UMAP	umap	umap__metric-canberra__nn-50__mindist-0p5	metric=canberra, n_neighbors=50, min_dist=0.5	False	2	canberra		50.0	0.5		sensitivity	OS	ok	412	2	2.0	fisher_exact	1.8636363636363635	9.257043626977415	1.0	0.0029293478170931628	0.1417191922428392	1.8636363636363635	67.1504854368932	0.0	0.0	categorical	0.1417191922428392	cramers_v		0.011760469912741668	0.01159469607184519	0.011951115828247105	0.011717391268372651
categorical::umap__metric-canberra__nn-50__mindist-0p5::DSS	UMAP	umap	umap__metric-canberra__nn-50__mindist-0p5	metric=canberra, n_neighbors=50, min_dist=0.5	False	2	canberra		50.0	0.5		sensitivity	DSS	ok	389	2	2.0	fisher_exact	1.658545727136432	4.613189673092652	1.0	0.03318791434039016	0.09646638666534905	1.658545727136432	40.96658097686375	0.0	0.0	categorical	0.09646638666534905	cramers_v		0.05674509779703453	0.05741433236003423	0.05669294053247049	0.05730986183657618
categorical::umap__metric-canberra__nn-50__mindist-0p5::DFI	UMAP	umap	umap__metric-canberra__nn-50__mindist-0p5	metric=canberra, n_neighbors=50, min_dist=0.5	False	2	canberra		50.0	0.5		sensitivity	DFI	ok	242	2	2.0	fisher_exact	1.9425675675675675	3.9129339103689817	1.0	0.05906387982072561	0.10986288351810458	1.9425675675675675	17.235537190082646	0.0	0.0	categorical	0.10986288351810458	cramers_v		0.08607351881347736	0.08738217836490914	0.08547546381603122	0.08675773218480028
categorical::umap__metric-canberra__nn-50__mindist-0p5::PFI	UMAP	umap	umap__metric-canberra__nn-50__mindist-0p5	metric=canberra, n_neighbors=50, min_dist=0.5	False	2	canberra		50.0	0.5		sensitivity	PFI	ok	412	2	2.0	fisher_exact	1.7074020319303338	6.369219501186372	1.0	0.014074148086639347	0.11427139529136407	1.7074020319303338	56.16990291262136	0.0	0.0	categorical	0.11427139529136407	cramers_v		0.030902754109805964	0.031111274717834345	0.031019745926587294	0.031139052641689553
categorical::umap__metric-canberra__nn-50__mindist-1::center_code	UMAP	umap	umap__metric-canberra__nn-50__mindist-1	metric=canberra, n_neighbors=50, min_dist=1	False	2	canberra		50.0	1.0		sensitivity	center_code	ok	412	2	2.0	fisher_exact	0.5907859078590786	6.889715312496185	1.0	0.009745209230081063	0.11968447035917847	0.5907859078590786	85.19417475728156	0.0	0.0	categorical	0.11968447035917847	cramers_v		0.02396794702533451	0.023920059019289883	0.023956972690615946	0.02387407659134046
categorical::umap__metric-canberra__nn-50__mindist-1::gender	UMAP	umap	umap__metric-canberra__nn-50__mindist-1	metric=canberra, n_neighbors=50, min_dist=1	False	2	canberra		50.0	1.0		sensitivity	gender	ok	412	2	2.0	fisher_exact	1.0096476510067114	0.0021436267704507375	1.0	1.0	0.0	1.0096476510067114	64.22330097087378	0.0	0.0	categorical	0.0	cramers_v		1.0	1.0	1.0	1.0
categorical::umap__metric-canberra__nn-50__mindist-1::race	UMAP	umap	umap__metric-canberra__nn-50__mindist-1	metric=canberra, n_neighbors=50, min_dist=1	False	2	canberra		50.0	1.0		sensitivity	race	ok	358	2	4.0	permutation_chi_square_5000	10.954979860357358	10.954979860357358	3.0	0.005598880223955209	0.14919615470421088		0.44972067039106145	2.0	0.25	categorical	0.14919615470421088	cramers_v		0.017568900013100828	0.01734735020209073	0.01767218572746356	0.017385996484913544
categorical::umap__metric-canberra__nn-50__mindist-1::ajcc_pathologic_tumor_stage	UMAP	umap	umap__metric-canberra__nn-50__mindist-1	metric=canberra, n_neighbors=50, min_dist=1	False	2	canberra		50.0	1.0		sensitivity	ajcc_pathologic_tumor_stage	ok	388	2	11.0	permutation_chi_square_5000	23.5134805659394	23.5134805659394	10.0	0.007598480303939212	0.18668695092967352		0.8556701030927835	4.0	0.18181818181818182	categorical	0.18668695092967352	cramers_v		0.020205049899111087	0.02022694052738748	0.02023623053167144	0.020224526523266777
categorical::umap__metric-canberra__nn-50__mindist-1::histological_type	UMAP	umap	umap__metric-canberra__nn-50__mindist-1	metric=canberra, n_neighbors=50, min_dist=1	False	2	canberra		50.0	1.0		sensitivity	histological_type	ok	410	2	7.0	chi_square	43.95814105167821	43.95814105167821	6.0	7.5347277483996e-08	0.3045847626378177		3.05609756097561	2.0	0.14285714285714285	categorical	0.3045847626378177	cramers_v		7.2771053289843616e-06	6.7173279959855635e-06	6.815066895398052e-06	6.290830980367433e-06
categorical::umap__metric-canberra__nn-50__mindist-1::histological_grade	UMAP	umap	umap__metric-canberra__nn-50__mindist-1	metric=canberra, n_neighbors=50, min_dist=1	False	2	canberra		50.0	1.0		sensitivity	histological_grade	ok	412	2	4.0	chi_square	22.273974783638465	22.273974783638465	3.0	5.720506320178402e-05	0.21651289455233833		3.9320388349514563	1.0	0.125	categorical	0.21651289455233833	cramers_v		0.001338598478921746	0.001235629365158535	0.0012904789257578925	0.0011912113160842085
categorical::umap__metric-canberra__nn-50__mindist-1::tumor_status	UMAP	umap	umap__metric-canberra__nn-50__mindist-1	metric=canberra, n_neighbors=50, min_dist=1	False	2	canberra		50.0	1.0		sensitivity	tumor_status	ok	369	2	2.0	fisher_exact	1.7391304347826086	6.433929333281622	1.0	0.012184167103681434	0.12148595427304631	1.7391304347826086	58.390243902439025	0.0	0.0	categorical	0.12148595427304631	cramers_v		0.0278267466283902	0.02794350220864918	0.027926951923048227	0.027947808496553116
categorical::umap__metric-canberra__nn-50__mindist-1::vital_status	UMAP	umap	umap__metric-canberra__nn-50__mindist-1	metric=canberra, n_neighbors=50, min_dist=1	False	2	canberra		50.0	1.0		sensitivity	vital_status	ok	411	2	2.0	fisher_exact	1.74511665762344	7.443528744640606	1.0	0.007891999177019087	0.1253398116486647	1.74511665762344	69.63503649635037	0.0	0.0	categorical	0.1253398116486647	cramers_v		0.020850152664447202	0.020861368453938565	0.020872977133702206	0.02084901275122953
categorical::umap__metric-canberra__nn-50__mindist-1::OS	UMAP	umap	umap__metric-canberra__nn-50__mindist-1	metric=canberra, n_neighbors=50, min_dist=1	False	2	canberra		50.0	1.0		sensitivity	OS	ok	412	2	2.0	fisher_exact	1.7563754747693978	7.625434776417769	1.0	0.006039315072642684	0.1269427222438818	1.7563754747693978	69.46601941747574	0.0	0.0	categorical	0.1269427222438818	cramers_v		0.01822969997522748	0.0180339092933455	0.018227524333745772	0.01797412964884662
categorical::umap__metric-canberra__nn-50__mindist-1::DSS	UMAP	umap	umap__metric-canberra__nn-50__mindist-1	metric=canberra, n_neighbors=50, min_dist=1	False	2	canberra		50.0	1.0		sensitivity	DSS	ok	389	2	2.0	fisher_exact	1.545095220984549	3.4149889034399523	1.0	0.07556558709376227	0.07885174017957439	1.545095220984549	42.20051413881748	0.0	0.0	categorical	0.07885174017957439	cramers_v		0.10365977534670365	0.10479889375710698	0.10274825660296102	0.1038511001443166
categorical::umap__metric-canberra__nn-50__mindist-1::DFI	UMAP	umap	umap__metric-canberra__nn-50__mindist-1	metric=canberra, n_neighbors=50, min_dist=1	False	2	canberra		50.0	1.0		sensitivity	DFI	ok	242	2	2.0	fisher_exact	1.8611842105263159	3.4229605591064054	1.0	0.08647948674845482	0.1001835002629785	1.8611842105263159	17.59090909090909	0.0	0.0	categorical	0.1001835002629785	cramers_v		0.11629999942033578	0.11758721579466158	0.11515584433344592	0.11640204680210268
categorical::umap__metric-canberra__nn-50__mindist-1::PFI	UMAP	umap	umap__metric-canberra__nn-50__mindist-1	metric=canberra, n_neighbors=50, min_dist=1	False	2	canberra		50.0	1.0		sensitivity	PFI	ok	412	2	2.0	fisher_exact	1.55989010989011	4.417222060630918	1.0	0.043417743338329595	0.09115118301765501	1.55989010989011	58.10679611650485	0.0	0.0	categorical	0.09115118301765501	cramers_v		0.06734684051911352	0.06795820696434197	0.06687029947891325	0.06741175939372226
categorical::umap__metric-canberra__nn-5__mindist-0::center_code	UMAP	umap	umap__metric-canberra__nn-5__mindist-0	metric=canberra, n_neighbors=5, min_dist=0	False	2	canberra		5.0	0.0		sensitivity	center_code	ok	412	2	2.0	fisher_exact	0.8669724770642202	0.5222034026026716	1.0	0.4905869896410445	0.0	0.8669724770642202	94.66019417475728	0.0	0.0	categorical	0.0	cramers_v		0.5364362410093665	0.5398599187316299	0.5360117109041042	0.5401797646436385
categorical::umap__metric-canberra__nn-5__mindist-0::gender	UMAP	umap	umap__metric-canberra__nn-5__mindist-0	metric=canberra, n_neighbors=5, min_dist=0	False	2	canberra		5.0	0.0		sensitivity	gender	ok	412	2	2.0	fisher_exact	1.0153272576636287	0.005463759587138496	1.0	1.0	0.0	1.0153272576636287	71.35922330097087	0.0	0.0	categorical	0.0	cramers_v		1.0	1.0	1.0	1.0
categorical::umap__metric-canberra__nn-5__mindist-0::race	UMAP	umap	umap__metric-canberra__nn-5__mindist-0	metric=canberra, n_neighbors=5, min_dist=0	False	2	canberra		5.0	0.0		sensitivity	race	ok	358	2	4.0	permutation_chi_square_5000	5.775060565705001	5.775060565705001	3.0	0.09498100379924015	0.08803295334879652		0.49441340782122906	2.0	0.25	categorical	0.08803295334879652	cramers_v		0.12566953491369579	0.12686508634668828	0.12431813978501229	0.1254599826303396
categorical::umap__metric-canberra__nn-5__mindist-0::ajcc_pathologic_tumor_stage	UMAP	umap	umap__metric-canberra__nn-5__mindist-0	metric=canberra, n_neighbors=5, min_dist=0	False	2	canberra		5.0	0.0		sensitivity	ajcc_pathologic_tumor_stage	ok	388	2	11.0	permutation_chi_square_5000	19.075856945898817	19.075856945898817	10.0	0.03239352129574085	0.1529222462030488		0.9587628865979382	4.0	0.18181818181818182	categorical	0.1529222462030488	cramers_v		0.05561906486627202	0.056297705976046164	0.05558351416964929	0.05621228695437383
categorical::umap__metric-canberra__nn-5__mindist-0::histological_type	UMAP	umap	umap__metric-canberra__nn-5__mindist-0	metric=canberra, n_neighbors=5, min_dist=0	False	2	canberra		5.0	0.0		sensitivity	histological_type	ok	410	2	7.0	chi_square	32.81438966677032	32.81438966677032	6.0	1.1384247032422621e-05	0.2559792547221227		3.397560975609756	2.0	0.14285714285714285	categorical	0.2559792547221227	cramers_v		0.000326559769176915	0.00030143978693253695	0.00031674816613475146	0.00029238292258592437
categorical::umap__metric-canberra__nn-5__mindist-0::histological_grade	UMAP	umap	umap__metric-canberra__nn-5__mindist-0	metric=canberra, n_neighbors=5, min_dist=0	False	2	canberra		5.0	0.0		sensitivity	histological_grade	ok	412	2	4.0	permutation_chi_square_5000	17.14528844357984	17.14528844357984	3.0	0.0009998000399920016	0.18547022419498224		4.368932038834951	2.0	0.25	categorical	0.18547022419498224	cramers_v		0.005282814404860964	0.005177046782424337	0.005288597452923208	0.00512940890082853
categorical::umap__metric-canberra__nn-5__mindist-0::tumor_status	UMAP	umap	umap__metric-canberra__nn-5__mindist-0	metric=canberra, n_neighbors=5, min_dist=0	False	2	canberra		5.0	0.0		sensitivity	tumor_status	ok	369	2	2.0	fisher_exact	2.0175602465906968	10.250405558296356	1.0	0.0016383289944678255	0.15852373000268288	2.0175602465906968	65.23848238482385	0.0	0.0	categorical	0.15852373000268288	cramers_v		0.007868041006428631	0.00776212506980363	0.007826152589358025	0.0076518860337245476
categorical::umap__metric-canberra__nn-5__mindist-0::vital_status	UMAP	umap	umap__metric-canberra__nn-5__mindist-0	metric=canberra, n_neighbors=5, min_dist=0	False	2	canberra		5.0	0.0		sensitivity	vital_status	ok	411	2	2.0	fisher_exact	1.9095157179269329	10.02784355399139	1.0	0.0016985159752097457	0.1483688401693219	1.9095157179269329	77.37226277372262	0.0	0.0	categorical	0.1483688401693219	cramers_v		0.007994738986763113	0.007877779615083237	0.007943669225523628	0.007758382648054838
categorical::umap__metric-canberra__nn-5__mindist-0::OS	UMAP	umap	umap__metric-canberra__nn-5__mindist-0	metric=canberra, n_neighbors=5, min_dist=0	False	2	canberra		5.0	0.0		sensitivity	OS	ok	412	2	2.0	fisher_exact	1.9226847918436702	10.25594929904866	1.0	0.0016714586049870702	0.15004922946808222	1.9226847918436702	77.18446601941747	0.0	0.0	categorical	0.15004922946808222	cramers_v		0.007957023365757819	0.007843675454564688	0.007908982130128549	0.00772725726599972
categorical::umap__metric-canberra__nn-5__mindist-0::DSS	UMAP	umap	umap__metric-canberra__nn-5__mindist-0	metric=canberra, n_neighbors=5, min_dist=0	False	2	canberra		5.0	0.0		sensitivity	DSS	ok	389	2	2.0	fisher_exact	2.1188630490956073	9.877731865214798	1.0	0.0021404787031613507	0.15124239352015442	2.1188630490956073	46.6426735218509	0.0	0.0	categorical	0.15124239352015442	cramers_v		0.009579519442017192	0.009463169003450182	0.009600860615934246	0.009412788334398984
categorical::umap__metric-canberra__nn-5__mindist-0::DFI	UMAP	umap	umap__metric-canberra__nn-5__mindist-0	metric=canberra, n_neighbors=5, min_dist=0	False	2	canberra		5.0	0.0		sensitivity	DFI	ok	242	2	2.0	fisher_exact	2.1374911410347273	5.025343683918466	1.0	0.02855282584892672	0.12917329769420657	2.1374911410347273	19.367768595041323	0.0	0.0	categorical	0.12917329769420657	cramers_v		0.0513950865280681	0.05188927005237644	0.05128809701669038	0.0517017920742714
categorical::umap__metric-canberra__nn-5__mindist-0::PFI	UMAP	umap	umap__metric-canberra__nn-5__mindist-0	metric=canberra, n_neighbors=5, min_dist=0	False	2	canberra		5.0	0.0		sensitivity	PFI	ok	412	2	2.0	fisher_exact	2.094376212023271	12.009071044419741	1.0	0.0007137982884302828	0.16364687453685595	2.094376212023271	64.5631067961165	0.0	0.0	categorical	0.16364687453685595	cramers_v		0.004099877094977874	0.003938916102578787	0.004128256719218083	0.003917590606268529
categorical::umap__metric-canberra__nn-5__mindist-0p1::center_code	UMAP	umap	umap__metric-canberra__nn-5__mindist-0p1	metric=canberra, n_neighbors=5, min_dist=0.1	False	2	canberra		5.0	0.1		sensitivity	center_code	ok	412	2	2.0	fisher_exact	0.7131975492631231	2.830211875313152	1.0	0.10937254095835078	0.06668715510599726	0.7131975492631231	81.40776699029126	0.0	0.0	categorical	0.06668715510599726	cramers_v		0.14173435291912861	0.143054742153137	0.14004797815535067	0.1413061295593291
categorical::umap__metric-canberra__nn-5__mindist-0p1::gender	UMAP	umap	umap__metric-canberra__nn-5__mindist-0p1	metric=canberra, n_neighbors=5, min_dist=0.1	False	2	canberra		5.0	0.1		sensitivity	gender	ok	412	2	2.0	fisher_exact	0.9729448491155047	0.017319725901183962	1.0	0.9171920268143274	0.0	0.9729448491155047	61.36893203883495	0.0	0.0	categorical	0.0	cramers_v		0.9319490687652432	0.93310533311855	0.9328895408623888	0.9341267948953629
categorical::umap__metric-canberra__nn-5__mindist-0p1::race	UMAP	umap	umap__metric-canberra__nn-5__mindist-0p1	metric=canberra, n_neighbors=5, min_dist=0.1	False	2	canberra		5.0	0.1		sensitivity	race	ok	358	2	4.0	permutation_chi_square_5000	8.454810228801467	8.454810228801467	3.0	0.02539492101579684	0.12351583440833278		0.4329608938547486	2.0	0.25	categorical	0.12351583440833278	cramers_v		0.04705529482338826	0.047403852562820765	0.04693470944365343	0.047190561887622474
categorical::umap__metric-canberra__nn-5__mindist-0p1::ajcc_pathologic_tumor_stage	UMAP	umap	umap__metric-canberra__nn-5__mindist-0p1	metric=canberra, n_neighbors=5, min_dist=0.1	False	2	canberra		5.0	0.1		sensitivity	ajcc_pathologic_tumor_stage	ok	388	2	11.0	permutation_chi_square_5000	22.124424718532968	22.124424718532968	10.0	0.01219756048790242	0.17681261857224817		0.8195876288659794	4.0	0.18181818181818182	categorical	0.17681261857224817	cramers_v		0.0278267466283902	0.02794350220864918	0.027926951923048227	0.027947808496553116
categorical::umap__metric-canberra__nn-5__mindist-0p1::histological_type	UMAP	umap	umap__metric-canberra__nn-5__mindist-0p1	metric=canberra, n_neighbors=5, min_dist=0.1	False	2	canberra		5.0	0.1		sensitivity	histological_type	ok	410	2	7.0	chi_square	45.376705558860436	45.376705558860436	6.0	3.939005409986688e-08	0.3102261614423714		2.919512195121951	2.0	0.14285714285714285	categorical	0.3102261614423714	cramers_v		6.03692670503146e-06	5.572547727721349e-06	5.6536297713786695e-06	5.218735173580311e-06
categorical::umap__metric-canberra__nn-5__mindist-0p1::histological_grade	UMAP	umap	umap__metric-canberra__nn-5__mindist-0p1	metric=canberra, n_neighbors=5, min_dist=0.1	False	2	canberra		5.0	0.1		sensitivity	histological_grade	ok	412	2	4.0	chi_square	20.699031374182113	20.699031374182113	3.0	0.00012156666390820499	0.20747489420126705		3.7572815533980584	1.0	0.125	categorical	0.20747489420126705	cramers_v		0.0014753805995557645	0.0013868785875852353	0.0014890225838327478	0.0013879577025771317
categorical::umap__metric-canberra__nn-5__mindist-0p1::tumor_status	UMAP	umap	umap__metric-canberra__nn-5__mindist-0p1	metric=canberra, n_neighbors=5, min_dist=0.1	False	2	canberra		5.0	0.1		sensitivity	tumor_status	ok	369	2	2.0	fisher_exact	1.880450581395349	8.323080024706769	1.0	0.004355381219891898	0.14104054968242144	1.880450581395349	55.86720867208672	0.0	0.0	categorical	0.14104054968242144	cramers_v		0.014695096103130887	0.014571690862090151	0.014848553664775947	0.014671593653603102
categorical::umap__metric-canberra__nn-5__mindist-0p1::vital_status	UMAP	umap	umap__metric-canberra__nn-5__mindist-0p1	metric=canberra, n_neighbors=5, min_dist=0.1	False	2	canberra		5.0	0.1		sensitivity	vital_status	ok	411	2	2.0	fisher_exact	1.8372781065088757	8.813111596512446	1.0	0.003981212221567997	0.13802367273839208	1.8372781065088757	66.54014598540147	0.0	0.0	categorical	0.13802367273839208	cramers_v		0.014115206967377444	0.013934242775487991	0.014336102225082881	0.014093491264350711
categorical::umap__metric-canberra__nn-5__mindist-0p1::OS	UMAP	umap	umap__metric-canberra__nn-5__mindist-0p1	metric=canberra, n_neighbors=5, min_dist=0.1	False	2	canberra		5.0	0.1		sensitivity	OS	ok	412	2	2.0	fisher_exact	1.8486897717666948	9.003467646686449	1.0	0.00296619626895013	0.13952545505910036	1.8486897717666948	66.37864077669903	0.0	0.0	categorical	0.13952545505910036	cramers_v		0.011804247761957659	0.011630171569373987	0.011985699857880817	0.01174361653458026
categorical::umap__metric-canberra__nn-5__mindist-0p1::DSS	UMAP	umap	umap__metric-canberra__nn-5__mindist-0p1	metric=canberra, n_neighbors=5, min_dist=0.1	False	2	canberra		5.0	0.1		sensitivity	DSS	ok	389	2	2.0	fisher_exact	1.7314351673720663	5.426738935397182	1.0	0.023499738942739726	0.10678274267688151	1.7314351673720663	40.22622107969152	0.0	0.0	categorical	0.10678274267688151	cramers_v		0.044621916378623894	0.04493395775190099	0.04457469741949308	0.044795911798746146
categorical::umap__metric-canberra__nn-5__mindist-0p1::DFI	UMAP	umap	umap__metric-canberra__nn-5__mindist-0p1	metric=canberra, n_neighbors=5, min_dist=0.1	False	2	canberra		5.0	0.1		sensitivity	DFI	ok	242	2	2.0	fisher_exact	2.0284722222222222	4.441841025542539	1.0	0.0397969166729425	0.11943419231528295	2.0284722222222222	16.880165289256198	0.0	0.0	categorical	0.11943419231528295	cramers_v		0.06292215203694963	0.0634735633011488	0.0625496620658748	0.06303404251553309
categorical::umap__metric-canberra__nn-5__mindist-0p1::PFI	UMAP	umap	umap__metric-canberra__nn-5__mindist-0p1	metric=canberra, n_neighbors=5, min_dist=0.1	False	2	canberra		5.0	0.1		sensitivity	PFI	ok	412	2	2.0	fisher_exact	1.7603550295857988	7.106044472688766	1.0	0.010203606416717234	0.12186354616026747	1.7603550295857988	55.52427184466019	0.0	0.0	categorical	0.12186354616026747	cramers_v		0.02450660895979887	0.02448865540012136	0.02461058528811987	0.024571950146380278
categorical::umap__metric-canberra__nn-5__mindist-0p5::center_code	UMAP	umap	umap__metric-canberra__nn-5__mindist-0p5	metric=canberra, n_neighbors=5, min_dist=0.5	False	2	canberra		5.0	0.5		sensitivity	center_code	ok	412	2	2.0	fisher_exact	0.6644945963127782	4.166807805606705	1.0	0.04650740983992735	0.0877453937979159	0.6644945963127782	84.24757281553399	0.0	0.0	categorical	0.0877453937979159	cramers_v		0.07132878026011329	0.07204836442414975	0.0707761574349688	0.07142569667390143
categorical::umap__metric-canberra__nn-5__mindist-0p5::gender	UMAP	umap	umap__metric-canberra__nn-5__mindist-0p5	metric=canberra, n_neighbors=5, min_dist=0.5	False	2	canberra		5.0	0.5		sensitivity	gender	ok	412	2	2.0	fisher_exact	0.9790976821192053	0.010360981220183463	1.0	0.9177727345473359	0.0	0.9790976821192053	63.50970873786408	0.0	0.0	categorical	0.0	cramers_v		0.9319490687652432	0.93310533311855	0.9328895408623888	0.9341267948953629
categorical::umap__metric-canberra__nn-5__mindist-0p5::race	UMAP	umap	umap__metric-canberra__nn-5__mindist-0p5	metric=canberra, n_neighbors=5, min_dist=0.5	False	2	canberra		5.0	0.5		sensitivity	race	ok	358	2	4.0	permutation_chi_square_5000	9.377952969987847	9.377952969987847	3.0	0.014797040591881624	0.13357400812971823		0.44972067039106145	2.0	0.25	categorical	0.13357400812971823	cramers_v		0.03197566291491042	0.032145295078915254	0.03206025461574352	0.03213590410752206
categorical::umap__metric-canberra__nn-5__mindist-0p5::ajcc_pathologic_tumor_stage	UMAP	umap	umap__metric-canberra__nn-5__mindist-0p5	metric=canberra, n_neighbors=5, min_dist=0.5	False	2	canberra		5.0	0.5		sensitivity	ajcc_pathologic_tumor_stage	ok	388	2	11.0	permutation_chi_square_5000	19.680664355696628	19.680664355696628	10.0	0.02539492101579684	0.15794946553596256		0.8505154639175257	4.0	0.18181818181818182	categorical	0.15794946553596256	cramers_v		0.04705529482338826	0.047403852562820765	0.04693470944365343	0.047190561887622474
categorical::umap__metric-canberra__nn-5__mindist-0p5::histological_type	UMAP	umap	umap__metric-canberra__nn-5__mindist-0p5	metric=canberra, n_neighbors=5, min_dist=0.5	False	2	canberra		5.0	0.5		sensitivity	histological_type	ok	410	2	7.0	chi_square	40.63451581157514	40.63451581157514	6.0	3.417545753865342e-07	0.29093917916229467		3.021951219512195	2.0	0.14285714285714285	categorical	0.29093917916229467	cramers_v		1.5549833180087307e-05	1.4353692166234435e-05	1.541916231302775e-05	1.4233072904333306e-05
categorical::umap__metric-canberra__nn-5__mindist-0p5::histological_grade	UMAP	umap	umap__metric-canberra__nn-5__mindist-0p5	metric=canberra, n_neighbors=5, min_dist=0.5	False	2	canberra		5.0	0.5		sensitivity	histological_grade	ok	412	2	4.0	chi_square	17.24526989723272	17.24526989723272	3.0	0.0006292166240918703	0.18612487577041079		3.8883495145631066	1.0	0.125	categorical	0.18612487577041079	cramers_v		0.003734263877762622	0.003576599757995895	0.0037703839896755043	0.0035638829588563537
categorical::umap__metric-canberra__nn-5__mindist-0p5::tumor_status	UMAP	umap	umap__metric-canberra__nn-5__mindist-0p5	metric=canberra, n_neighbors=5, min_dist=0.5	False	2	canberra		5.0	0.5		sensitivity	tumor_status	ok	369	2	2.0	fisher_exact	1.8914461761507793	8.506484178308783	1.0	0.004399627925665814	0.14279643268330539	1.8914461761507793	57.669376693766935	0.0	0.0	categorical	0.14279643268330539	cramers_v		0.014695096103130887	0.014571690862090151	0.014848553664775947	0.014671593653603102
categorical::umap__metric-canberra__nn-5__mindist-0p5::vital_status	UMAP	umap	umap__metric-canberra__nn-5__mindist-0p5	metric=canberra, n_neighbors=5, min_dist=0.5	False	2	canberra		5.0	0.5		sensitivity	vital_status	ok	411	2	2.0	fisher_exact	1.804847645429363	8.351605744098176	1.0	0.00426317464484709	0.13388391803991617	1.804847645429363	68.86131386861314	0.0	0.0	categorical	0.13388391803991617	cramers_v		0.014695096103130887	0.014571690862090151	0.014848553664775947	0.014671593653603102
categorical::umap__metric-canberra__nn-5__mindist-0p5::OS	UMAP	umap	umap__metric-canberra__nn-5__mindist-0p5	metric=canberra, n_neighbors=5, min_dist=0.5	False	2	canberra		5.0	0.5		sensitivity	OS	ok	412	2	2.0	fisher_exact	1.816343490304709	8.542086675498657	1.0	0.004200416068461074	0.13544284597348186	1.816343490304709	68.69417475728156	0.0	0.0	categorical	0.13544284597348186	cramers_v		0.014576867627413642	0.014434157035257144	0.014778528094080935	0.014577914590541374
categorical::umap__metric-canberra__nn-5__mindist-0p5::DSS	UMAP	umap	umap__metric-canberra__nn-5__mindist-0p5	metric=canberra, n_neighbors=5, min_dist=0.5	False	2	canberra		5.0	0.5		sensitivity	DSS	ok	389	2	2.0	fisher_exact	1.7777777777777777	5.96333902161547	1.0	0.017566758854217438	0.11307322067230509	1.7777777777777777	41.70694087403599	0.0	0.0	categorical	0.11307322067230509	cramers_v		0.036484854927748625	0.03654653684647686	0.036575882655447235	0.03653462855815934
categorical::umap__metric-canberra__nn-5__mindist-0p5::DFI	UMAP	umap	umap__metric-canberra__nn-5__mindist-0p5	metric=canberra, n_neighbors=5, min_dist=0.5	False	2	canberra		5.0	0.5		sensitivity	DFI	ok	242	2	2.0	fisher_exact	2.1802451333813986	5.388296138053507	1.0	0.025525392108227914	0.13487695706848002	2.1802451333813986	17.235537190082646	0.0	0.0	categorical	0.13487695706848002	cramers_v		0.04708400030774473	0.04741325905115554	0.04706244169954522	0.047308841917867446
categorical::umap__metric-canberra__nn-5__mindist-0p5::PFI	UMAP	umap	umap__metric-canberra__nn-5__mindist-0p5	metric=canberra, n_neighbors=5, min_dist=0.5	False	2	canberra		5.0	0.5		sensitivity	PFI	ok	412	2	2.0	fisher_exact	1.7592592592592593	7.114007451505783	1.0	0.008054096777248726	0.12194301391132026	1.7592592592592593	57.46116504854369	0.0	0.0	categorical	0.12194301391132026	cramers_v		0.021074457701491075	0.021068848316955144	0.021083591222354172	0.021041699329491133
categorical::umap__metric-canberra__nn-5__mindist-1::center_code	UMAP	umap	umap__metric-canberra__nn-5__mindist-1	metric=canberra, n_neighbors=5, min_dist=1	False	2	canberra		5.0	1.0		sensitivity	center_code	ok	412	2	2.0	fisher_exact	1.3805309734513274	2.6165543692933033	1.0	0.11272364982181099	0.06266837824717404	1.3805309734513274	86.14077669902913	0.0	0.0	categorical	0.06266837824717404	cramers_v		0.14402600499853851	0.1454250499407664	0.14220236745613327	0.14354018718316938
categorical::umap__metric-canberra__nn-5__mindist-1::gender	UMAP	umap	umap__metric-canberra__nn-5__mindist-1	metric=canberra, n_neighbors=5, min_dist=1	False	2	canberra		5.0	1.0		sensitivity	gender	ok	412	2	2.0	fisher_exact	0.9605881151725546	0.03764518126842586	1.0	0.917563920833171	0.0	0.9605881151725546	64.9368932038835	0.0	0.0	categorical	0.0	cramers_v		0.9319490687652432	0.93310533311855	0.9328895408623888	0.9341267948953629
categorical::umap__metric-canberra__nn-5__mindist-1::race	UMAP	umap	umap__metric-canberra__nn-5__mindist-1	metric=canberra, n_neighbors=5, min_dist=1	False	2	canberra		5.0	1.0		sensitivity	race	ok	358	2	4.0	permutation_chi_square_5000	7.526774658510516	7.526774658510516	3.0	0.03979204159168166	0.1125015623897902		0.46089385474860334	2.0	0.25	categorical	0.1125015623897902	cramers_v		0.06292215203694963	0.0634735633011488	0.0625496620658748	0.06303404251553309
categorical::umap__metric-canberra__nn-5__mindist-1::ajcc_pathologic_tumor_stage	UMAP	umap	umap__metric-canberra__nn-5__mindist-1	metric=canberra, n_neighbors=5, min_dist=1	False	2	canberra		5.0	1.0		sensitivity	ajcc_pathologic_tumor_stage	ok	388	2	11.0	permutation_chi_square_5000	21.392787299975208	21.392787299975208	10.0	0.013997200559888023	0.17138306070908224		0.865979381443299	4.0	0.18181818181818182	categorical	0.17138306070908224	cramers_v		0.030816417361688952	0.031031916783798668	0.030939057145343268	0.031065887136052413
categorical::umap__metric-canberra__nn-5__mindist-1::histological_type	UMAP	umap	umap__metric-canberra__nn-5__mindist-1	metric=canberra, n_neighbors=5, min_dist=1	False	2	canberra		5.0	1.0		sensitivity	histological_type	ok	410	2	7.0	chi_square	36.52312051538577	36.52312051538577	6.0	2.1808564841201926e-06	0.2731176205250712		3.0902439024390245	2.0	0.14285714285714285	categorical	0.2731176205250712	cramers_v		8.118733911338353e-05	7.49421591815848e-05	7.965318682477084e-05	7.352601860748078e-05
categorical::umap__metric-canberra__nn-5__mindist-1::histological_grade	UMAP	umap	umap__metric-canberra__nn-5__mindist-1	metric=canberra, n_neighbors=5, min_dist=1	False	2	canberra		5.0	1.0		sensitivity	histological_grade	ok	412	2	4.0	chi_square	17.990745462243048	17.990745462243048	3.0	0.00044178696687670994	0.1909353012903623		3.9757281553398056	1.0	0.125	categorical	0.1909353012903623	cramers_v		0.0028716152846986146	0.0026934753786999415	0.002896159005080654	0.002696423901281988
categorical::umap__metric-canberra__nn-5__mindist-1::tumor_status	UMAP	umap	umap__metric-canberra__nn-5__mindist-1	metric=canberra, n_neighbors=5, min_dist=1	False	2	canberra		5.0	1.0		sensitivity	tumor_status	ok	369	2	2.0	fisher_exact	0.5412808641975309	7.909494074168469	1.0	0.006296600232550921	0.13699837039224555	0.5412808641975309	59.111111111111114	0.0	0.0	categorical	0.13699837039224555	cramers_v		0.01822969997522748	0.0180339092933455	0.018227524333745772	0.01797412964884662
categorical::umap__metric-canberra__nn-5__mindist-1::vital_status	UMAP	umap	umap__metric-canberra__nn-5__mindist-1	metric=canberra, n_neighbors=5, min_dist=1	False	2	canberra		5.0	1.0		sensitivity	vital_status	ok	411	2	2.0	fisher_exact	0.5223613595706619	10.106069779747667	1.0	0.0016042675558895526	0.14901043433526978	0.5223613595706619	70.4087591240876	0.0	0.0	categorical	0.14901043433526978	cramers_v		0.007774527386233986	0.007676115647167733	0.007738825253882307	0.007572142863798688
categorical::umap__metric-canberra__nn-5__mindist-1::OS	UMAP	umap	umap__metric-canberra__nn-5__mindist-1	metric=canberra, n_neighbors=5, min_dist=1	False	2	canberra		5.0	1.0		sensitivity	OS	ok	412	2	2.0	fisher_exact	0.5190342171530143	10.318223128181401	1.0	0.0015701752651086907	0.15055327958362372	0.5190342171530143	70.2378640776699	0.0	0.0	categorical	0.15055327958362372	cramers_v		0.0076549466540080284	0.007561181996315623	0.007622647301037531	0.007461300610618047
categorical::umap__metric-canberra__nn-5__mindist-1::DSS	UMAP	umap	umap__metric-canberra__nn-5__mindist-1	metric=canberra, n_neighbors=5, min_dist=1	False	2	canberra		5.0	1.0		sensitivity	DSS	ok	389	2	2.0	fisher_exact	0.5319284802043422	7.158488699334281	1.0	0.009126807959018306	0.1259597410639181	0.5319284802043422	42.69408740359897	0.0	0.0	categorical	0.1259597410639181	cramers_v		0.022929005271276053	0.02292314557148784	0.022951677719891938	0.02291411359923745
categorical::umap__metric-canberra__nn-5__mindist-1::DFI	UMAP	umap	umap__metric-canberra__nn-5__mindist-1	metric=canberra, n_neighbors=5, min_dist=1	False	2	canberra		5.0	1.0		sensitivity	DFI	ok	242	2	2.0	fisher_exact	0.5103305785123967	4.004652341245017	1.0	0.060392269374572566	0.11158151338585362	0.5103305785123967	18.123966942148762	0.0	0.0	categorical	0.11158151338585362	cramers_v		0.08738740038476137	0.08865350611102303	0.08674320339006958	0.0879788615580193
categorical::umap__metric-canberra__nn-5__mindist-1::PFI	UMAP	umap	umap__metric-canberra__nn-5__mindist-1	metric=canberra, n_neighbors=5, min_dist=1	False	2	canberra		5.0	1.0		sensitivity	PFI	ok	412	2	2.0	fisher_exact	0.5514464168310322	7.9014939235589035	1.0	0.005789463001723753	0.12956131932032286	0.5514464168310322	58.75242718446602	0.0	0.0	categorical	0.12956131932032286	cramers_v		0.017907280782789897	0.017658338047162606	0.01798751053540096	0.017672773639271465
categorical::umap__metric-cosine__nn-15__mindist-0::center_code	UMAP	umap	umap__metric-cosine__nn-15__mindist-0	metric=cosine, n_neighbors=15, min_dist=0	False	3	cosine		15.0	0.0		sensitivity	center_code	ok	412	3	2.0	chi_square	4.109458042737558	4.109458042737558	2.0	0.12812755070210202	0.07155900908004674		36.91747572815534	0.0	0.0	categorical	0.07155900908004674	cramers_v		0.15947790885261634	0.16090436599798857	0.15749011440466706	0.15886918721031215
categorical::umap__metric-cosine__nn-15__mindist-0::gender	UMAP	umap	umap__metric-cosine__nn-15__mindist-0	metric=cosine, n_neighbors=15, min_dist=0	False	3	cosine		15.0	0.0		sensitivity	gender	ok	412	3	2.0	chi_square	0.5774824311299815	0.5774824311299815	2.0	0.7492060631856661	0.0		27.83009708737864	0.0	0.0	categorical	0.0	cramers_v		0.7907213476147688	0.7943895985531046	0.79370310837487	0.797650966519476
categorical::umap__metric-cosine__nn-15__mindist-0::race	UMAP	umap	umap__metric-cosine__nn-15__mindist-0	metric=cosine, n_neighbors=15, min_dist=0	False	3	cosine		15.0	0.0		sensitivity	race	ok	358	3	4.0	permutation_chi_square_5000	4.877255957685406	4.877255957685406	6.0	0.589882023595281	0.0		0.19553072625698323	5.0	0.4166666666666667	categorical	0.0	cramers_v		0.6365130136028131	0.6398146482611655	0.6363424924016604	0.6405467372783112
categorical::umap__metric-cosine__nn-15__mindist-0::ajcc_pathologic_tumor_stage	UMAP	umap	umap__metric-cosine__nn-15__mindist-0	metric=cosine, n_neighbors=15, min_dist=0	False	3	cosine		15.0	0.0		sensitivity	ajcc_pathologic_tumor_stage	ok	388	3	11.0	permutation_chi_square_5000	27.20314082747206	27.20314082747206	20.0	0.12077584483103379	0.09624798624827047		0.38144329896907214	7.0	0.21212121212121213	categorical	0.09624798624827047	cramers_v		0.1531198404281992	0.15475684524112127	0.15136449834216162	0.15296833298814297
categorical::umap__metric-cosine__nn-15__mindist-0::histological_type	UMAP	umap	umap__metric-cosine__nn-15__mindist-0	metric=cosine, n_neighbors=15, min_dist=0	False	3	cosine		15.0	0.0		sensitivity	histological_type	ok	410	3	7.0	permutation_chi_square_5000	53.82358062707486	53.82358062707486	12.0	0.0001999600079984003	0.22631625260476834		1.3317073170731708	6.0	0.2857142857142857	categorical	0.22631625260476834	cramers_v		0.0014753805995557645	0.0013868785875852353	0.0014890225838327478	0.0013879577025771317
categorical::umap__metric-cosine__nn-15__mindist-0::histological_grade	UMAP	umap	umap__metric-cosine__nn-15__mindist-0	metric=cosine, n_neighbors=15, min_dist=0	False	3	cosine		15.0	0.0		sensitivity	histological_grade	ok	412	3	4.0	permutation_chi_square_5000	35.01831548252339	35.01831548252339	6.0	0.0001999600079984003	0.18807127989597217		1.703883495145631	5.0	0.4166666666666667	categorical	0.18807127989597217	cramers_v		0.0014753805995557645	0.0013868785875852353	0.0014890225838327478	0.0013879577025771317
categorical::umap__metric-cosine__nn-15__mindist-0::tumor_status	UMAP	umap	umap__metric-cosine__nn-15__mindist-0	metric=cosine, n_neighbors=15, min_dist=0	False	3	cosine		15.0	0.0		sensitivity	tumor_status	ok	369	3	2.0	chi_square	6.659177711717854	6.659177711717854	2.0	0.03580782421873369	0.11245503079013294		25.230352303523034	0.0	0.0	categorical	0.11245503079013294	cramers_v		0.05900725962805411	0.05949607716343445	0.05881070915582172	0.05923350361416695
categorical::umap__metric-cosine__nn-15__mindist-0::vital_status	UMAP	umap	umap__metric-cosine__nn-15__mindist-0	metric=cosine, n_neighbors=15, min_dist=0	False	3	cosine		15.0	0.0		sensitivity	vital_status	ok	411	3	2.0	chi_square	9.272089210634924	9.272089210634924	2.0	0.009695973281135315	0.1331353098019756		30.175182481751825	0.0	0.0	categorical	0.1331353098019756	cramers_v		0.02391868107605368	0.023876728991981427	0.023912577191738865	0.023835934316124314
categorical::umap__metric-cosine__nn-15__mindist-0::OS	UMAP	umap	umap__metric-cosine__nn-15__mindist-0	metric=cosine, n_neighbors=15, min_dist=0	False	3	cosine		15.0	0.0		sensitivity	OS	ok	412	3	2.0	chi_square	9.516264767371041	9.516264767371041	2.0	0.008581621617039303	0.13518882041158573		30.101941747572816	0.0	0.0	categorical	0.13518882041158573	cramers_v		0.021963587826109965	0.02191792548135714	0.02201372501762256	0.021934253086150997
categorical::umap__metric-cosine__nn-15__mindist-0::DSS	UMAP	umap	umap__metric-cosine__nn-15__mindist-0	metric=cosine, n_neighbors=15, min_dist=0	False	3	cosine		15.0	0.0		sensitivity	DSS	ok	389	3	2.0	chi_square	6.741676428725373	6.741676428725373	2.0	0.03436082353328565	0.11048806032974143		18.508997429305914	0.0	0.0	categorical	0.11048806032974143	cramers_v		0.057904350769055445	0.05850626709721611	0.057795508004451955	0.05833923995579435
categorical::umap__metric-cosine__nn-15__mindist-0::DFI	UMAP	umap	umap__metric-cosine__nn-15__mindist-0	metric=cosine, n_neighbors=15, min_dist=0	False	3	cosine		15.0	0.0		sensitivity	DFI	ok	242	3	2.0	chi_square	4.694816707828004	4.694816707828004	2.0	0.09561664588805475	0.10558205021821086		7.818181818181818	0.0	0.0	categorical	0.10558205021821086	cramers_v		0.12610311269294178	0.12748886118407302	0.12472443434717347	0.12606440463453028
categorical::umap__metric-cosine__nn-15__mindist-0::PFI	UMAP	umap	umap__metric-cosine__nn-15__mindist-0	metric=cosine, n_neighbors=15, min_dist=0	False	3	cosine		15.0	0.0		sensitivity	PFI	ok	412	3	2.0	chi_square	6.86978633847704	6.86978633847704	2.0	0.03222885308092871	0.10879732891932165		25.179611650485437	0.0	0.0	categorical	0.10879732891932165	cramers_v		0.05545258544806852	0.05614058278613388	0.05542495585890655	0.056063950813998835
categorical::umap__metric-cosine__nn-15__mindist-0p1::center_code	UMAP	umap	umap__metric-cosine__nn-15__mindist-0p1	metric=cosine, n_neighbors=15, min_dist=0.1	False	3	cosine		15.0	0.1		sensitivity	center_code	ok	412	3	2.0	chi_square	9.987811156491384	9.987811156491384	2.0	0.006779136274777464	0.13936763889696266		37.86407766990291	0.0	0.0	categorical	0.13936763889696266	cramers_v		0.018949189791954753	0.018772992760922206	0.018907627355470233	0.01867559720833636
categorical::umap__metric-cosine__nn-15__mindist-0p1::gender	UMAP	umap	umap__metric-cosine__nn-15__mindist-0p1	metric=cosine, n_neighbors=15, min_dist=0.1	False	3	cosine		15.0	0.1		sensitivity	gender	ok	412	3	2.0	chi_square	0.5545685180619806	0.5545685180619806	2.0	0.7578390438974335	0.0		28.54368932038835	0.0	0.0	categorical	0.0	cramers_v		0.7957309960923052	0.7990604144859969	0.7984375641062246	0.8020180016134274
categorical::umap__metric-cosine__nn-15__mindist-0p1::race	UMAP	umap	umap__metric-cosine__nn-15__mindist-0p1	metric=cosine, n_neighbors=15, min_dist=0.1	False	3	cosine		15.0	0.1		sensitivity	race	ok	358	3	4.0	permutation_chi_square_5000	3.3139590336083717	3.3139590336083717	6.0	0.8208358328334333	0.0		0.19832402234636873	6.0	0.5	categorical	0.0	cramers_v		0.8563879580771744	0.8594901518311296	0.8589100733741383	0.8622429816707281
categorical::umap__metric-cosine__nn-15__mindist-0p1::ajcc_pathologic_tumor_stage	UMAP	umap	umap__metric-cosine__nn-15__mindist-0p1	metric=cosine, n_neighbors=15, min_dist=0.1	False	3	cosine		15.0	0.1		sensitivity	ajcc_pathologic_tumor_stage	ok	388	3	11.0	permutation_chi_square_5000	24.51343589096703	24.51343589096703	20.0	0.21575684863027395	0.07602338099409245		0.3917525773195876	7.0	0.21212121212121213	categorical	0.07602338099409245	cramers_v		0.25609399859158605	0.25768116518876316	0.25381212101138056	0.2554445632612608
categorical::umap__metric-cosine__nn-15__mindist-0p1::histological_type	UMAP	umap	umap__metric-cosine__nn-15__mindist-0p1	metric=cosine, n_neighbors=15, min_dist=0.1	False	3	cosine		15.0	0.1		sensitivity	histological_type	ok	410	3	7.0	permutation_chi_square_5000	53.73517918635461	53.73517918635461	12.0	0.0001999600079984003	0.22607677854150862		1.3658536585365855	6.0	0.2857142857142857	categorical	0.22607677854150862	cramers_v		0.0014753805995557645	0.0013868785875852353	0.0014890225838327478	0.0013879577025771317
categorical::umap__metric-cosine__nn-15__mindist-0p1::histological_grade	UMAP	umap	umap__metric-cosine__nn-15__mindist-0p1	metric=cosine, n_neighbors=15, min_dist=0.1	False	3	cosine		15.0	0.1		sensitivity	histological_grade	ok	412	3	4.0	permutation_chi_square_5000	26.15222985094525	26.15222985094525	6.0	0.0001999600079984003	0.15671113055937394		1.7475728155339805	5.0	0.4166666666666667	categorical	0.15671113055937394	cramers_v		0.0014753805995557645	0.0013868785875852353	0.0014890225838327478	0.0013879577025771317
categorical::umap__metric-cosine__nn-15__mindist-0p1::tumor_status	UMAP	umap	umap__metric-cosine__nn-15__mindist-0p1	metric=cosine, n_neighbors=15, min_dist=0.1	False	3	cosine		15.0	0.1		sensitivity	tumor_status	ok	369	3	2.0	chi_square	9.361884122404208	9.361884122404208	2.0	0.009270276604261708	0.1413877614257642		25.230352303523034	0.0	0.0	categorical	0.1413877614257642	cramers_v		0.023189410927664175	0.023171749533202893	0.023202599672827524	0.023152323183828982
categorical::umap__metric-cosine__nn-15__mindist-0p1::vital_status	UMAP	umap	umap__metric-cosine__nn-15__mindist-0p1	metric=cosine, n_neighbors=15, min_dist=0.1	False	3	cosine		15.0	0.1		sensitivity	vital_status	ok	411	3	2.0	chi_square	7.204096835782395	7.204096835782395	2.0	0.02726780933164166	0.11261037638480731		30.94890510948905	0.0	0.0	categorical	0.11261037638480731	cramers_v		0.04962741298358782	0.050035106443497804	0.04956021269518757	0.0498852945912204
categorical::umap__metric-cosine__nn-15__mindist-0p1::OS	UMAP	umap	umap__metric-cosine__nn-15__mindist-0p1	metric=cosine, n_neighbors=15, min_dist=0.1	False	3	cosine		15.0	0.1		sensitivity	OS	ok	412	3	2.0	chi_square	7.430822663850302	7.430822663850302	2.0	0.02434542500465616	0.11489960290439415		30.87378640776699	0.0	0.0	categorical	0.11489960290439415	cramers_v		0.04604827500880692	0.04636055743959712	0.04599246546446127	0.04621061904369052
categorical::umap__metric-cosine__nn-15__mindist-0p1::DSS	UMAP	umap	umap__metric-cosine__nn-15__mindist-0p1	metric=cosine, n_neighbors=15, min_dist=0.1	False	3	cosine		15.0	0.1		sensitivity	DSS	ok	389	3	2.0	chi_square	7.970539590240785	7.970539590240785	2.0	0.018587428848589	0.1239951838195595		18.75578406169666	0.0	0.0	categorical	0.1239951838195595	cramers_v		0.03752447405836648	0.0376861179466179	0.0375338294495553	0.03759944803250907
categorical::umap__metric-cosine__nn-15__mindist-0p1::DFI	UMAP	umap	umap__metric-cosine__nn-15__mindist-0p1	metric=cosine, n_neighbors=15, min_dist=0.1	False	3	cosine		15.0	0.1		sensitivity	DFI	ok	242	3	2.0	chi_square	4.601039527649319	4.601039527649319	2.0	0.10020674634307394	0.10372292754452664		7.462809917355372	0.0	0.0	categorical	0.10372292754452664	cramers_v		0.13131092040796408	0.1326730301845252	0.12982867304921913	0.13113932793141655
categorical::umap__metric-cosine__nn-15__mindist-0p1::PFI	UMAP	umap	umap__metric-cosine__nn-15__mindist-0p1	metric=cosine, n_neighbors=15, min_dist=0.1	False	3	cosine		15.0	0.1		sensitivity	PFI	ok	412	3	2.0	chi_square	7.037649327113263	7.037649327113263	2.0	0.02963424491532309	0.11065842471745779		25.825242718446603	0.0	0.0	categorical	0.11065842471745779	cramers_v		0.0523231869051393	0.0528121886519163	0.05211933033278161	0.052527212093355015
categorical::umap__metric-cosine__nn-15__mindist-0p5::center_code	UMAP	umap	umap__metric-cosine__nn-15__mindist-0p5	metric=cosine, n_neighbors=15, min_dist=0.5	False	3	cosine		15.0	0.5		sensitivity	center_code	ok	412	3	2.0	chi_square	8.105346440962737	8.105346440962737	2.0	0.017375862986423053	0.12183228445925087		43.070388349514566	0.0	0.0	categorical	0.12183228445925087	cramers_v		0.03621076790300377	0.0362877138611487	0.036314133271352814	0.03628941296279505
categorical::umap__metric-cosine__nn-15__mindist-0p5::gender	UMAP	umap	umap__metric-cosine__nn-15__mindist-0p5	metric=cosine, n_neighbors=15, min_dist=0.5	False	3	cosine		15.0	0.5		sensitivity	gender	ok	412	3	2.0	chi_square	0.387818432907058	0.387818432907058	2.0	0.823732682248459	0.0		32.46844660194175	0.0	0.0	categorical	0.0	cramers_v		0.8583168788314095	0.8613304395295089	0.8607669854013188	0.8640040578250504
categorical::umap__metric-cosine__nn-15__mindist-0p5::race	UMAP	umap	umap__metric-cosine__nn-15__mindist-0p5	metric=cosine, n_neighbors=15, min_dist=0.5	False	3	cosine		15.0	0.5		sensitivity	race	ok	358	3	4.0	permutation_chi_square_5000	4.3288816728125425	4.3288816728125425	6.0	0.6842631473705258	0.0		0.22346368715083798	6.0	0.5	categorical	0.0	cramers_v		0.7249825584689013	0.7285956893128416	0.7279193259822377	0.7318101334415896
categorical::umap__metric-cosine__nn-15__mindist-0p5::ajcc_pathologic_tumor_stage	UMAP	umap	umap__metric-cosine__nn-15__mindist-0p5	metric=cosine, n_neighbors=15, min_dist=0.5	False	3	cosine		15.0	0.5		sensitivity	ajcc_pathologic_tumor_stage	ok	388	3	11.0	permutation_chi_square_5000	20.141764398718234	20.141764398718234	20.0	0.4527094581083783	0.010802394804473004		0.44329896907216493	7.0	0.21212121212121213	categorical	0.010802394804473004	cramers_v		0.49834549219188423	0.5018304257037155	0.4974615392107825	0.5015935779980154
categorical::umap__metric-cosine__nn-15__mindist-0p5::histological_type	UMAP	umap	umap__metric-cosine__nn-15__mindist-0p5	metric=cosine, n_neighbors=15, min_dist=0.5	False	3	cosine		15.0	0.5		sensitivity	histological_type	ok	410	3	7.0	permutation_chi_square_5000	49.85461961842435	49.85461961842435	12.0	0.0001999600079984003	0.2153022644850582		1.553658536585366	7.0	0.3333333333333333	categorical	0.2153022644850582	cramers_v		0.0014753805995557645	0.0013868785875852353	0.0014890225838327478	0.0013879577025771317
categorical::umap__metric-cosine__nn-15__mindist-0p5::histological_grade	UMAP	umap	umap__metric-cosine__nn-15__mindist-0p5	metric=cosine, n_neighbors=15, min_dist=0.5	False	3	cosine		15.0	0.5		sensitivity	histological_grade	ok	412	3	4.0	permutation_chi_square_5000	30.349787700856492	30.349787700856492	6.0	0.0001999600079984003	0.17227133303406142		1.9878640776699028	6.0	0.5	categorical	0.17227133303406142	cramers_v		0.0014753805995557645	0.0013868785875852353	0.0014890225838327478	0.0013879577025771317
categorical::umap__metric-cosine__nn-15__mindist-0p5::tumor_status	UMAP	umap	umap__metric-cosine__nn-15__mindist-0p5	metric=cosine, n_neighbors=15, min_dist=0.5	False	3	cosine		15.0	0.5		sensitivity	tumor_status	ok	369	3	2.0	chi_square	10.608840611970624	10.608840611970624	2.0	0.004969578228352313	0.1529019058874176		29.555555555555557	0.0	0.0	categorical	0.1529019058874176	cramers_v		0.015961115956943314	0.015785719078295582	0.016082981017494617	0.01584892516069116
categorical::umap__metric-cosine__nn-15__mindist-0p5::vital_status	UMAP	umap	umap__metric-cosine__nn-15__mindist-0p5	metric=cosine, n_neighbors=15, min_dist=0.5	False	3	cosine		15.0	0.5		sensitivity	vital_status	ok	411	3	2.0	chi_square	9.517045293247364	9.517045293247364	2.0	0.008578273181600475	0.13536051170957103		35.2043795620438	0.0	0.0	categorical	0.13536051170957103	cramers_v		0.021963587826109965	0.02191792548135714	0.02201372501762256	0.021934253086150997
categorical::umap__metric-cosine__nn-15__mindist-0p5::OS	UMAP	umap	umap__metric-cosine__nn-15__mindist-0p5	metric=cosine, n_neighbors=15, min_dist=0.5	False	3	cosine		15.0	0.5		sensitivity	OS	ok	412	3	2.0	chi_square	9.785707148138682	9.785707148138682	2.0	0.007499990132785473	0.13759214590247534		35.11893203883495	0.0	0.0	categorical	0.13759214590247534	cramers_v		0.02004446460515727	0.02007170633471035	0.020079939571551	0.020074110851791477
categorical::umap__metric-cosine__nn-15__mindist-0p5::DSS	UMAP	umap	umap__metric-cosine__nn-15__mindist-0p5	metric=cosine, n_neighbors=15, min_dist=0.5	False	3	cosine		15.0	0.5		sensitivity	DSS	ok	389	3	2.0	chi_square	10.872956764765089	10.872956764765089	2.0	0.004354792211772488	0.1511797338787576		21.470437017994858	0.0	0.0	categorical	0.1511797338787576	cramers_v		0.014695096103130887	0.014571690862090151	0.014848553664775947	0.014671593653603102
categorical::umap__metric-cosine__nn-15__mindist-0p5::DFI	UMAP	umap	umap__metric-cosine__nn-15__mindist-0p5	metric=cosine, n_neighbors=15, min_dist=0.5	False	3	cosine		15.0	0.5		sensitivity	DFI	ok	242	3	2.0	chi_square	5.445549393548762	5.445549393548762	2.0	0.06569222530636991	0.11942653116957665		8.884297520661157	0.0	0.0	categorical	0.11942653116957665	cramers_v		0.09292216325719681	0.09405932259775691	0.0921132299999739	0.0932066042423044
categorical::umap__metric-cosine__nn-15__mindist-0p5::PFI	UMAP	umap	umap__metric-cosine__nn-15__mindist-0p5	metric=cosine, n_neighbors=15, min_dist=0.5	False	3	cosine		15.0	0.5		sensitivity	PFI	ok	412	3	2.0	chi_square	9.941044442686158	9.941044442686158	2.0	0.006939523121240193	0.13895880854866854		29.37621359223301	0.0	0.0	categorical	0.13895880854866854	cramers_v		0.0192009102577558	0.019008258984266616	0.019215213841123565	0.018969816099760835
categorical::umap__metric-cosine__nn-15__mindist-1::center_code	UMAP	umap	umap__metric-cosine__nn-15__mindist-1	metric=cosine, n_neighbors=15, min_dist=1	False	3	cosine		15.0	1.0		sensitivity	center_code	ok	412	3	2.0	chi_square	6.494008574495877	6.494008574495877	2.0	0.038890538380029385	0.1045110149144246		44.01699029126213	0.0	0.0	categorical	0.1045110149144246	cramers_v		0.06228997178776372	0.06285845914436652	0.06193598213817621	0.06243917853584159
categorical::umap__metric-cosine__nn-15__mindist-1::gender	UMAP	umap	umap__metric-cosine__nn-15__mindist-1	metric=cosine, n_neighbors=15, min_dist=1	False	3	cosine		15.0	1.0		sensitivity	gender	ok	412	3	2.0	chi_square	0.12667990324058392	0.12667990324058392	2.0	0.9386243325832316	0.0		33.182038834951456	0.0	0.0	categorical	0.0	cramers_v		0.9514026341406766	0.9524832153462056	0.9522815649356332	0.953437629080241
categorical::umap__metric-cosine__nn-15__mindist-1::race	UMAP	umap	umap__metric-cosine__nn-15__mindist-1	metric=cosine, n_neighbors=15, min_dist=1	False	3	cosine		15.0	1.0		sensitivity	race	ok	358	3	4.0	permutation_chi_square_5000	4.821047396949983	4.821047396949983	6.0	0.6034793041391722	0.0		0.23184357541899442	6.0	0.5	categorical	0.0	cramers_v		0.6494737846123285	0.6526900628458	0.6500963852173386	0.6543083420069432
categorical::umap__metric-cosine__nn-15__mindist-1::ajcc_pathologic_tumor_stage	UMAP	umap	umap__metric-cosine__nn-15__mindist-1	metric=cosine, n_neighbors=15, min_dist=1	False	3	cosine		15.0	1.0		sensitivity	ajcc_pathologic_tumor_stage	ok	388	3	11.0	permutation_chi_square_5000	22.62935874077349	22.62935874077349	20.0	0.3047390521895621	0.057784144358697345		0.4587628865979381	7.0	0.21212121212121213	categorical	0.057784144358697345	cramers_v		0.34760624476775953	0.3506586353962084	0.34576161690738777	0.3491185258094012
categorical::umap__metric-cosine__nn-15__mindist-1::histological_type	UMAP	umap	umap__metric-cosine__nn-15__mindist-1	metric=cosine, n_neighbors=15, min_dist=1	False	3	cosine		15.0	1.0		sensitivity	histological_type	ok	410	3	7.0	permutation_chi_square_5000	43.33555913730807	43.33555913730807	12.0	0.0001999600079984003	0.19587221506233143		1.5878048780487806	7.0	0.3333333333333333	categorical	0.19587221506233143	cramers_v		0.0014753805995557645	0.0013868785875852353	0.0014890225838327478	0.0013879577025771317
categorical::umap__metric-cosine__nn-15__mindist-1::histological_grade	UMAP	umap	umap__metric-cosine__nn-15__mindist-1	metric=cosine, n_neighbors=15, min_dist=1	False	3	cosine		15.0	1.0		sensitivity	histological_grade	ok	412	3	4.0	permutation_chi_square_5000	33.71164133069748	33.71164133069748	6.0	0.0001999600079984003	0.18378596884800005		2.0315533980582523	6.0	0.5	categorical	0.18378596884800005	cramers_v		0.0014753805995557645	0.0013868785875852353	0.0014890225838327478	0.0013879577025771317
categorical::umap__metric-cosine__nn-15__mindist-1::tumor_status	UMAP	umap	umap__metric-cosine__nn-15__mindist-1	metric=cosine, n_neighbors=15, min_dist=1	False	3	cosine		15.0	1.0		sensitivity	tumor_status	ok	369	3	2.0	chi_square	7.883901203716617	7.883901203716617	2.0	0.019410315996264065	0.1263891272722439		30.276422764227643	0.0	0.0	categorical	0.1263891272722439	cramers_v		0.03836458366483893	0.03847273996192063	0.038330143674606486	0.03833835669017851
categorical::umap__metric-cosine__nn-15__mindist-1::vital_status	UMAP	umap	umap__metric-cosine__nn-15__mindist-1	metric=cosine, n_neighbors=15, min_dist=1	False	3	cosine		15.0	1.0		sensitivity	vital_status	ok	411	3	2.0	chi_square	6.475864302010551	6.475864302010551	2.0	0.03924496391023942	0.10442657416402326		35.97810218978102	0.0	0.0	categorical	0.10442657416402326	cramers_v		0.06228997178776372	0.06285845914436652	0.06193598213817621	0.06243917853584159
categorical::umap__metric-cosine__nn-15__mindist-1::OS	UMAP	umap	umap__metric-cosine__nn-15__mindist-1	metric=cosine, n_neighbors=15, min_dist=1	False	3	cosine		15.0	1.0		sensitivity	OS	ok	412	3	2.0	chi_square	6.684854810085728	6.684854810085728	2.0	0.03535104218980568	0.10670942347960187		35.890776699029125	0.0	0.0	categorical	0.10670942347960187	cramers_v		0.058489906168587576	0.058996441270404175	0.05831021367651819	0.058752436315451684
categorical::umap__metric-cosine__nn-15__mindist-1::DSS	UMAP	umap	umap__metric-cosine__nn-15__mindist-1	metric=cosine, n_neighbors=15, min_dist=1	False	3	cosine		15.0	1.0		sensitivity	DSS	ok	389	3	2.0	chi_square	6.417172725849268	6.417172725849268	2.0	0.04041370321951465	0.10663609224926617		21.96401028277635	0.0	0.0	categorical	0.10663609224926617	cramers_v		0.06365158257073557	0.06418646981922915	0.06325981708034233	0.06372583937509214
categorical::umap__metric-cosine__nn-15__mindist-1::DFI	UMAP	umap	umap__metric-cosine__nn-15__mindist-1	metric=cosine, n_neighbors=15, min_dist=1	False	3	cosine		15.0	1.0		sensitivity	DFI	ok	242	3	2.0	chi_square	3.0494253688026927	3.0494253688026927	2.0	0.21768359177266278	0.06572748149007158		9.239669421487603	0.0	0.0	categorical	0.06572748149007158	cramers_v		0.25689173150116834	0.2583497572686547	0.2545172483073664	0.2560132607558891
categorical::umap__metric-cosine__nn-15__mindist-1::PFI	UMAP	umap	umap__metric-cosine__nn-15__mindist-1	metric=cosine, n_neighbors=15, min_dist=1	False	3	cosine		15.0	1.0		sensitivity	PFI	ok	412	3	2.0	chi_square	9.051155659170682	9.051155659170682	2.0	0.010828455626323029	0.13093646601901746		30.021844660194176	0.0	0.0	categorical	0.13093646601901746	cramers_v		0.0257058120520538	0.025743120922956633	0.025793246786924733	0.025813288159719543
categorical::umap__metric-cosine__nn-30__mindist-0::center_code	UMAP	umap	umap__metric-cosine__nn-30__mindist-0	metric=cosine, n_neighbors=30, min_dist=0	False	2	cosine		30.0	0.0		sensitivity	center_code	ok	412	2	2.0	fisher_exact	0.708657626574661	3.0284659059482713	1.0	0.09336640006226202	0.07021075000286349	0.708657626574661	94.1868932038835	0.0	0.0	categorical	0.07021075000286349	cramers_v		0.1239336817682214	0.12515070646643633	0.12262333706807357	0.12378915963311145
categorical::umap__metric-cosine__nn-30__mindist-0::gender	UMAP	umap	umap__metric-cosine__nn-30__mindist-0	metric=cosine, n_neighbors=30, min_dist=0	False	2	cosine		30.0	0.0		sensitivity	gender	ok	412	2	2.0	fisher_exact	1.0431496062992125	0.042148776389663245	1.0	0.8378283077562154	0.0	1.0431496062992125	71.00242718446601	0.0	0.0	categorical	0.0	cramers_v		0.8696848974047406	0.8724493122089516	0.8719325807992093	0.8749003567719772
categorical::umap__metric-cosine__nn-30__mindist-0::race	UMAP	umap	umap__metric-cosine__nn-30__mindist-0	metric=cosine, n_neighbors=30, min_dist=0	False	2	cosine		30.0	0.0		sensitivity	race	ok	358	2	4.0	permutation_chi_square_5000	2.1801677691117316	2.1801677691117316	3.0	0.5472905418916216	0.0		0.46368715083798884	2.0	0.25	categorical	0.0	cramers_v		0.5928980870492567	0.5961839332421699	0.5928980870492567	0.5970442275181327
categorical::umap__metric-cosine__nn-30__mindist-0::ajcc_pathologic_tumor_stage	UMAP	umap	umap__metric-cosine__nn-30__mindist-0	metric=cosine, n_neighbors=30, min_dist=0	False	2	cosine		30.0	0.0		sensitivity	ajcc_pathologic_tumor_stage	ok	388	2	11.0	permutation_chi_square_5000	23.817873779213926	23.817873779213926	10.0	0.004599080183963208	0.18878180174453982		0.979381443298969	4.0	0.18181818181818182	categorical	0.18878180174453982	cramers_v		0.015066586682663467	0.014922337420927833	0.015204717677154225	0.015005293872101156
categorical::umap__metric-cosine__nn-30__mindist-0::histological_type	UMAP	umap	umap__metric-cosine__nn-30__mindist-0	metric=cosine, n_neighbors=30, min_dist=0	False	2	cosine		30.0	0.0		sensitivity	histological_type	ok	410	2	7.0	chi_square	26.549015691934144	26.549015691934144	6.0	0.00017586238420099287	0.2240681246805406		3.3804878048780487	2.0	0.14285714285714285	categorical	0.2240681246805406	cramers_v		0.0014753805995557645	0.0013868785875852353	0.0014890225838327478	0.0013879577025771317
categorical::umap__metric-cosine__nn-30__mindist-0::histological_grade	UMAP	umap	umap__metric-cosine__nn-30__mindist-0	metric=cosine, n_neighbors=30, min_dist=0	False	2	cosine		30.0	0.0		sensitivity	histological_grade	ok	412	2	4.0	permutation_chi_square_5000	10.808022923718774	10.808022923718774	3.0	0.011397720455908818	0.13776783102131254		4.347087378640777	2.0	0.25	categorical	0.13776783102131254	cramers_v		0.02659468106378724	0.026677017537668934	0.026734102720740255	0.026720483717825972
categorical::umap__metric-cosine__nn-30__mindist-0::tumor_status	UMAP	umap	umap__metric-cosine__nn-30__mindist-0	metric=cosine, n_neighbors=30, min_dist=0	False	2	cosine		30.0	0.0		sensitivity	tumor_status	ok	369	2	2.0	fisher_exact	2.0987654320987654	11.228783455801345	1.0	0.0010918924552732869	0.16669861486255003	2.0987654320987654	63.43631436314363	0.0	0.0	categorical	0.16669861486255003	cramers_v		0.0056959230628587385	0.005615446912834047	0.005697153150983749	0.005561581714629404
categorical::umap__metric-cosine__nn-30__mindist-0::vital_status	UMAP	umap	umap__metric-cosine__nn-30__mindist-0	metric=cosine, n_neighbors=30, min_dist=0	False	2	cosine		30.0	0.0		sensitivity	vital_status	ok	411	2	2.0	fisher_exact	2.0848957552122394	12.724370123287203	1.0	0.0003904618064269309	0.16908650428040115	2.0848957552122394	76.5985401459854	0.0	0.0	categorical	0.16908650428040115	cramers_v		0.0026628820577347945	0.0024986738189552173	0.0026906899321890005	0.002505693551555176
categorical::umap__metric-cosine__nn-30__mindist-0::OS	UMAP	umap	umap__metric-cosine__nn-30__mindist-0	metric=cosine, n_neighbors=30, min_dist=0	False	2	cosine		30.0	0.0		sensitivity	OS	ok	412	2	2.0	fisher_exact	2.0998950052497376	12.99302459908363	1.0	0.0003826240787016791	0.1708050388501758	2.0998950052497376	76.79854368932038	0.0	0.0	categorical	0.1708050388501758	cramers_v		0.0026333539534174385	0.002472340200841619	0.0026679333487653447	0.0024853013552365946
categorical::umap__metric-cosine__nn-30__mindist-0::DSS	UMAP	umap	umap__metric-cosine__nn-30__mindist-0	metric=cosine, n_neighbors=30, min_dist=0	False	2	cosine		30.0	0.0		sensitivity	DSS	ok	389	2	2.0	fisher_exact	2.115107913669065	9.578754620279836	1.0	0.0021847431578329193	0.1486731198621395	2.115107913669065	46.149100257069406	0.0	0.0	categorical	0.1486731198621395	cramers_v		0.009724481773180223	0.009602708298381902	0.009742430244522378	0.009548136763862389
categorical::umap__metric-cosine__nn-30__mindist-0::DFI	UMAP	umap	umap__metric-cosine__nn-30__mindist-0	metric=cosine, n_neighbors=30, min_dist=0	False	2	cosine		30.0	0.0		sensitivity	DFI	ok	242	2	2.0	fisher_exact	2.3545454545454545	6.1858634448448	1.0	0.017836324645250118	0.1466330741688704	2.3545454545454545	20.611570247933884	0.0	0.0	categorical	0.1466330741688704	cramers_v		0.036795843537682234	0.03684224434920516	0.03687455795931763	0.03681667011322765
categorical::umap__metric-cosine__nn-30__mindist-0::PFI	UMAP	umap	umap__metric-cosine__nn-30__mindist-0	metric=cosine, n_neighbors=30, min_dist=0	False	2	cosine		30.0	0.0		sensitivity	PFI	ok	412	2	2.0	fisher_exact	1.9933554817275747	10.32736812705212	1.0	0.0015354154731476474	0.15062715801153648	1.9933554817275747	64.24029126213593	0.0	0.0	categorical	0.15062715801153648	cramers_v		0.007621244075805595	0.007537494140906633	0.007597830115511262	0.007445713390332427
categorical::umap__metric-cosine__nn-30__mindist-0p1::center_code	UMAP	umap	umap__metric-cosine__nn-30__mindist-0p1	metric=cosine, n_neighbors=30, min_dist=0.1	False	2	cosine		30.0	0.1		sensitivity	center_code	ok	412	2	2.0	fisher_exact	1.2781954887218046	1.5414286804096888	1.0	0.23640329661550546	0.03621370676567165	1.2781954887218046	93.7135922330097	0.0	0.0	categorical	0.03621370676567165	cramers_v		0.27580384605142305	0.2779485104841713	0.27307428991580224	0.2752854177693715
categorical::umap__metric-cosine__nn-30__mindist-0p1::gender	UMAP	umap	umap__metric-cosine__nn-30__mindist-0p1	metric=cosine, n_neighbors=30, min_dist=0.1	False	2	cosine		30.0	0.1		sensitivity	gender	ok	412	2	2.0	fisher_exact	0.9442446043165468	0.0777183267144726	1.0	0.8370276951623934	0.0	0.9442446043165468	70.64563106796116	0.0	0.0	categorical	0.0	cramers_v		0.8696848974047406	0.8724493122089516	0.8719325807992093	0.8749003567719772
categorical::umap__metric-cosine__nn-30__mindist-0p1::race	UMAP	umap	umap__metric-cosine__nn-30__mindist-0p1	metric=cosine, n_neighbors=30, min_dist=0.1	False	2	cosine		30.0	0.1		sensitivity	race	ok	358	2	4.0	permutation_chi_square_5000	2.2996645867494445	2.2996645867494445	3.0	0.5378924215156968	0.0		0.46089385474860334	2.0	0.25	categorical	0.0	cramers_v		0.5834886002931864	0.5867917325625783	0.58354100042792	0.5876972753597428
categorical::umap__metric-cosine__nn-30__mindist-0p1::ajcc_pathologic_tumor_stage	UMAP	umap	umap__metric-cosine__nn-30__mindist-0p1	metric=cosine, n_neighbors=30, min_dist=0.1	False	2	cosine		30.0	0.1		sensitivity	ajcc_pathologic_tumor_stage	ok	388	2	11.0	permutation_chi_square_5000	23.390791631171485	23.390791631171485	10.0	0.005198960207958408	0.1858359218757369		0.979381443298969	4.0	0.18181818181818182	categorical	0.1858359218757369	cramers_v		0.016567892647151503	0.016376724655068987	0.01668452920294602	0.016432427800154255
categorical::umap__metric-cosine__nn-30__mindist-0p1::histological_type	UMAP	umap	umap__metric-cosine__nn-30__mindist-0p1	metric=cosine, n_neighbors=30, min_dist=0.1	False	2	cosine		30.0	0.1		sensitivity	histological_type	ok	410	2	7.0	chi_square	24.355834801244406	24.355834801244406	6.0	0.00044911228315514	0.21176447288386901		3.3634146341463413	2.0	0.14285714285714285	categorical	0.21176447288386901	cramers_v		0.0028962437787721233	0.002716231088522287	0.00291922984050841	0.0027177050980670006
categorical::umap__metric-cosine__nn-30__mindist-0p1::histological_grade	UMAP	umap	umap__metric-cosine__nn-30__mindist-0p1	metric=cosine, n_neighbors=30, min_dist=0.1	False	2	cosine		30.0	0.1		sensitivity	histological_grade	ok	412	2	4.0	permutation_chi_square_5000	9.989301772271652	9.989301772271652	3.0	0.017196560687862426	0.13033779653395208		4.325242718446602	2.0	0.25	categorical	0.13033779653395208	cramers_v		0.03592852857999829	0.036012742049927965	0.03603760122292481	0.03602119812723845
categorical::umap__metric-cosine__nn-30__mindist-0p1::tumor_status	UMAP	umap	umap__metric-cosine__nn-30__mindist-0p1	metric=cosine, n_neighbors=30, min_dist=0.1	False	2	cosine		30.0	0.1		sensitivity	tumor_status	ok	369	2	2.0	fisher_exact	0.5006561679790026	9.821054904537329	1.0	0.0023138884237954562	0.15480003432038836	0.5006561679790026	63.43631436314363	0.0	0.0	categorical	0.15480003432038836	cramers_v		0.010188573220905798	0.010046406341435749	0.010199726557765028	0.009989225634434043
categorical::umap__metric-cosine__nn-30__mindist-0p1::vital_status	UMAP	umap	umap__metric-cosine__nn-30__mindist-0p1	metric=cosine, n_neighbors=30, min_dist=0.1	False	2	cosine		30.0	0.1		sensitivity	vital_status	ok	411	2	2.0	fisher_exact	0.5087370050873701	10.80199032097069	1.0	0.0011690247452603138	0.15460105695604479	0.5087370050873701	76.21167883211679	0.0	0.0	categorical	0.15460105695604479	cramers_v		0.006021580291623881	0.005931427566555686	0.006017731406809804	0.005869996593222001
categorical::umap__metric-cosine__nn-30__mindist-0p1::OS	UMAP	umap	umap__metric-cosine__nn-30__mindist-0p1	metric=cosine, n_neighbors=30, min_dist=0.1	False	2	cosine		30.0	0.1		sensitivity	OS	ok	412	2	2.0	fisher_exact	0.5050505050505051	11.052256101678193	1.0	0.001161165941823468	0.15637221259416414	0.5050505050505051	76.4126213592233	0.0	0.0	categorical	0.15637221259416414	cramers_v		0.00601895510350266	0.005931361162287444	0.006017664036341892	0.005869996593222001
categorical::umap__metric-cosine__nn-30__mindist-0p1::DSS	UMAP	umap	umap__metric-cosine__nn-30__mindist-0p1	metric=cosine, n_neighbors=30, min_dist=0.1	False	2	cosine		30.0	0.1		sensitivity	DSS	ok	389	2	2.0	fisher_exact	0.5087011884550084	7.8517009082932265	1.0	0.0066114583631335915	0.13286270222046348	0.5087011884550084	45.90231362467866	0.0	0.0	categorical	0.13286270222046348	cramers_v		0.01886684459723488	0.01865023329301864	0.01885125860417645	0.018575049686899138
categorical::umap__metric-cosine__nn-30__mindist-0p1::DFI	UMAP	umap	umap__metric-cosine__nn-30__mindist-0p1	metric=cosine, n_neighbors=30, min_dist=0.1	False	2	cosine		30.0	0.1		sensitivity	DFI	ok	242	2	2.0	fisher_exact	0.43344155844155846	5.888284994841031	1.0	0.018368182403594824	0.142360359046213	0.43344155844155846	20.789256198347108	0.0	0.0	categorical	0.142360359046213	cramers_v		0.03752447405836648	0.0376861179466179	0.0375338294495553	0.03759944803250907
categorical::umap__metric-cosine__nn-30__mindist-0p1::PFI	UMAP	umap	umap__metric-cosine__nn-30__mindist-0p1	metric=cosine, n_neighbors=30, min_dist=0.1	False	2	cosine		30.0	0.1		sensitivity	PFI	ok	412	2	2.0	fisher_exact	0.5332139368283947	8.615446410685191	1.0	0.004325509640327917	0.1361001705433364	0.5332139368283947	63.91747572815534	0.0	0.0	categorical	0.1361001705433364	cramers_v		0.014695096103130887	0.014571690862090151	0.014848553664775947	0.014671593653603102
categorical::umap__metric-cosine__nn-30__mindist-0p5::center_code	UMAP	umap	umap__metric-cosine__nn-30__mindist-0p5	metric=cosine, n_neighbors=30, min_dist=0.5	False	2	cosine		30.0	0.5		sensitivity	center_code	ok	412	2	2.0	fisher_exact	1.4195891499262285	3.1360109140097467	1.0	0.09333389829001215	0.07205010514428432	1.4195891499262285	97.02669902912622	0.0	0.0	categorical	0.07205010514428432	cramers_v		0.1239336817682214	0.12515070646643633	0.12262333706807357	0.12378915963311145
categorical::umap__metric-cosine__nn-30__mindist-0p5::gender	UMAP	umap	umap__metric-cosine__nn-30__mindist-0p5	metric=cosine, n_neighbors=30, min_dist=0.5	False	2	cosine		30.0	0.5		sensitivity	gender	ok	412	2	2.0	fisher_exact	0.9644009681323115	0.0310569792298403	1.0	0.9181456289155561	0.0	0.9644009681323115	73.14320388349515	0.0	0.0	categorical	0.0	cramers_v		0.9319490687652432	0.93310533311855	0.9328895408623888	0.9341267948953629
categorical::umap__metric-cosine__nn-30__mindist-0p5::race	UMAP	umap	umap__metric-cosine__nn-30__mindist-0p5	metric=cosine, n_neighbors=30, min_dist=0.5	False	2	cosine		30.0	0.5		sensitivity	race	ok	358	2	4.0	permutation_chi_square_5000	3.3528566417199075	3.3528566417199075	3.0	0.3197360527894421	0.031062239096379993		0.48044692737430167	2.0	0.25	categorical	0.031062239096379993	cramers_v		0.36264365384184577	0.3655933465874801	0.3605643041729393	0.36381423554775405
categorical::umap__metric-cosine__nn-30__mindist-0p5::ajcc_pathologic_tumor_stage	UMAP	umap	umap__metric-cosine__nn-30__mindist-0p5	metric=cosine, n_neighbors=30, min_dist=0.5	False	2	cosine		30.0	0.5		sensitivity	ajcc_pathologic_tumor_stage	ok	388	2	11.0	permutation_chi_square_5000	17.849765814150313	17.849765814150313	10.0	0.049590081983603276	0.14218649053580437		0.9896907216494846	4.0	0.18181818181818182	categorical	0.14218649053580437	cramers_v		0.07465859769222626	0.07558488302339532	0.07414345590920801	0.07502089325724598
categorical::umap__metric-cosine__nn-30__mindist-0p5::histological_type	UMAP	umap	umap__metric-cosine__nn-30__mindist-0p5	metric=cosine, n_neighbors=30, min_dist=0.5	False	2	cosine		30.0	0.5		sensitivity	histological_type	ok	410	2	7.0	chi_square	26.28798344887561	26.28798344887561	6.0	0.00019675075613290934	0.2226393946259192		3.4829268292682927	2.0	0.14285714285714285	categorical	0.2226393946259192	cramers_v		0.0014753805995557645	0.0013868785875852353	0.0014890225838327478	0.0013879577025771317
categorical::umap__metric-cosine__nn-30__mindist-0p5::histological_grade	UMAP	umap	umap__metric-cosine__nn-30__mindist-0p5	metric=cosine, n_neighbors=30, min_dist=0.5	False	2	cosine		30.0	0.5		sensitivity	histological_grade	ok	412	2	4.0	permutation_chi_square_5000	13.287011887841906	13.287011887841906	3.0	0.0027994401119776045	0.1581506063542421		4.478155339805825	2.0	0.25	categorical	0.1581506063542421	cramers_v		0.011350205206483456	0.011197760447910418	0.011543927773585068	0.011325734853029394
categorical::umap__metric-cosine__nn-30__mindist-0p5::tumor_status	UMAP	umap	umap__metric-cosine__nn-30__mindist-0p5	metric=cosine, n_neighbors=30, min_dist=0.5	False	2	cosine		30.0	0.5		sensitivity	tumor_status	ok	369	2	2.0	fisher_exact	0.4985105194563396	10.024060491304436	1.0	0.0016807875974067187	0.1565717098179252	0.4985105194563396	65.59891598915989	0.0	0.0	categorical	0.1565717098179252	cramers_v		0.007957023365757819	0.007843675454564688	0.007908982130128549	0.00772725726599972
categorical::umap__metric-cosine__nn-30__mindist-0p5::vital_status	UMAP	umap	umap__metric-cosine__nn-30__mindist-0p5	metric=cosine, n_neighbors=30, min_dist=0.5	False	2	cosine		30.0	0.5		sensitivity	vital_status	ok	411	2	2.0	fisher_exact	0.6113138686131386	5.829865331876987	1.0	0.019714448982789914	0.10850935696692728	0.6113138686131386	78.91970802919708	0.0	0.0	categorical	0.10850935696692728	cramers_v		0.03871974512447228	0.038812821434867646	0.03867258918107382	0.03866434869754919
categorical::umap__metric-cosine__nn-30__mindist-0p5::OS	UMAP	umap	umap__metric-cosine__nn-30__mindist-0p5	metric=cosine, n_neighbors=30, min_dist=0.5	False	2	cosine		30.0	0.5		sensitivity	OS	ok	412	2	2.0	fisher_exact	0.6068840579710145	6.012159639034925	1.0	0.015332226921955343	0.1104046550201866	0.6068840579710145	79.11407766990291	0.0	0.0	categorical	0.1104046550201866	cramers_v		0.03278614582005594	0.032929441911926816	0.03294066680431302	0.03299457951594037
categorical::umap__metric-cosine__nn-30__mindist-0p5::DSS	UMAP	umap	umap__metric-cosine__nn-30__mindist-0p5	metric=cosine, n_neighbors=30, min_dist=0.5	False	2	cosine		30.0	0.5		sensitivity	DSS	ok	389	2	2.0	fisher_exact	0.5913569189431258	4.871122169604412	1.0	0.03400912058051821	0.09985260461129138	0.5913569189431258	47.383033419023135	0.0	0.0	categorical	0.09985260461129138	cramers_v		0.057667639245226526	0.05830134956660264	0.05758277149063458	0.058160525050741284
categorical::umap__metric-cosine__nn-30__mindist-0p5::DFI	UMAP	umap	umap__metric-cosine__nn-30__mindist-0p5	metric=cosine, n_neighbors=30, min_dist=0.5	False	2	cosine		30.0	0.5		sensitivity	DFI	ok	242	2	2.0	fisher_exact	0.4509996722386103	5.443212671585929	1.0	0.027711816205976632	0.13571907347594472	0.4509996722386103	20.078512396694215	0.0	0.0	categorical	0.13571907347594472	cramers_v		0.05021233954136031	0.050726714410940274	0.05012962978769829	0.05056692235523571
categorical::umap__metric-cosine__nn-30__mindist-0p5::PFI	UMAP	umap	umap__metric-cosine__nn-30__mindist-0p5	metric=cosine, n_neighbors=30, min_dist=0.5	False	2	cosine		30.0	0.5		sensitivity	PFI	ok	412	2	2.0	fisher_exact	0.5535361842105263	7.711819367065025	1.0	0.006161146574891163	0.12776790465806936	0.5535361842105263	66.17718446601941	0.0	0.0	categorical	0.12776790465806936	cramers_v		0.01822969997522748	0.0180339092933455	0.018227524333745772	0.01797412964884662
categorical::umap__metric-cosine__nn-30__mindist-1::center_code	UMAP	umap	umap__metric-cosine__nn-30__mindist-1	metric=cosine, n_neighbors=30, min_dist=1	False	2	cosine		30.0	1.0		sensitivity	center_code	ok	412	2	2.0	fisher_exact	0.6377675840978593	5.150608531253693	1.0	0.02982024830405865	0.10046364533861074	0.6377675840978593	97.5	0.0	0.0	categorical	0.10046364533861074	cramers_v		0.0523231869051393	0.0528121886519163	0.05211933033278161	0.052527212093355015
categorical::umap__metric-cosine__nn-30__mindist-1::gender	UMAP	umap	umap__metric-cosine__nn-30__mindist-1	metric=cosine, n_neighbors=30, min_dist=1	False	2	cosine		30.0	1.0		sensitivity	gender	ok	412	2	2.0	fisher_exact	0.9790692948587686	0.010576305994095751	1.0	1.0	0.0	0.9790692948587686	73.5	0.0	0.0	categorical	0.0	cramers_v		1.0	1.0	1.0	1.0
categorical::umap__metric-cosine__nn-30__mindist-1::race	UMAP	umap	umap__metric-cosine__nn-30__mindist-1	metric=cosine, n_neighbors=30, min_dist=1	False	2	cosine		30.0	1.0		sensitivity	race	ok	358	2	4.0	permutation_chi_square_5000	3.202004548457307	3.202004548457307	3.0	0.33773245350929815	0.023287432213191916		0.48324022346368717	2.0	0.25	categorical	0.023287432213191916	cramers_v		0.3815212129987796	0.3845267091160081	0.3798252079789321	0.38319643763554984
categorical::umap__metric-cosine__nn-30__mindist-1::ajcc_pathologic_tumor_stage	UMAP	umap	umap__metric-cosine__nn-30__mindist-1	metric=cosine, n_neighbors=30, min_dist=1	False	2	cosine		30.0	1.0		sensitivity	ajcc_pathologic_tumor_stage	ok	388	2	11.0	permutation_chi_square_5000	15.592433125928986	15.592433125928986	10.0	0.09418116376724656	0.11993355719517769		0.9896907216494846	4.0	0.18181818181818182	categorical	0.11993355719517769	cramers_v		0.12481290149737044	0.12601939789033342	0.12348197027261215	0.12463600737796367
categorical::umap__metric-cosine__nn-30__mindist-1::histological_type	UMAP	umap	umap__metric-cosine__nn-30__mindist-1	metric=cosine, n_neighbors=30, min_dist=1	False	2	cosine		30.0	1.0		sensitivity	histological_type	ok	410	2	7.0	chi_square	32.36347557047333	32.36347557047333	6.0	1.3897394672190407e-05	0.2538166519447085		3.5	2.0	0.14285714285714285	categorical	0.2538166519447085	cramers_v		0.00037939887455079813	0.0003502143457391983	0.0003675621280541394	0.000339288118203821
categorical::umap__metric-cosine__nn-30__mindist-1::histological_grade	UMAP	umap	umap__metric-cosine__nn-30__mindist-1	metric=cosine, n_neighbors=30, min_dist=1	False	2	cosine		30.0	1.0		sensitivity	histological_grade	ok	412	2	4.0	permutation_chi_square_5000	21.134579023467914	21.134579023467914	3.0	0.0001999600079984003	0.21001324872009045		4.5	2.0	0.25	categorical	0.21001324872009045	cramers_v		0.0014753805995557645	0.0013868785875852353	0.0014890225838327478	0.0013879577025771317
categorical::umap__metric-cosine__nn-30__mindist-1::tumor_status	UMAP	umap	umap__metric-cosine__nn-30__mindist-1	metric=cosine, n_neighbors=30, min_dist=1	False	2	cosine		30.0	1.0		sensitivity	tumor_status	ok	369	2	2.0	fisher_exact	1.9103773584905661	8.697832535008976	1.0	0.003459844041689205	0.14460564784012725	1.9103773584905661	65.59891598915989	0.0	0.0	categorical	0.14460564784012725	cramers_v		0.012538107390015306	0.012396408035625778	0.012758174903728945	0.01256189528982542
categorical::umap__metric-cosine__nn-30__mindist-1::vital_status	UMAP	umap	umap__metric-cosine__nn-30__mindist-1	metric=cosine, n_neighbors=30, min_dist=1	False	2	cosine		30.0	1.0		sensitivity	vital_status	ok	411	2	2.0	fisher_exact	1.7333065164923571	7.265055261489988	1.0	0.008410651850981565	0.12359111867830205	1.7333065164923571	79.30656934306569	0.0	0.0	categorical	0.12359111867830205	cramers_v		0.021729728283766257	0.021701204093317626	0.021793817465212372	0.021732633249981564
categorical::umap__metric-cosine__nn-30__mindist-1::OS	UMAP	umap	umap__metric-cosine__nn-30__mindist-1	metric=cosine, n_neighbors=30, min_dist=1	False	2	cosine		30.0	1.0		sensitivity	OS	ok	412	2	2.0	fisher_exact	1.745776347546259	7.466328585278545	1.0	0.008410651850981566	0.12540866298818162	1.745776347546259	79.5	0.0	0.0	categorical	0.12540866298818162	cramers_v		0.021729728283766257	0.021701204093317626	0.021793817465212372	0.021732633249981564
categorical::umap__metric-cosine__nn-30__mindist-1::DSS	UMAP	umap	umap__metric-cosine__nn-30__mindist-1	metric=cosine, n_neighbors=30, min_dist=1	False	2	cosine		30.0	1.0		sensitivity	DSS	ok	389	2	2.0	fisher_exact	1.6415830546265329	4.358806233811399	1.0	0.0453471727169968	0.09300608571677767	1.6415830546265329	47.876606683804624	0.0	0.0	categorical	0.09300608571677767	cramers_v		0.06994224944485947	0.07054004644866169	0.06942371551683942	0.0699472729490931
categorical::umap__metric-cosine__nn-30__mindist-1::DFI	UMAP	umap	umap__metric-cosine__nn-30__mindist-1	metric=cosine, n_neighbors=30, min_dist=1	False	2	cosine		30.0	1.0		sensitivity	DFI	ok	242	2	2.0	fisher_exact	2.1285511363636362	4.889225487804621	1.0	0.02958636172425748	0.12696820593981378	2.1285511363636362	20.43388429752066	0.0	0.0	categorical	0.12696820593981378	cramers_v		0.0523231869051393	0.0528121886519163	0.05211933033278161	0.052527212093355015
categorical::umap__metric-cosine__nn-30__mindist-1::PFI	UMAP	umap	umap__metric-cosine__nn-30__mindist-1	metric=cosine, n_neighbors=30, min_dist=1	False	2	cosine		30.0	1.0		sensitivity	PFI	ok	412	2	2.0	fisher_exact	1.7509477981918926	6.939391489476378	1.0	0.011299993524737515	0.12018835122981024	1.7509477981918926	66.5	0.0	0.0	categorical	0.12018835122981024	cramers_v		0.026441984847885784	0.026530419579818512	0.026586181084275073	0.026579386762505517
categorical::umap__metric-cosine__nn-50__mindist-0::center_code	UMAP	umap	umap__metric-cosine__nn-50__mindist-0	metric=cosine, n_neighbors=50, min_dist=0	False	2	cosine		50.0	0.0		sensitivity	center_code	ok	412	2	2.0	fisher_exact	0.6641123882503193	3.8898573695796284	1.0	0.05106827333914467	0.08381768787362762	0.6641123882503193	69.5752427184466	0.0	0.0	categorical	0.08381768787362762	cramers_v		0.07632283916926913	0.07721522928878674	0.07576279623041385	0.07660241000871701
categorical::umap__metric-cosine__nn-50__mindist-0::gender	UMAP	umap	umap__metric-cosine__nn-50__mindist-0	metric=cosine, n_neighbors=50, min_dist=0	False	2	cosine		50.0	0.0		sensitivity	gender	ok	412	2	2.0	fisher_exact	1.0209276018099547	0.009292108141392006	1.0	1.0	0.0	1.0209276018099547	52.449029126213595	0.0	0.0	categorical	0.0	cramers_v		1.0	1.0	1.0	1.0
categorical::umap__metric-cosine__nn-50__mindist-0::race	UMAP	umap	umap__metric-cosine__nn-50__mindist-0	metric=cosine, n_neighbors=50, min_dist=0	False	2	cosine		50.0	0.0		sensitivity	race	ok	358	2	4.0	permutation_chi_square_5000	3.791043563512736	3.791043563512736	3.0	0.26034793041391724	0.04682186108161773		0.3770949720670391	3.0	0.375	categorical	0.04682186108161773	cramers_v		0.3003168380408426	0.3028046698352638	0.29848559436094846	0.3011868214592376
categorical::umap__metric-cosine__nn-50__mindist-0::ajcc_pathologic_tumor_stage	UMAP	umap	umap__metric-cosine__nn-50__mindist-0	metric=cosine, n_neighbors=50, min_dist=0	False	2	cosine		50.0	0.0		sensitivity	ajcc_pathologic_tumor_stage	ok	388	2	11.0	permutation_chi_square_5000	17.30820756635954	17.30820756635954	10.0	0.0621875624875025	0.1371773065414951		0.6958762886597938	4.0	0.18181818181818182	categorical	0.1371773065414951	cramers_v		0.0890412826525604	0.09023761466516678	0.08832937116280447	0.08948941918933287
categorical::umap__metric-cosine__nn-50__mindist-0::histological_type	UMAP	umap	umap__metric-cosine__nn-50__mindist-0	metric=cosine, n_neighbors=50, min_dist=0	False	2	cosine		50.0	0.0		sensitivity	histological_type	ok	410	2	7.0	permutation_chi_square_5000	42.13992874698545	42.13992874698545	6.0	0.0001999600079984003	0.2971974834995276		2.4926829268292683	3.0	0.21428571428571427	categorical	0.2971974834995276	cramers_v		0.0014753805995557645	0.0013868785875852353	0.0014890225838327478	0.0013879577025771317
categorical::umap__metric-cosine__nn-50__mindist-0::histological_grade	UMAP	umap	umap__metric-cosine__nn-50__mindist-0	metric=cosine, n_neighbors=50, min_dist=0	False	2	cosine		50.0	0.0		sensitivity	histological_grade	ok	412	2	4.0	permutation_chi_square_5000	35.61386772759438	35.61386772759438	3.0	0.0001999600079984003	0.28166502463063		3.2111650485436893	2.0	0.25	categorical	0.28166502463063	cramers_v		0.0014753805995557645	0.0013868785875852353	0.0014890225838327478	0.0013879577025771317
categorical::umap__metric-cosine__nn-50__mindist-0::tumor_status	UMAP	umap	umap__metric-cosine__nn-50__mindist-0	metric=cosine, n_neighbors=50, min_dist=0	False	2	cosine		50.0	0.0		sensitivity	tumor_status	ok	369	2	2.0	fisher_exact	1.4731934731934733	3.015353329958479	1.0	0.09133014524224162	0.07395376788217835	1.4731934731934733	48.29810298102981	0.0	0.0	categorical	0.07395376788217835	cramers_v		0.1216250226884486	0.12285692135789085	0.12036120515601258	0.12154462938253209
categorical::umap__metric-cosine__nn-50__mindist-0::vital_status	UMAP	umap	umap__metric-cosine__nn-50__mindist-0	metric=cosine, n_neighbors=50, min_dist=0	False	2	cosine		50.0	0.0		sensitivity	vital_status	ok	411	2	2.0	fisher_exact	1.5657608695652174	4.582941744859344	1.0	0.03499273230940171	0.09345044363560577	1.5657608695652174	56.86861313868613	0.0	0.0	categorical	0.09345044363560577	cramers_v		0.05834622549174376	0.05886256377043176	0.058174571982155296	0.05862733335685804
categorical::umap__metric-cosine__nn-50__mindist-0::OS	UMAP	umap	umap__metric-cosine__nn-50__mindist-0	metric=cosine, n_neighbors=50, min_dist=0	False	2	cosine		50.0	0.0		sensitivity	OS	ok	412	2	2.0	fisher_exact	1.5748641304347826	4.706547136171526	1.0	0.03468085584585183	0.09493416817977299	1.5748641304347826	56.730582524271846	0.0	0.0	categorical	0.09493416817977299	cramers_v		0.058154083469020484	0.0587132573485303	0.05801361466837068	0.05851181307681457
categorical::umap__metric-cosine__nn-50__mindist-0::DSS	UMAP	umap	umap__metric-cosine__nn-50__mindist-0	metric=cosine, n_neighbors=50, min_dist=0	False	2	cosine		50.0	0.0		sensitivity	DSS	ok	389	2	2.0	fisher_exact	1.22684246112238	0.7144772369177674	1.0	0.3946531093676112	0.0	1.22684246112238	34.55012853470437	0.0	0.0	categorical	0.0	cramers_v		0.43737604407587766	0.4407056878610252	0.43679499983399395	0.44071672150200114
categorical::umap__metric-cosine__nn-50__mindist-0::DFI	UMAP	umap	umap__metric-cosine__nn-50__mindist-0	metric=cosine, n_neighbors=50, min_dist=0	False	2	cosine		50.0	0.0		sensitivity	DFI	ok	242	2	2.0	fisher_exact	1.632051282051282	2.0716257035489343	1.0	0.16080643517671117	0.06655402776308289	1.632051282051282	14.925619834710744	0.0	0.0	categorical	0.06655402776308289	cramers_v		0.19511180801440955	0.19639687397995742	0.19301805286469087	0.19428490802920054
categorical::umap__metric-cosine__nn-50__mindist-0::PFI	UMAP	umap	umap__metric-cosine__nn-50__mindist-0	metric=cosine, n_neighbors=50, min_dist=0	False	2	cosine		50.0	0.0		sensitivity	PFI	ok	412	2	2.0	fisher_exact	1.5024975024975025	3.5335416379591034	1.0	0.06261042816136499	0.07847580146810856	1.5024975024975025	47.45388349514563	0.0	0.0	categorical	0.07847580146810856	cramers_v		0.08949029784320754	0.0906771718199079	0.08876561626574296	0.08991517877940448
categorical::umap__metric-cosine__nn-50__mindist-0p1::center_code	UMAP	umap	umap__metric-cosine__nn-50__mindist-0p1	metric=cosine, n_neighbors=50, min_dist=0.1	False	2	cosine		50.0	0.1		sensitivity	center_code	ok	412	2	2.0	fisher_exact	1.443298969072165	3.4375904699397886	1.0	0.07559350724845196	0.07697397095297728	1.443298969072165	95.60679611650485	0.0	0.0	categorical	0.07697397095297728	cramers_v		0.10365977534670365	0.10479889375710698	0.10274825660296102	0.1038511001443166
categorical::umap__metric-cosine__nn-50__mindist-0p1::gender	UMAP	umap	umap__metric-cosine__nn-50__mindist-0p1	metric=cosine, n_neighbors=50, min_dist=0.1	False	2	cosine		50.0	0.1		sensitivity	gender	ok	412	2	2.0	fisher_exact	0.9615229653505237	0.03638229316083003	1.0	0.9181046992463098	0.0	0.9615229653505237	72.07281553398059	0.0	0.0	categorical	0.0	cramers_v		0.9319490687652432	0.93310533311855	0.9328895408623888	0.9341267948953629
categorical::umap__metric-cosine__nn-50__mindist-0p1::race	UMAP	umap	umap__metric-cosine__nn-50__mindist-0p1	metric=cosine, n_neighbors=50, min_dist=0.1	False	2	cosine		50.0	0.1		sensitivity	race	ok	358	2	4.0	permutation_chi_square_5000	3.681665082556081	3.681665082556081	3.0	0.2683463307338532	0.0434269728575336		0.4748603351955307	2.0	0.25	categorical	0.0434269728575336	cramers_v		0.30824073614449615	0.3106735467607857	0.30628219594176403	0.3089255319667774
categorical::umap__metric-cosine__nn-50__mindist-0p1::ajcc_pathologic_tumor_stage	UMAP	umap	umap__metric-cosine__nn-50__mindist-0p1	metric=cosine, n_neighbors=50, min_dist=0.1	False	2	cosine		50.0	0.1		sensitivity	ajcc_pathologic_tumor_stage	ok	388	2	11.0	permutation_chi_square_5000	17.905543115272906	17.905543115272906	10.0	0.05318936212757448	0.14269241902185176		0.9948453608247423	4.0	0.18181818181818182	categorical	0.14269241902185176	cramers_v		0.07891682533058605	0.08010190790527152	0.0783037250515348	0.07944740165890872
categorical::umap__metric-cosine__nn-50__mindist-0p1::histological_type	UMAP	umap	umap__metric-cosine__nn-50__mindist-0p1	metric=cosine, n_neighbors=50, min_dist=0.1	False	2	cosine		50.0	0.1		sensitivity	histological_type	ok	410	2	7.0	chi_square	25.550511404088642	25.550511404088642	6.0	0.0002699162032827075	0.21855246309856177		3.4317073170731707	2.0	0.14285714285714285	categorical	0.21855246309856177	cramers_v		0.0019222727868568473	0.0018058110591303261	0.0019530729048852513	0.0018200063992776846
categorical::umap__metric-cosine__nn-50__mindist-0p1::histological_grade	UMAP	umap	umap__metric-cosine__nn-50__mindist-0p1	metric=cosine, n_neighbors=50, min_dist=0.1	False	2	cosine		50.0	0.1		sensitivity	histological_grade	ok	412	2	4.0	permutation_chi_square_5000	12.008458225106565	12.008458225106565	3.0	0.0057988402319536095	0.14798905267555817		4.412621359223301	2.0	0.25	categorical	0.14798905267555817	cramers_v		0.017907280782789897	0.017658338047162606	0.01798751053540096	0.017672773639271465
categorical::umap__metric-cosine__nn-50__mindist-0p1::tumor_status	UMAP	umap	umap__metric-cosine__nn-50__mindist-0p1	metric=cosine, n_neighbors=50, min_dist=0.1	False	2	cosine		50.0	0.1		sensitivity	tumor_status	ok	369	2	2.0	fisher_exact	0.4756410256410256	11.333362439183945	1.0	0.0007912268513457387	0.16754883561407094	0.4756410256410256	64.51761517615176	0.0	0.0	categorical	0.16754883561407094	cramers_v		0.004438457474329863	0.0043033633065998455	0.004462286727810159	0.004276248937044145
categorical::umap__metric-cosine__nn-50__mindist-0p1::vital_status	UMAP	umap	umap__metric-cosine__nn-50__mindist-0p1	metric=cosine, n_neighbors=50, min_dist=0.1	False	2	cosine		50.0	0.1		sensitivity	vital_status	ok	411	2	2.0	fisher_exact	0.5655013446023819	7.771306236753599	1.0	0.006210911622354095	0.12848941761028856	0.5655013446023819	77.75912408759125	0.0	0.0	categorical	0.12848941761028856	cramers_v		0.01822969997522748	0.0180339092933455	0.018227524333745772	0.01797412964884662
categorical::umap__metric-cosine__nn-50__mindist-0p1::OS	UMAP	umap	umap__metric-cosine__nn-50__mindist-0p1	metric=cosine, n_neighbors=50, min_dist=0.1	False	2	cosine		50.0	0.1		sensitivity	OS	ok	412	2	2.0	fisher_exact	0.5614035087719298	7.982604190338168	1.0	0.006194971326467675	0.13032070139962507	0.5614035087719298	77.95631067961165	0.0	0.0	categorical	0.13032070139962507	cramers_v		0.01822969997522748	0.0180339092933455	0.018227524333745772	0.01797412964884662
categorical::umap__metric-cosine__nn-50__mindist-0p1::DSS	UMAP	umap	umap__metric-cosine__nn-50__mindist-0p1	metric=cosine, n_neighbors=50, min_dist=0.1	False	2	cosine		50.0	0.1		sensitivity	DSS	ok	389	2	2.0	fisher_exact	0.5490196078431373	6.270752072159923	1.0	0.013561907155308636	0.11652407550728747	0.5490196078431373	46.6426735218509	0.0	0.0	categorical	0.11652407550728747	cramers_v		0.030100818320319165	0.030333733163944762	0.030238322058493382	0.03038553881632441
categorical::umap__metric-cosine__nn-50__mindist-0p1::DFI	UMAP	umap	umap__metric-cosine__nn-50__mindist-0p1	metric=cosine, n_neighbors=50, min_dist=0.1	False	2	cosine		50.0	0.1		sensitivity	DFI	ok	242	2	2.0	fisher_exact	0.4603174603174603	5.162015708899451	1.0	0.028370421705623587	0.13135012158150455	0.4603174603174603	20.25619834710744	0.0	0.0	categorical	0.13135012158150455	cramers_v		0.05117924091829453	0.05168202122759381	0.05108007851693261	0.05150322709636282
categorical::umap__metric-cosine__nn-50__mindist-0p1::PFI	UMAP	umap	umap__metric-cosine__nn-50__mindist-0p1	metric=cosine, n_neighbors=50, min_dist=0.1	False	2	cosine		50.0	0.1		sensitivity	PFI	ok	412	2	2.0	fisher_exact	0.5272169277984171	8.969663358814781	1.0	0.003147800480328788	0.13923039627516198	0.5272169277984171	65.20873786407768	0.0	0.0	categorical	0.13923039627516198	cramers_v		0.012160606572590932	0.0119584782066762	0.012318178410266226	0.01204671751390693
categorical::umap__metric-cosine__nn-50__mindist-0p5::center_code	UMAP	umap	umap__metric-cosine__nn-50__mindist-0p5	metric=cosine, n_neighbors=50, min_dist=0.5	False	2	cosine		50.0	0.5		sensitivity	center_code	ok	412	2	2.0	fisher_exact	0.7447087776866284	2.222227640181223	1.0	0.14026626626318406	0.05447832157287521	0.7447087776866284	96.55339805825243	0.0	0.0	categorical	0.05447832157287521	cramers_v		0.17325608415336682	0.17465896742586373	0.17101235456770722	0.17235747240792781
categorical::umap__metric-cosine__nn-50__mindist-0p5::gender	UMAP	umap	umap__metric-cosine__nn-50__mindist-0p5	metric=cosine, n_neighbors=50, min_dist=0.5	False	2	cosine		50.0	0.5		sensitivity	gender	ok	412	2	2.0	fisher_exact	0.9910038846861583	0.0019302157244125986	1.0	1.0	0.0	0.9910038846861583	72.7864077669903	0.0	0.0	categorical	0.0	cramers_v		1.0	1.0	1.0	1.0
categorical::umap__metric-cosine__nn-50__mindist-0p5::race	UMAP	umap	umap__metric-cosine__nn-50__mindist-0p5	metric=cosine, n_neighbors=50, min_dist=0.5	False	2	cosine		50.0	0.5		sensitivity	race	ok	358	2	4.0	permutation_chi_square_5000	3.6995800819703417	3.6995800819703417	3.0	0.27654469106178764	0.044000959495252207		0.4888268156424581	2.0	0.25	categorical	0.044000959495252207	cramers_v		0.3172130279826388	0.3196755144383967	0.31517054687130924	0.31784682024634037
categorical::umap__metric-cosine__nn-50__mindist-0p5::ajcc_pathologic_tumor_stage	UMAP	umap	umap__metric-cosine__nn-50__mindist-0p5	metric=cosine, n_neighbors=50, min_dist=0.5	False	2	cosine		50.0	0.5		sensitivity	ajcc_pathologic_tumor_stage	ok	388	2	11.0	permutation_chi_square_5000	17.392255261413688	17.392255261413688	10.0	0.060187962407518496	0.13796663504873935		0.9742268041237113	4.0	0.18181818181818182	categorical	0.13796663504873935	cramers_v		0.08738740038476137	0.08865350611102303	0.08674320339006958	0.0879788615580193
categorical::umap__metric-cosine__nn-50__mindist-0p5::histological_type	UMAP	umap	umap__metric-cosine__nn-50__mindist-0p5	metric=cosine, n_neighbors=50, min_dist=0.5	False	2	cosine		50.0	0.5		sensitivity	histological_type	ok	410	2	7.0	chi_square	25.47847434966042	25.47847434966042	6.0	0.0002783616867537766	0.21814914246018977		3.4658536585365853	2.0	0.14285714285714285	categorical	0.21814914246018977	cramers_v		0.0019653294952701986	0.001845977501630308	0.0019953590069172584	0.001859245983223338
categorical::umap__metric-cosine__nn-50__mindist-0p5::histological_grade	UMAP	umap	umap__metric-cosine__nn-50__mindist-0p5	metric=cosine, n_neighbors=50, min_dist=0.5	False	2	cosine		50.0	0.5		sensitivity	histological_grade	ok	412	2	4.0	permutation_chi_square_5000	10.32550168947228	10.32550168947228	3.0	0.013797240551889621	0.13343894001603968		4.456310679611651	2.0	0.25	categorical	0.13343894001603968	cramers_v		0.03045805933152992	0.030678570168319277	0.03058521243728133	0.0307183846249618
categorical::umap__metric-cosine__nn-50__mindist-0p5::tumor_status	UMAP	umap	umap__metric-cosine__nn-50__mindist-0p5	metric=cosine, n_neighbors=50, min_dist=0.5	False	2	cosine		50.0	0.5		sensitivity	tumor_status	ok	369	2	2.0	fisher_exact	2.18078431372549	12.52433493036701	1.0	0.0005037722417598717	0.1769434217621134	2.18078431372549	66.31978319783198	0.0	0.0	categorical	0.1769434217621134	cramers_v		0.0031737651230871913	0.0029988331871689997	0.0031933331357836495	0.0029972331694620934
categorical::umap__metric-cosine__nn-50__mindist-0p5::vital_status	UMAP	umap	umap__metric-cosine__nn-50__mindist-0p5	metric=cosine, n_neighbors=50, min_dist=0.5	False	2	cosine		50.0	0.5		sensitivity	vital_status	ok	411	2	2.0	fisher_exact	1.8668531468531468	9.331399600219267	1.0	0.0024164175055753426	0.14252950164257744	1.8668531468531468	78.91970802919708	0.0	0.0	categorical	0.14252950164257744	cramers_v		0.010219351341910512	0.010110773448350053	0.010257887876831337	0.010081507904288535
categorical::umap__metric-cosine__nn-50__mindist-0p5::OS	UMAP	umap	umap__metric-cosine__nn-50__mindist-0p5	metric=cosine, n_neighbors=50, min_dist=0.5	False	2	cosine		50.0	0.5		sensitivity	OS	ok	412	2	2.0	fisher_exact	1.88	9.55572176915612	1.0	0.0023729519479380734	0.1442603360604846	1.88	78.72815533980582	0.0	0.0	categorical	0.1442603360604846	cramers_v		0.010199820050838127	0.010046406341435749	0.01024984592053637	0.010024574581623483
categorical::umap__metric-cosine__nn-50__mindist-0p5::DSS	UMAP	umap	umap__metric-cosine__nn-50__mindist-0p5	metric=cosine, n_neighbors=50, min_dist=0.5	False	2	cosine		50.0	0.5		sensitivity	DSS	ok	389	2	2.0	fisher_exact	1.9776119402985075	8.130588838697284	1.0	0.004782112918058699	0.13554071617677094	1.9776119402985075	47.876606683804624	0.0	0.0	categorical	0.13554071617677094	cramers_v		0.01548043667940741	0.015318971890052444	0.015608002587876691	0.015389708845388905
categorical::umap__metric-cosine__nn-50__mindist-0p5::DFI	UMAP	umap	umap__metric-cosine__nn-50__mindist-0p5	metric=cosine, n_neighbors=50, min_dist=0.5	False	2	cosine		50.0	0.5		sensitivity	DFI	ok	242	2	2.0	fisher_exact	2.263235294117647	5.732958236107706	1.0	0.0186935108862192	0.14007837577051205	2.263235294117647	19.90082644628099	0.0	0.0	categorical	0.14007837577051205	cramers_v		0.03752447405836648	0.0376861179466179	0.0375338294495553	0.03759944803250907
categorical::umap__metric-cosine__nn-50__mindist-0p5::PFI	UMAP	umap	umap__metric-cosine__nn-50__mindist-0p5	metric=cosine, n_neighbors=50, min_dist=0.5	False	2	cosine		50.0	0.5		sensitivity	PFI	ok	412	2	2.0	fisher_exact	1.975609756097561	10.18865950454885	1.0	0.0015702454674888264	0.14950266943101595	1.975609756097561	65.85436893203884	0.0	0.0	categorical	0.14950266943101595	cramers_v		0.0076549466540080284	0.007561181996315623	0.007622647301037531	0.007461300610618047
categorical::umap__metric-cosine__nn-50__mindist-1::center_code	UMAP	umap	umap__metric-cosine__nn-50__mindist-1	metric=cosine, n_neighbors=50, min_dist=1	False	2	cosine		50.0	1.0		sensitivity	center_code	ok	412	2	2.0	fisher_exact	0.6772952171522815	3.8739226665255417	1.0	0.060688582963687066	0.08358608738252438	0.6772952171522815	97.02669902912622	0.0	0.0	categorical	0.08358608738252438	cramers_v		0.08762984245256213	0.08883772378472282	0.0869472945559587	0.08812115127994809
categorical::umap__metric-cosine__nn-50__mindist-1::gender	UMAP	umap	umap__metric-cosine__nn-50__mindist-1	metric=cosine, n_neighbors=50, min_dist=1	False	2	cosine		50.0	1.0		sensitivity	gender	ok	412	2	2.0	fisher_exact	0.993959868959869	0.0008675885746541302	1.0	1.0	0.0	0.993959868959869	73.14320388349515	0.0	0.0	categorical	0.0	cramers_v		1.0	1.0	1.0	1.0
categorical::umap__metric-cosine__nn-50__mindist-1::race	UMAP	umap	umap__metric-cosine__nn-50__mindist-1	metric=cosine, n_neighbors=50, min_dist=1	False	2	cosine		50.0	1.0		sensitivity	race	ok	358	2	4.0	permutation_chi_square_5000	6.788766382023725	6.788766382023725	3.0	0.05458908218356329	0.10290449575023308		0.48324022346368717	2.0	0.25	categorical	0.10290449575023308	cramers_v		0.08041089623801857	0.08172147748668089	0.07990424815800198	0.0811955256007622
categorical::umap__metric-cosine__nn-50__mindist-1::ajcc_pathologic_tumor_stage	UMAP	umap	umap__metric-cosine__nn-50__mindist-1	metric=cosine, n_neighbors=50, min_dist=1	False	2	cosine		50.0	1.0		sensitivity	ajcc_pathologic_tumor_stage	ok	388	2	11.0	permutation_chi_square_5000	15.97107504505944	15.97107504505944	10.0	0.09118176364727054	0.12394542172298624		0.9896907216494846	4.0	0.18181818181818182	categorical	0.12394542172298624	cramers_v		0.1216250226884486	0.12285692135789085	0.12036120515601258	0.12154462938253209
categorical::umap__metric-cosine__nn-50__mindist-1::histological_type	UMAP	umap	umap__metric-cosine__nn-50__mindist-1	metric=cosine, n_neighbors=50, min_dist=1	False	2	cosine		50.0	1.0		sensitivity	histological_type	ok	410	2	7.0	chi_square	24.007248321562923	24.007248321562923	6.0	0.0005206572005204534	0.20974245445169545		3.4829268292682927	2.0	0.14285714285714285	categorical	0.20974245445169545	cramers_v		0.0032551011238645144	0.003075131590573928	0.00327331207212449	0.0030718774830706752
categorical::umap__metric-cosine__nn-50__mindist-1::histological_grade	UMAP	umap	umap__metric-cosine__nn-50__mindist-1	metric=cosine, n_neighbors=50, min_dist=1	False	2	cosine		50.0	1.0		sensitivity	histological_grade	ok	412	2	4.0	permutation_chi_square_5000	16.451139392013665	16.451139392013665	3.0	0.0009998000399920016	0.18085979910358171		4.478155339805825	2.0	0.25	categorical	0.18085979910358171	cramers_v		0.005282814404860964	0.005177046782424337	0.005288597452923208	0.00512940890082853
categorical::umap__metric-cosine__nn-50__mindist-1::tumor_status	UMAP	umap	umap__metric-cosine__nn-50__mindist-1	metric=cosine, n_neighbors=50, min_dist=1	False	2	cosine		50.0	1.0		sensitivity	tumor_status	ok	369	2	2.0	fisher_exact	2.2135922330097086	12.958714260237322	1.0	0.00034599420920759186	0.1802480563970041	2.2135922330097086	65.59891598915989	0.0	0.0	categorical	0.1802480563970041	cramers_v		0.0024014343842459133	0.0022549277772494778	0.0024346564996534214	0.00226818426036088
categorical::umap__metric-cosine__nn-50__mindist-1::vital_status	UMAP	umap	umap__metric-cosine__nn-50__mindist-1	metric=cosine, n_neighbors=50, min_dist=1	False	2	cosine		50.0	1.0		sensitivity	vital_status	ok	411	2	2.0	fisher_exact	1.85546875	9.133725097002618	1.0	0.003256984450045959	0.140827990952289	1.85546875	78.91970802919708	0.0	0.0	categorical	0.140827990952289	cramers_v		0.012245730985451946	0.012118926078797857	0.012419537651527035	0.012250766937948106
categorical::umap__metric-cosine__nn-50__mindist-1::OS	UMAP	umap	umap__metric-cosine__nn-50__mindist-1	metric=cosine, n_neighbors=50, min_dist=1	False	2	cosine		50.0	1.0		sensitivity	OS	ok	412	2	2.0	fisher_exact	1.8687220982142858	9.358647626879588	1.0	0.002420701050464761	0.14258871831965064	1.8687220982142858	79.11407766990291	0.0	0.0	categorical	0.14258871831965064	cramers_v		0.010219351341910512	0.010110773448350053	0.010257887876831337	0.010081507904288535
categorical::umap__metric-cosine__nn-50__mindist-1::DSS	UMAP	umap	umap__metric-cosine__nn-50__mindist-1	metric=cosine, n_neighbors=50, min_dist=1	False	2	cosine		50.0	1.0		sensitivity	DSS	ok	389	2	2.0	fisher_exact	1.8157427500493193	6.250984116004441	1.0	0.013631120401522135	0.11630525135947488	1.8157427500493193	47.62982005141388	0.0	0.0	categorical	0.11630525135947488	cramers_v		0.030172669213098996	0.0303986047892352	0.03030454883468834	0.030444268909393286
categorical::umap__metric-cosine__nn-50__mindist-1::DFI	UMAP	umap	umap__metric-cosine__nn-50__mindist-1	metric=cosine, n_neighbors=50, min_dist=1	False	2	cosine		50.0	1.0		sensitivity	DFI	ok	242	2	2.0	fisher_exact	2.263235294117647	5.732958236107706	1.0	0.0186935108862192	0.14007837577051205	2.263235294117647	19.90082644628099	0.0	0.0	categorical	0.14007837577051205	cramers_v		0.03752447405836648	0.0376861179466179	0.0375338294495553	0.03759944803250907
categorical::umap__metric-cosine__nn-50__mindist-1::PFI	UMAP	umap	umap__metric-cosine__nn-50__mindist-1	metric=cosine, n_neighbors=50, min_dist=1	False	2	cosine		50.0	1.0		sensitivity	PFI	ok	412	2	2.0	fisher_exact	1.9808627450980392	10.23043316858441	1.0	0.001561198324554907	0.1498422098540456	1.9808627450980392	66.17718446601941	0.0	0.0	categorical	0.1498422098540456	cramers_v		0.0076549466540080284	0.007561181996315623	0.007622647301037531	0.007461300610618047
categorical::umap__metric-cosine__nn-5__mindist-0::center_code	UMAP	umap	umap__metric-cosine__nn-5__mindist-0	metric=cosine, n_neighbors=5, min_dist=0	False	3	cosine		5.0	0.0		sensitivity	center_code	ok	412	3	2.0	chi_square	12.3326328986183	12.3326328986183	2.0	0.0020989533792813487	0.15851982505561432		35.970873786407765	0.0	0.0	categorical	0.15851982505561432	cramers_v		0.009445290206766068	0.009334169145509998	0.009469983775934086	0.009287868703319968
categorical::umap__metric-cosine__nn-5__mindist-0::gender	UMAP	umap	umap__metric-cosine__nn-5__mindist-0	metric=cosine, n_neighbors=5, min_dist=0	False	3	cosine		5.0	0.0		sensitivity	gender	ok	412	3	2.0	chi_square	1.9094579108180292	1.9094579108180292	2.0	0.3849164599397272	0.0		27.116504854368934	0.0	0.0	categorical	0.0	cramers_v		0.4283241585470606	0.4317460589234922	0.42663428435516004	0.4305226755723963
categorical::umap__metric-cosine__nn-5__mindist-0::race	UMAP	umap	umap__metric-cosine__nn-5__mindist-0	metric=cosine, n_neighbors=5, min_dist=0	False	3	cosine		5.0	0.0		sensitivity	race	ok	358	3	4.0	permutation_chi_square_5000	2.969426652328666	2.969426652328666	6.0	0.8642271545690862	0.0		0.18994413407821228	6.0	0.5	categorical	0.0	cramers_v		0.8925624711123349	0.8950078477455193	0.8945509143785277	0.897174230842981
categorical::umap__metric-cosine__nn-5__mindist-0::ajcc_pathologic_tumor_stage	UMAP	umap	umap__metric-cosine__nn-5__mindist-0	metric=cosine, n_neighbors=5, min_dist=0	False	3	cosine		5.0	0.0		sensitivity	ajcc_pathologic_tumor_stage	ok	388	3	11.0	permutation_chi_square_5000	27.103209347026866	27.103209347026866	20.0	0.1269746050789842	0.09557315627776987		0.3711340206185567	7.0	0.21212121212121213	categorical	0.09557315627776987	cramers_v		0.15832897747731517	0.1597677791413225	0.15636847190891914	0.15776122752916052
categorical::umap__metric-cosine__nn-5__mindist-0::histological_type	UMAP	umap	umap__metric-cosine__nn-5__mindist-0	metric=cosine, n_neighbors=5, min_dist=0	False	3	cosine		5.0	0.0		sensitivity	histological_type	ok	410	3	7.0	permutation_chi_square_5000	44.71401366319223	44.71401366319223	12.0	0.0001999600079984003	0.20013802084392743		1.2975609756097561	6.0	0.2857142857142857	categorical	0.20013802084392743	cramers_v		0.0014753805995557645	0.0013868785875852353	0.0014890225838327478	0.0013879577025771317
categorical::umap__metric-cosine__nn-5__mindist-0::histological_grade	UMAP	umap	umap__metric-cosine__nn-5__mindist-0	metric=cosine, n_neighbors=5, min_dist=0	False	3	cosine		5.0	0.0		sensitivity	histological_grade	ok	412	3	4.0	permutation_chi_square_5000	23.194509395587723	23.194509395587723	6.0	0.0003999200159968006	0.14474584438036928		1.6601941747572815	5.0	0.4166666666666667	categorical	0.14474584438036928	cramers_v		0.0026628820577347945	0.0024986738189552173	0.0026906899321890005	0.002505693551555176
categorical::umap__metric-cosine__nn-5__mindist-0::tumor_status	UMAP	umap	umap__metric-cosine__nn-5__mindist-0	metric=cosine, n_neighbors=5, min_dist=0	False	3	cosine		5.0	0.0		sensitivity	tumor_status	ok	369	3	2.0	chi_square	8.03829523105418	8.03829523105418	2.0	0.01796827429186018	0.1280381332964239		24.149051490514903	0.0	0.0	categorical	0.1280381332964239	cramers_v		0.03697491619355148	0.03701366584372288	0.03704749027380849	0.03698121569371223
categorical::umap__metric-cosine__nn-5__mindist-0::vital_status	UMAP	umap	umap__metric-cosine__nn-5__mindist-0	metric=cosine, n_neighbors=5, min_dist=0	False	3	cosine		5.0	0.0		sensitivity	vital_status	ok	411	3	2.0	chi_square	9.542924644646261	9.542924644646261	2.0	0.00846798817348419	0.13559346914596487		29.401459854014597	0.0	0.0	categorical	0.13559346914596487	cramers_v		0.021809063880765884	0.021774826731816486	0.02186850817866119	0.021801220461188386
categorical::umap__metric-cosine__nn-5__mindist-0::OS	UMAP	umap	umap__metric-cosine__nn-5__mindist-0	metric=cosine, n_neighbors=5, min_dist=0	False	3	cosine		5.0	0.0		sensitivity	OS	ok	412	3	2.0	chi_square	9.801014055238822	9.801014055238822	2.0	0.007442808404648034	0.13772741890231738		29.33009708737864	0.0	0.0	categorical	0.13772741890231738	cramers_v		0.02004446460515727	0.020024068163394713	0.020079939571551	0.02003615342391942
categorical::umap__metric-cosine__nn-5__mindist-0::DSS	UMAP	umap	umap__metric-cosine__nn-5__mindist-0	metric=cosine, n_neighbors=5, min_dist=0	False	3	cosine		5.0	0.0		sensitivity	DSS	ok	389	3	2.0	chi_square	9.446892184764147	9.446892184764147	2.0	0.008884508895139833	0.13849138365235678		18.015424164524422	0.0	0.0	categorical	0.13849138365235678	cramers_v		0.022388962415752382	0.02238896241575238	0.022415849745303463	0.022385168319427055
categorical::umap__metric-cosine__nn-5__mindist-0::DFI	UMAP	umap	umap__metric-cosine__nn-5__mindist-0	metric=cosine, n_neighbors=5, min_dist=0	False	3	cosine		5.0	0.0		sensitivity	DFI	ok	242	3	2.0	chi_square	5.182670281153107	5.182670281153107	2.0	0.07491994462138128	0.1147688671536511		7.285123966942149	0.0	0.0	categorical	0.1147688671536511	cramers_v		0.10312510024354835	0.10430843118556953	0.10224839417188512	0.10339828614412855
categorical::umap__metric-cosine__nn-5__mindist-0::PFI	UMAP	umap	umap__metric-cosine__nn-5__mindist-0	metric=cosine, n_neighbors=5, min_dist=0	False	3	cosine		5.0	0.0		sensitivity	PFI	ok	412	3	2.0	chi_square	8.258508005376985	8.258508005376985	2.0	0.016094881083221855	0.12335219340228896		24.533980582524272	0.0	0.0	categorical	0.12335219340228896	cramers_v		0.03414950157295	0.03427529605328373	0.03429103830786434	0.034322818695545404
categorical::umap__metric-cosine__nn-5__mindist-0p1::center_code	UMAP	umap	umap__metric-cosine__nn-5__mindist-0p1	metric=cosine, n_neighbors=5, min_dist=0.1	False	3	cosine		5.0	0.1		sensitivity	center_code	ok	412	3	2.0	chi_square	7.774222383250647	7.774222383250647	2.0	0.02050449411739524	0.11847972875340158		36.91747572815534	0.0	0.0	categorical	0.11847972875340158	cramers_v		0.03988879021887577	0.040159061017489124	0.039815055665929494	0.039992236460374184
categorical::umap__metric-cosine__nn-5__mindist-0p1::gender	UMAP	umap	umap__metric-cosine__nn-5__mindist-0p1	metric=cosine, n_neighbors=5, min_dist=0.1	False	3	cosine		5.0	0.1		sensitivity	gender	ok	412	3	2.0	chi_square	2.3452345209916796	2.3452345209916796	2.0	0.3095556922190285	0.02877762529369446		27.83009708737864	0.0	0.0	categorical	0.02877762529369446	cramers_v		0.35260933508676545	0.3556597314856923	0.3507078521890618	0.35406369966247525
categorical::umap__metric-cosine__nn-5__mindist-0p1::race	UMAP	umap	umap__metric-cosine__nn-5__mindist-0p1	metric=cosine, n_neighbors=5, min_dist=0.1	False	3	cosine		5.0	0.1		sensitivity	race	ok	358	3	4.0	permutation_chi_square_5000	3.093436224013508	3.093436224013508	6.0	0.8562287542491501	0.0		0.19273743016759776	5.0	0.4166666666666667	categorical	0.0	cramers_v		0.8854183708712802	0.8879409303324519	0.8874695331204029	0.8901761497920679
categorical::umap__metric-cosine__nn-5__mindist-0p1::ajcc_pathologic_tumor_stage	UMAP	umap	umap__metric-cosine__nn-5__mindist-0p1	metric=cosine, n_neighbors=5, min_dist=0.1	False	3	cosine		5.0	0.1		sensitivity	ajcc_pathologic_tumor_stage	ok	388	3	11.0	permutation_chi_square_5000	32.20054758323527	32.20054758323527	20.0	0.039192161567686463	0.1254475441738194		0.37628865979381443	7.0	0.21212121212121213	categorical	0.1254475441738194	cramers_v		0.06228997178776372	0.06285845914436652	0.06193598213817621	0.06243917853584159
categorical::umap__metric-cosine__nn-5__mindist-0p1::histological_type	UMAP	umap	umap__metric-cosine__nn-5__mindist-0p1	metric=cosine, n_neighbors=5, min_dist=0.1	False	3	cosine		5.0	0.1		sensitivity	histological_type	ok	410	3	7.0	permutation_chi_square_5000	50.08006721835421	50.08006721835421	12.0	0.0001999600079984003	0.21594293743302517		1.3317073170731708	6.0	0.2857142857142857	categorical	0.21594293743302517	cramers_v		0.0014753805995557645	0.0013868785875852353	0.0014890225838327478	0.0013879577025771317
categorical::umap__metric-cosine__nn-5__mindist-0p1::histological_grade	UMAP	umap	umap__metric-cosine__nn-5__mindist-0p1	metric=cosine, n_neighbors=5, min_dist=0.1	False	3	cosine		5.0	0.1		sensitivity	histological_grade	ok	412	3	4.0	permutation_chi_square_5000	31.357159668423954	31.357159668423954	6.0	0.0001999600079984003	0.1758008224262435		1.703883495145631	5.0	0.4166666666666667	categorical	0.1758008224262435	cramers_v		0.0014753805995557645	0.0013868785875852353	0.0014890225838327478	0.0013879577025771317
categorical::umap__metric-cosine__nn-5__mindist-0p1::tumor_status	UMAP	umap	umap__metric-cosine__nn-5__mindist-0p1	metric=cosine, n_neighbors=5, min_dist=0.1	False	3	cosine		5.0	0.1		sensitivity	tumor_status	ok	369	3	2.0	chi_square	8.441130410676216	8.441130410676216	2.0	0.01469033909991538	0.1322438371928695		24.149051490514903	0.0	0.0	categorical	0.1322438371928695	cramers_v		0.031913495286023066	0.03209796635704054	0.03200991502737243	0.032101111366481756
categorical::umap__metric-cosine__nn-5__mindist-0p1::vital_status	UMAP	umap	umap__metric-cosine__nn-5__mindist-0p1	metric=cosine, n_neighbors=5, min_dist=0.1	False	3	cosine		5.0	0.1		sensitivity	vital_status	ok	411	3	2.0	chi_square	10.869367987041837	10.869367987041837	2.0	0.0043626134174555905	0.14704025226237655		30.175182481751825	0.0	0.0	categorical	0.14704025226237655	cramers_v		0.014695096103130887	0.014571690862090151	0.014848553664775947	0.014671593653603102
categorical::umap__metric-cosine__nn-5__mindist-0p1::OS	UMAP	umap	umap__metric-cosine__nn-5__mindist-0p1	metric=cosine, n_neighbors=5, min_dist=0.1	False	3	cosine		5.0	0.1		sensitivity	OS	ok	412	3	2.0	chi_square	11.134157091510184	11.134157091510184	2.0	0.0038216288536988404	0.14903864647258158		30.101941747572816	0.0	0.0	categorical	0.14903864647258158	cramers_v		0.013667746861045198	0.013500707539235155	0.013891892562971613	0.013665218325347367
categorical::umap__metric-cosine__nn-5__mindist-0p1::DSS	UMAP	umap	umap__metric-cosine__nn-5__mindist-0p1	metric=cosine, n_neighbors=5, min_dist=0.1	False	3	cosine		5.0	0.1		sensitivity	DSS	ok	389	3	2.0	chi_square	10.134128014846736	10.134128014846736	2.0	0.006300892383612372	0.14474495320293856		18.262210796915166	0.0	0.0	categorical	0.14474495320293856	cramers_v		0.01822969997522748	0.0180339092933455	0.018227524333745772	0.01797412964884662
categorical::umap__metric-cosine__nn-5__mindist-0p1::DFI	UMAP	umap	umap__metric-cosine__nn-5__mindist-0p1	metric=cosine, n_neighbors=5, min_dist=0.1	False	3	cosine		5.0	0.1		sensitivity	DFI	ok	242	3	2.0	chi_square	5.355511360924471	5.355511360924471	2.0	0.06871720458525087	0.11785197545878696		7.285123966942149	0.0	0.0	categorical	0.11785197545878696	cramers_v		0.09580940954666209	0.0970194020897313	0.09489037444309699	0.09605652833930255
categorical::umap__metric-cosine__nn-5__mindist-0p1::PFI	UMAP	umap	umap__metric-cosine__nn-5__mindist-0p1	metric=cosine, n_neighbors=5, min_dist=0.1	False	3	cosine		5.0	0.1		sensitivity	PFI	ok	412	3	2.0	chi_square	8.845106413101309	8.845106413101309	2.0	0.012003545595420585	0.12900782457093343		25.179611650485437	0.0	0.0	categorical	0.12900782457093343	cramers_v		0.02761489843440859	0.027751316422440254	0.027731082746046954	0.027772909416855472
categorical::umap__metric-cosine__nn-5__mindist-0p5::center_code	UMAP	umap	umap__metric-cosine__nn-5__mindist-0p5	metric=cosine, n_neighbors=5, min_dist=0.5	False	3	cosine		5.0	0.5		sensitivity	center_code	ok	412	3	2.0	chi_square	8.321646341367808	8.321646341367808	2.0	0.01559471552232358	0.12397332689752194		37.390776699029125	0.0	0.0	categorical	0.12397332689752194	cramers_v		0.033174213020215615	0.03330396874258934	0.03331795767582782	0.03335667247675255
categorical::umap__metric-cosine__nn-5__mindist-0p5::gender	UMAP	umap	umap__metric-cosine__nn-5__mindist-0p5	metric=cosine, n_neighbors=5, min_dist=0.5	False	3	cosine		5.0	0.5		sensitivity	gender	ok	412	3	2.0	chi_square	1.8550209905960184	1.8550209905960184	2.0	0.3955371773536665	0.0		28.186893203883496	0.0	0.0	categorical	0.0	cramers_v		0.437763443584666	0.44104145439435377	0.43714267295426834	0.4410083804195211
categorical::umap__metric-cosine__nn-5__mindist-0p5::race	UMAP	umap	umap__metric-cosine__nn-5__mindist-0p5	metric=cosine, n_neighbors=5, min_dist=0.5	False	3	cosine		5.0	0.5		sensitivity	race	ok	358	3	4.0	permutation_chi_square_5000	2.8737451802865124	2.8737451802865124	6.0	0.8894221155768847	0.0		0.19832402234636873	6.0	0.5	categorical	0.0	cramers_v		0.9162725945376963	0.918583496415471	0.9181517666856939	0.9206299091058981
categorical::umap__metric-cosine__nn-5__mindist-0p5::ajcc_pathologic_tumor_stage	UMAP	umap	umap__metric-cosine__nn-5__mindist-0p5	metric=cosine, n_neighbors=5, min_dist=0.5	False	3	cosine		5.0	0.5		sensitivity	ajcc_pathologic_tumor_stage	ok	388	3	11.0	permutation_chi_square_5000	28.570553335296356	28.570553335296356	20.0	0.08978204359128174	0.1050474097578129		0.37628865979381443	7.0	0.21212121212121213	categorical	0.1050474097578129	cramers_v		0.12032980461061168	0.12160480047617066	0.11911255270115323	0.12034230277266435
categorical::umap__metric-cosine__nn-5__mindist-0p5::histological_type	UMAP	umap	umap__metric-cosine__nn-5__mindist-0p5	metric=cosine, n_neighbors=5, min_dist=0.5	False	3	cosine		5.0	0.5		sensitivity	histological_type	ok	410	3	7.0	permutation_chi_square_5000	48.10577127886417	48.10577127886417	12.0	0.0001999600079984003	0.2102661240210014		1.3487804878048781	6.0	0.2857142857142857	categorical	0.2102661240210014	cramers_v		0.0014753805995557645	0.0013868785875852353	0.0014890225838327478	0.0013879577025771317
categorical::umap__metric-cosine__nn-5__mindist-0p5::histological_grade	UMAP	umap	umap__metric-cosine__nn-5__mindist-0p5	metric=cosine, n_neighbors=5, min_dist=0.5	False	3	cosine		5.0	0.5		sensitivity	histological_grade	ok	412	3	4.0	permutation_chi_square_5000	28.858737889459785	28.858737889459785	6.0	0.0001999600079984003	0.16691026683519075		1.7257281553398058	5.0	0.4166666666666667	categorical	0.16691026683519075	cramers_v		0.0014753805995557645	0.0013868785875852353	0.0014890225838327478	0.0013879577025771317
categorical::umap__metric-cosine__nn-5__mindist-0p5::tumor_status	UMAP	umap	umap__metric-cosine__nn-5__mindist-0p5	metric=cosine, n_neighbors=5, min_dist=0.5	False	3	cosine		5.0	0.5		sensitivity	tumor_status	ok	369	3	2.0	chi_square	9.958227759369258	9.958227759369258	2.0	0.006880156503563533	0.147006836782114		24.869918699186993	0.0	0.0	categorical	0.147006836782114	cramers_v		0.019118404351949867	0.01893123116249022	0.019119855210989963	0.018880429474895277
categorical::umap__metric-cosine__nn-5__mindist-0p5::vital_status	UMAP	umap	umap__metric-cosine__nn-5__mindist-0p5	metric=cosine, n_neighbors=5, min_dist=0.5	False	3	cosine		5.0	0.5		sensitivity	vital_status	ok	411	3	2.0	chi_square	10.187548473973331	10.187548473973331	2.0	0.006134821865699163	0.14127226008823338		30.562043795620436	0.0	0.0	categorical	0.14127226008823338	cramers_v		0.01822969997522748	0.0180339092933455	0.018227524333745772	0.01797412964884662
categorical::umap__metric-cosine__nn-5__mindist-0p5::OS	UMAP	umap	umap__metric-cosine__nn-5__mindist-0p5	metric=cosine, n_neighbors=5, min_dist=0.5	False	3	cosine		5.0	0.5		sensitivity	OS	ok	412	3	2.0	chi_square	10.449037006195333	10.449037006195333	2.0	0.005382951210354422	0.14333718787878338		30.487864077669904	0.0	0.0	categorical	0.14333718787878338	cramers_v		0.017072261223430987	0.016866048277947715	0.01718245562505756	0.016913431472997436
categorical::umap__metric-cosine__nn-5__mindist-0p5::DSS	UMAP	umap	umap__metric-cosine__nn-5__mindist-0p5	metric=cosine, n_neighbors=5, min_dist=0.5	False	3	cosine		5.0	0.5		sensitivity	DSS	ok	389	3	2.0	chi_square	9.91797175891526	9.91797175891526	2.0	0.007020043394171372	0.1428075419041005		18.508997429305914	0.0	0.0	categorical	0.1428075419041005	cramers_v		0.019293340737672325	0.019090477719401287	0.019298828972506964	0.019042876333614296
categorical::umap__metric-cosine__nn-5__mindist-0p5::DFI	UMAP	umap	umap__metric-cosine__nn-5__mindist-0p5	metric=cosine, n_neighbors=5, min_dist=0.5	False	3	cosine		5.0	0.5		sensitivity	DFI	ok	242	3	2.0	chi_square	5.692907266437038	5.692907266437038	2.0	0.058049822229096805	0.1236490810089375		7.640495867768595	0.0	0.0	categorical	0.1236490810089375	cramers_v		0.08489786501005409	0.0862193823284817	0.08432616221537358	0.08562348778791778
categorical::umap__metric-cosine__nn-5__mindist-0p5::PFI	UMAP	umap	umap__metric-cosine__nn-5__mindist-0p5	metric=cosine, n_neighbors=5, min_dist=0.5	False	3	cosine		5.0	0.5		sensitivity	PFI	ok	412	3	2.0	chi_square	10.86251748165333	10.86251748165333	2.0	0.004377582091929189	0.1468046000804487		25.50242718446602	0.0	0.0	categorical	0.1468046000804487	cramers_v		0.014695096103130887	0.014571690862090151	0.014848553664775947	0.014671593653603102
categorical::umap__metric-cosine__nn-5__mindist-1::center_code	UMAP	umap	umap__metric-cosine__nn-5__mindist-1	metric=cosine, n_neighbors=5, min_dist=1	False	4	cosine		5.0	1.0		sensitivity	center_code	ok	412	4	2.0	chi_square	17.1053903736319	17.1053903736319	3.0	0.0006723307029131961	0.18520833645457957		36.44417475728155	0.0	0.0	categorical	0.18520833645457957	cramers_v		0.0039052400403255857	0.0037373677308998256	0.003936470604079553	0.003718829200488616
categorical::umap__metric-cosine__nn-5__mindist-1::gender	UMAP	umap	umap__metric-cosine__nn-5__mindist-1	metric=cosine, n_neighbors=5, min_dist=1	False	4	cosine		5.0	1.0		sensitivity	gender	ok	412	4	2.0	chi_square	1.8302927171780152	1.8302927171780152	3.0	0.608365192283524	0.0		27.473300970873787	0.0	0.0	categorical	0.0	cramers_v		0.6521611158117882	0.655162514766872	0.6535239530552702	0.657591688758374
categorical::umap__metric-cosine__nn-5__mindist-1::race	UMAP	umap	umap__metric-cosine__nn-5__mindist-1	metric=cosine, n_neighbors=5, min_dist=1	False	4	cosine		5.0	1.0		sensitivity	race	ok	358	4	4.0	permutation_chi_square_5000	8.220064335429424	8.220064335429424	9.0	0.5368926214757048	0.0		0.19273743016759776	8.0	0.5	categorical	0.0	cramers_v		0.5834886002931864	0.5867917325625783	0.58354100042792	0.5876972753597428
categorical::umap__metric-cosine__nn-5__mindist-1::ajcc_pathologic_tumor_stage	UMAP	umap	umap__metric-cosine__nn-5__mindist-1	metric=cosine, n_neighbors=5, min_dist=1	False	4	cosine		5.0	1.0		sensitivity	ajcc_pathologic_tumor_stage	ok	388	4	11.0	permutation_chi_square_5000	46.132591049529346	46.132591049529346	30.0	0.026394721055788842	0.11790154724545676		0.37628865979381443	11.0	0.25	categorical	0.11790154724545676	cramers_v		0.04836079763912989	0.04866929053213748	0.04831682828112182	0.04853886365584026
categorical::umap__metric-cosine__nn-5__mindist-1::histological_type	UMAP	umap	umap__metric-cosine__nn-5__mindist-1	metric=cosine, n_neighbors=5, min_dist=1	False	4	cosine		5.0	1.0		sensitivity	histological_type	ok	410	4	7.0	permutation_chi_square_5000	84.8767471756627	84.8767471756627	18.0	0.0001999600079984003	0.2339595117441909		1.3146341463414635	10.0	0.35714285714285715	categorical	0.2339595117441909	cramers_v		0.0014753805995557645	0.0013868785875852353	0.0014890225838327478	0.0013879577025771317
categorical::umap__metric-cosine__nn-5__mindist-1::histological_grade	UMAP	umap	umap__metric-cosine__nn-5__mindist-1	metric=cosine, n_neighbors=5, min_dist=1	False	4	cosine		5.0	1.0		sensitivity	histological_grade	ok	412	4	4.0	permutation_chi_square_5000	57.76659186380327	57.76659186380327	9.0	0.0001999600079984003	0.1993174252812144		1.6820388349514563	8.0	0.5	categorical	0.1993174252812144	cramers_v		0.0014753805995557645	0.0013868785875852353	0.0014890225838327478	0.0013879577025771317
categorical::umap__metric-cosine__nn-5__mindist-1::tumor_status	UMAP	umap	umap__metric-cosine__nn-5__mindist-1	metric=cosine, n_neighbors=5, min_dist=1	False	4	cosine		5.0	1.0		sensitivity	tumor_status	ok	369	4	2.0	chi_square	7.883447883396174	7.883447883396174	3.0	0.04848291302212306	0.11510075583817571		24.509485094850948	0.0	0.0	categorical	0.11510075583817571	cramers_v		0.0736688418647844	0.07464986200554997	0.07305774909227582	0.07397823797341192
categorical::umap__metric-cosine__nn-5__mindist-1::vital_status	UMAP	umap	umap__metric-cosine__nn-5__mindist-1	metric=cosine, n_neighbors=5, min_dist=1	False	4	cosine		5.0	1.0		sensitivity	vital_status	ok	411	4	2.0	chi_square	9.975424595473593	9.975424595473593	3.0	0.01877619467981694	0.13036673388622222		29.78832116788321	0.0	0.0	categorical	0.13036673388622222	cramers_v		0.0375982969260882	0.03775213611154682	0.03760141336663079	0.03765877006603511
categorical::umap__metric-cosine__nn-5__mindist-1::OS	UMAP	umap	umap__metric-cosine__nn-5__mindist-1	metric=cosine, n_neighbors=5, min_dist=1	False	4	cosine		5.0	1.0		sensitivity	OS	ok	412	4	2.0	chi_square	10.1843170278323	10.1843170278323	3.0	0.017062630401650007	0.13214550195592634		29.716019417475728	0.0	0.0	categorical	0.13214550195592634	cramers_v		0.03573988311752265	0.03583152384346502	0.035854897309768645	0.035846713128689034
categorical::umap__metric-cosine__nn-5__mindist-1::DSS	UMAP	umap	umap__metric-cosine__nn-5__mindist-1	metric=cosine, n_neighbors=5, min_dist=1	False	4	cosine		5.0	1.0		sensitivity	DSS	ok	389	4	2.0	chi_square	9.521518290019648	9.521518290019648	3.0	0.02310354038361652	0.12956936604851044		18.262210796915166	0.0	0.0	categorical	0.12956936604851044	cramers_v		0.044004185056237044	0.04433065109140632	0.04397125427849596	0.04420893673405539
categorical::umap__metric-cosine__nn-5__mindist-1::DFI	UMAP	umap	umap__metric-cosine__nn-5__mindist-1	metric=cosine, n_neighbors=5, min_dist=1	False	4	cosine		5.0	1.0		sensitivity	DFI	ok	242	4	2.0	chi_square	8.396358580743518	8.396358580743518	3.0	0.03849250646429441	0.14946659164242576		7.462809917355372	0.0	0.0	categorical	0.14946659164242576	cramers_v		0.06228997178776372	0.06284270259655374	0.06193598213817621	0.06243917853584159
categorical::umap__metric-cosine__nn-5__mindist-1::PFI	UMAP	umap	umap__metric-cosine__nn-5__mindist-1	metric=cosine, n_neighbors=5, min_dist=1	False	4	cosine		5.0	1.0		sensitivity	PFI	ok	412	4	2.0	chi_square	10.784942274932327	10.784942274932327	3.0	0.012947470731088324	0.13756386747816624		24.856796116504853	0.0	0.0	categorical	0.13756386747816624	cramers_v		0.029051995969209148	0.029218769769262007	0.029207970737484542	0.02928693059939468
categorical::umap__metric-euclidean__nn-15__mindist-0::center_code	UMAP	umap	umap__metric-euclidean__nn-15__mindist-0	metric=euclidean, n_neighbors=15, min_dist=0	False	9	euclidean		15.0	0.0		sensitivity	center_code	ok	412	9	2.0	chi_square	47.71862239040597	47.71862239040597	8.0	1.118171105120781e-07	0.31079285114121935		8.04611650485437	0.0	0.0	categorical	0.31079285114121935	cramers_v		8.325292137217451e-06	7.684885049739186e-06	7.796702160251264e-06	7.196955840231936e-06
categorical::umap__metric-euclidean__nn-15__mindist-0::gender	UMAP	umap	umap__metric-euclidean__nn-15__mindist-0	metric=euclidean, n_neighbors=15, min_dist=0	False	9	euclidean		15.0	0.0		sensitivity	gender	ok	412	9	2.0	chi_square	12.248251350455746	12.248251350455746	8.0	0.1404664711573084	0.1014350998210789		6.065533980582524	0.0	0.0	categorical	0.1014350998210789	cramers_v		0.17325608415336682	0.17465896742586373	0.17101235456770722	0.17235747240792781
categorical::umap__metric-euclidean__nn-15__mindist-0::race	UMAP	umap	umap__metric-euclidean__nn-15__mindist-0	metric=euclidean, n_neighbors=15, min_dist=0	False	9	euclidean		15.0	0.0		sensitivity	race	ok	358	9	4.0	permutation_chi_square_5000	27.664905669845822	27.664905669845822	24.0	0.2473505298940212	0.05812213095221626		0.04748603351955307	20.0	0.5555555555555556	categorical	0.05812213095221626	cramers_v		0.2869406288713929	0.2894690411762849	0.2848616462893608	0.28756022194575864
categorical::umap__metric-euclidean__nn-15__mindist-0::ajcc_pathologic_tumor_stage	UMAP	umap	umap__metric-euclidean__nn-15__mindist-0	metric=euclidean, n_neighbors=15, min_dist=0	False	9	euclidean		15.0	0.0		sensitivity	ajcc_pathologic_tumor_stage	ok	388	9	11.0	permutation_chi_square_5000	105.52134309127817	105.52134309127817	80.0	0.029194161167766446	0.09125586124743217		0.08762886597938144	65.0	0.6565656565656566	categorical	0.09125586124743217	cramers_v		0.05220527946812384	0.05280092306897472	0.05207423631552759	0.052527212093355015
categorical::umap__metric-euclidean__nn-15__mindist-0::histological_type	UMAP	umap	umap__metric-euclidean__nn-15__mindist-0	metric=euclidean, n_neighbors=15, min_dist=0	False	9	euclidean		15.0	0.0		sensitivity	histological_type	ok	410	9	7.0	permutation_chi_square_5000	149.30781954653148	149.30781954653148	48.0	0.0001999600079984003	0.20432022715474632		0.29024390243902437	33.0	0.5238095238095238	categorical	0.20432022715474632	cramers_v		0.0014753805995557645	0.0013868785875852353	0.0014890225838327478	0.0013879577025771317
categorical::umap__metric-euclidean__nn-15__mindist-0::histological_grade	UMAP	umap	umap__metric-euclidean__nn-15__mindist-0	metric=euclidean, n_neighbors=15, min_dist=0	False	9	euclidean		15.0	0.0		sensitivity	histological_grade	ok	412	9	4.0	permutation_chi_square_5000	94.84306115779519	94.84306115779519	24.0	0.0001999600079984003	0.2401879362767383		0.3713592233009709	18.0	0.5	categorical	0.2401879362767383	cramers_v		0.0014753805995557645	0.0013868785875852353	0.0014890225838327478	0.0013879577025771317
categorical::umap__metric-euclidean__nn-15__mindist-0::tumor_status	UMAP	umap	umap__metric-euclidean__nn-15__mindist-0	metric=euclidean, n_neighbors=15, min_dist=0	False	9	euclidean		15.0	0.0		sensitivity	tumor_status	ok	369	9	2.0	chi_square	23.397483251258777	23.397483251258777	8.0	0.002889703957793908	0.2044070006157689		5.40650406504065	0.0	0.0	categorical	0.2044070006157689	cramers_v		0.011658460795237491	0.01149797995837997	0.011852422115657367	0.011624490921125495
categorical::umap__metric-euclidean__nn-15__mindist-0::vital_status	UMAP	umap	umap__metric-euclidean__nn-15__mindist-0	metric=euclidean, n_neighbors=15, min_dist=0	False	9	euclidean		15.0	0.0		sensitivity	vital_status	ok	411	9	2.0	chi_square	14.583225303070382	14.583225303070382	8.0	0.06777431620668577	0.12652727609780762		6.576642335766423	0.0	0.0	categorical	0.12652727609780762	cramers_v		0.0950635215422669	0.09632810280049255	0.0941887709414639	0.09541312413461642
categorical::umap__metric-euclidean__nn-15__mindist-0::OS	UMAP	umap	umap__metric-euclidean__nn-15__mindist-0	metric=euclidean, n_neighbors=15, min_dist=0	False	9	euclidean		15.0	0.0		sensitivity	OS	ok	412	9	2.0	chi_square	14.79422161771963	14.79422161771963	8.0	0.06327238046207172	0.12838882742234053		6.560679611650485	0.0	0.0	categorical	0.12838882742234053	cramers_v		0.09012187756249868	0.09128610616283629	0.08937369394918786	0.09049867750938742
categorical::umap__metric-euclidean__nn-15__mindist-0::DSS	UMAP	umap	umap__metric-euclidean__nn-15__mindist-0	metric=euclidean, n_neighbors=15, min_dist=0	False	9	euclidean		15.0	0.0		sensitivity	DSS	ok	389	9	2.0	chi_square	21.048937860270556	21.048937860270556	8.0	0.007018560573021625	0.18324400558224804		3.948586118251928	2.0	0.1111111111111111	categorical	0.18324400558224804	cramers_v		0.019293340737672325	0.019090477719401287	0.019298828972506964	0.019042876333614296
categorical::umap__metric-euclidean__nn-15__mindist-0::DFI	UMAP	umap	umap__metric-euclidean__nn-15__mindist-0	metric=euclidean, n_neighbors=15, min_dist=0	False	9	euclidean		15.0	0.0		sensitivity	DFI	ok	242	9	2.0	permutation_chi_square_5000	14.351281401783917	14.351281401783917	8.0	0.0687862427514497	0.16191534035407293		1.9545454545454546	5.0	0.2777777777777778	categorical	0.16191534035407293	cramers_v		0.09580940954666209	0.0970194020897313	0.09489037444309699	0.09605652833930255
categorical::umap__metric-euclidean__nn-15__mindist-0::PFI	UMAP	umap	umap__metric-euclidean__nn-15__mindist-0	metric=euclidean, n_neighbors=15, min_dist=0	False	9	euclidean		15.0	0.0		sensitivity	PFI	ok	412	9	2.0	chi_square	20.22427860654956	20.22427860654956	8.0	0.00952003004373222	0.17232407467157024		5.487864077669903	0.0	0.0	categorical	0.17232407467157024	cramers_v		0.02355560303872111	0.023520074225691367	0.023554396914653587	0.023484952163632094
categorical::umap__metric-euclidean__nn-15__mindist-0p5::center_code	UMAP	umap	umap__metric-euclidean__nn-15__mindist-0p5	metric=euclidean, n_neighbors=15, min_dist=0.5	False	5	euclidean		15.0	0.5		sensitivity	center_code	ok	412	5	2.0	chi_square	31.24922624930563	31.24922624930563	4.0	2.7231294414081507e-06	0.25744229101275884		32.657766990291265	0.0	0.0	categorical	0.25744229101275884	cramers_v		9.696708750057719e-05	8.950808076976357e-05	9.493819461636597e-05	8.763525656895321e-05
categorical::umap__metric-euclidean__nn-15__mindist-0p5::gender	UMAP	umap	umap__metric-euclidean__nn-15__mindist-0p5	metric=euclidean, n_neighbors=15, min_dist=0.5	False	5	euclidean		15.0	0.5		sensitivity	gender	ok	412	5	2.0	chi_square	1.8906996307351123	1.8906996307351123	4.0	0.7558532761466775	0.0		24.618932038834952	0.0	0.0	categorical	0.0	cramers_v		0.7956300343362591	0.7990491578185809	0.7984094672196852	0.8020180016134274
categorical::umap__metric-euclidean__nn-15__mindist-0p5::race	UMAP	umap	umap__metric-euclidean__nn-15__mindist-0p5	metric=euclidean, n_neighbors=15, min_dist=0.5	False	5	euclidean		15.0	0.5		sensitivity	race	ok	358	5	4.0	permutation_chi_square_5000	17.813509395914014	17.813509395914014	12.0	0.08638272345530894	0.07366994515405892		0.16759776536312848	10.0	0.5	categorical	0.07366994515405892	cramers_v		0.11629999942033578	0.11758721579466158	0.11515584433344592	0.11640204680210268
categorical::umap__metric-euclidean__nn-15__mindist-0p5::ajcc_pathologic_tumor_stage	UMAP	umap	umap__metric-euclidean__nn-15__mindist-0p5	metric=euclidean, n_neighbors=15, min_dist=0.5	False	5	euclidean		15.0	0.5		sensitivity	ajcc_pathologic_tumor_stage	ok	388	5	11.0	permutation_chi_square_5000	56.46022746840958	56.46022746840958	40.0	0.03519296140771846	0.10319539445871155		0.3402061855670103	16.0	0.2909090909090909	categorical	0.10319539445871155	cramers_v		0.05834622549174376	0.05886256377043176	0.058174571982155296	0.05862733335685804
categorical::umap__metric-euclidean__nn-15__mindist-0p5::histological_type	UMAP	umap	umap__metric-euclidean__nn-15__mindist-0p5	metric=euclidean, n_neighbors=15, min_dist=0.5	False	5	euclidean		15.0	0.5		sensitivity	histological_type	ok	410	5	7.0	permutation_chi_square_5000	103.4179603899759	103.4179603899759	24.0	0.0001999600079984003	0.22106046525249948		1.1780487804878048	15.0	0.42857142857142855	categorical	0.22106046525249948	cramers_v		0.0014753805995557645	0.0013868785875852353	0.0014890225838327478	0.0013879577025771317
categorical::umap__metric-euclidean__nn-15__mindist-0p5::histological_grade	UMAP	umap	umap__metric-euclidean__nn-15__mindist-0p5	metric=euclidean, n_neighbors=15, min_dist=0.5	False	5	euclidean		15.0	0.5		sensitivity	histological_grade	ok	412	5	4.0	permutation_chi_square_5000	64.29861760378226	64.29861760378226	12.0	0.0001999600079984003	0.20639797721470868		1.5072815533980584	10.0	0.5	categorical	0.20639797721470868	cramers_v		0.0014753805995557645	0.0013868785875852353	0.0014890225838327478	0.0013879577025771317
categorical::umap__metric-euclidean__nn-15__mindist-0p5::tumor_status	UMAP	umap	umap__metric-euclidean__nn-15__mindist-0p5	metric=euclidean, n_neighbors=15, min_dist=0.5	False	5	euclidean		15.0	0.5		sensitivity	tumor_status	ok	369	5	2.0	chi_square	9.373330930904485	9.373330930904485	4.0	0.05241610312654797	0.1207145951735214		20.905149051490515	0.0	0.0	categorical	0.1207145951735214	cramers_v		0.07791068686142068	0.0790949580113179	0.07731375211165825	0.07845793026130224
categorical::umap__metric-euclidean__nn-15__mindist-0p5::vital_status	UMAP	umap	umap__metric-euclidean__nn-15__mindist-0p5	metric=euclidean, n_neighbors=15, min_dist=0.5	False	5	euclidean		15.0	0.5		sensitivity	vital_status	ok	411	5	2.0	chi_square	10.107625403417178	10.107625403417178	4.0	0.03865324961295964	0.12195466552061712		26.693430656934307	0.0	0.0	categorical	0.12195466552061712	cramers_v		0.06228997178776372	0.06284270259655374	0.06193598213817621	0.06243917853584159
categorical::umap__metric-euclidean__nn-15__mindist-0p5::OS	UMAP	umap	umap__metric-euclidean__nn-15__mindist-0p5	metric=euclidean, n_neighbors=15, min_dist=0.5	False	5	euclidean		15.0	0.5		sensitivity	OS	ok	412	5	2.0	chi_square	10.374130892357366	10.374130892357366	4.0	0.03457568631228144	0.12443972939233092		26.62864077669903	0.0	0.0	categorical	0.12443972939233092	cramers_v		0.058146790738723815	0.0587132573485303	0.05801361466837068	0.05851181307681457
categorical::umap__metric-euclidean__nn-15__mindist-0p5::DSS	UMAP	umap	umap__metric-euclidean__nn-15__mindist-0p5	metric=euclidean, n_neighbors=15, min_dist=0.5	False	5	euclidean		15.0	0.5		sensitivity	DSS	ok	389	5	2.0	chi_square	7.3807384513769465	7.3807384513769465	4.0	0.11708467123265721	0.09320263316360076		15.794344473007712	0.0	0.0	categorical	0.09320263316360076	cramers_v		0.1491327305436178	0.15053743444198786	0.14721957841876734	0.14855904521993066
categorical::umap__metric-euclidean__nn-15__mindist-0p5::DFI	UMAP	umap	umap__metric-euclidean__nn-15__mindist-0p5	metric=euclidean, n_neighbors=15, min_dist=0.5	False	5	euclidean		15.0	0.5		sensitivity	DFI	ok	242	5	2.0	chi_square	4.42539909238593	4.42539909238593	4.0	0.3514850915762373	0.04118617887496247		7.640495867768595	0.0	0.0	categorical	0.04118617887496247	cramers_v		0.39487831275848884	0.3977885168138255	0.3929869755670175	0.3962602624776688
categorical::umap__metric-euclidean__nn-15__mindist-0p5::PFI	UMAP	umap	umap__metric-euclidean__nn-15__mindist-0p5	metric=euclidean, n_neighbors=15, min_dist=0.5	False	5	euclidean		15.0	0.5		sensitivity	PFI	ok	412	5	2.0	chi_square	8.859645600901219	8.859645600901219	4.0	0.06470503236782672	0.10862939465105349		22.274271844660195	0.0	0.0	categorical	0.10862939465105349	cramers_v		0.091843018213605	0.09299810735756084	0.09106194463508825	0.09217537810145134
categorical::umap__metric-euclidean__nn-15__mindist-1::center_code	UMAP	umap	umap__metric-euclidean__nn-15__mindist-1	metric=euclidean, n_neighbors=15, min_dist=1	False	3	euclidean		15.0	1.0		sensitivity	center_code	ok	412	3	2.0	chi_square	14.833505374467443	14.833505374467443	2.0	0.0006010979326315706	0.176673197828204		58.21601941747573	0.0	0.0	categorical	0.176673197828204	cramers_v		0.003593424867337637	0.0034426517959808135	0.0036302528687276745	0.0034320752927673548
categorical::umap__metric-euclidean__nn-15__mindist-1::gender	UMAP	umap	umap__metric-euclidean__nn-15__mindist-1	metric=euclidean, n_neighbors=15, min_dist=1	False	3	euclidean		15.0	1.0		sensitivity	gender	ok	412	3	2.0	chi_square	4.049633720560145	4.049633720560145	2.0	0.13201801871698604	0.07053462240147297		43.88592233009709	0.0	0.0	categorical	0.07053462240147297	cramers_v		0.16407095194114046	0.16551512794368398	0.16201251256948526	0.16340691827207363
categorical::umap__metric-euclidean__nn-15__mindist-1::race	UMAP	umap	umap__metric-euclidean__nn-15__mindist-1	metric=euclidean, n_neighbors=15, min_dist=1	False	3	euclidean		15.0	1.0		sensitivity	race	ok	358	3	4.0	permutation_chi_square_5000	8.829302451410568	8.829302451410568	6.0	0.14677064587082583	0.06285058960137847		0.3100558659217877	6.0	0.5	categorical	0.06285058960137847	cramers_v		0.17941068502717367	0.18071434573020248	0.17728044942192664	0.17854573415213865
categorical::umap__metric-euclidean__nn-15__mindist-1::ajcc_pathologic_tumor_stage	UMAP	umap	umap__metric-euclidean__nn-15__mindist-1	metric=euclidean, n_neighbors=15, min_dist=1	False	3	euclidean		15.0	1.0		sensitivity	ajcc_pathologic_tumor_stage	ok	388	3	11.0	permutation_chi_square_5000	26.27633570942384	26.27633570942384	20.0	0.14917016596680663	0.08979495542123943		0.5979381443298969	8.0	0.24242424242424243	categorical	0.08979495542123943	cramers_v		0.18207208036783104	0.18337015523724523	0.17989546744739102	0.18115347770926088
categorical::umap__metric-euclidean__nn-15__mindist-1::histological_type	UMAP	umap	umap__metric-euclidean__nn-15__mindist-1	metric=euclidean, n_neighbors=15, min_dist=1	False	3	euclidean		15.0	1.0		sensitivity	histological_type	ok	410	3	7.0	permutation_chi_square_5000	59.170240302524746	59.170240302524746	12.0	0.0001999600079984003	0.24035682586237636		2.1	6.0	0.2857142857142857	categorical	0.24035682586237636	cramers_v		0.0014753805995557645	0.0013868785875852353	0.0014890225838327478	0.0013879577025771317
categorical::umap__metric-euclidean__nn-15__mindist-1::histological_grade	UMAP	umap	umap__metric-euclidean__nn-15__mindist-1	metric=euclidean, n_neighbors=15, min_dist=1	False	3	euclidean		15.0	1.0		sensitivity	histological_grade	ok	412	3	4.0	permutation_chi_square_5000	41.37586606151434	41.37586606151434	6.0	0.0001999600079984003	0.20766321004110055		2.686893203883495	6.0	0.5	categorical	0.20766321004110055	cramers_v		0.0014753805995557645	0.0013868785875852353	0.0014890225838327478	0.0013879577025771317
categorical::umap__metric-euclidean__nn-15__mindist-1::tumor_status	UMAP	umap	umap__metric-euclidean__nn-15__mindist-1	metric=euclidean, n_neighbors=15, min_dist=1	False	3	euclidean		15.0	1.0		sensitivity	tumor_status	ok	369	3	2.0	chi_square	10.018791730988385	10.018791730988385	2.0	0.006674934646740819	0.14756553556231		41.08943089430894	0.0	0.0	categorical	0.14756553556231	cramers_v		0.018916164275711873	0.018689817010874292	0.018891789203137298	0.018605723346033463
categorical::umap__metric-euclidean__nn-15__mindist-1::vital_status	UMAP	umap	umap__metric-euclidean__nn-15__mindist-1	metric=euclidean, n_neighbors=15, min_dist=1	False	3	euclidean		15.0	1.0		sensitivity	vital_status	ok	411	3	2.0	chi_square	7.987090135641293	7.987090135641293	2.0	0.018434247488987737	0.12079258249613328		47.583941605839414	0.0	0.0	categorical	0.12079258249613328	cramers_v		0.03752447405836648	0.0376861179466179	0.0375338294495553	0.03759944803250907
categorical::umap__metric-euclidean__nn-15__mindist-1::OS	UMAP	umap	umap__metric-euclidean__nn-15__mindist-1	metric=euclidean, n_neighbors=15, min_dist=1	False	3	euclidean		15.0	1.0		sensitivity	OS	ok	412	3	2.0	chi_square	8.242111000221222	8.242111000221222	2.0	0.01622737740082498	0.12319037296519203		47.46844660194175	0.0	0.0	categorical	0.12319037296519203	cramers_v		0.03425314971978262	0.034363858025276424	0.034382316205615354	0.03439815329276672
categorical::umap__metric-euclidean__nn-15__mindist-1::DSS	UMAP	umap	umap__metric-euclidean__nn-15__mindist-1	metric=euclidean, n_neighbors=15, min_dist=1	False	3	euclidean		15.0	1.0		sensitivity	DSS	ok	389	3	2.0	chi_square	7.0285185517184425	7.0285185517184425	2.0	0.02976984603279318	0.11378444624972892		29.367609254498714	0.0	0.0	categorical	0.11378444624972892	cramers_v		0.0523231869051393	0.0528121886519163	0.05211933033278161	0.052527212093355015
categorical::umap__metric-euclidean__nn-15__mindist-1::DFI	UMAP	umap	umap__metric-euclidean__nn-15__mindist-1	metric=euclidean, n_neighbors=15, min_dist=1	False	3	euclidean		15.0	1.0		sensitivity	DFI	ok	242	3	2.0	chi_square	4.378203476992908	4.378203476992908	2.0	0.11201732428907822	0.09916551246712023		12.260330578512397	0.0	0.0	categorical	0.09916551246712023	cramers_v		0.14400223403595142	0.14521616224700265	0.14220236745613327	0.14336049757557515
categorical::umap__metric-euclidean__nn-15__mindist-1::PFI	UMAP	umap	umap__metric-euclidean__nn-15__mindist-1	metric=euclidean, n_neighbors=15, min_dist=1	False	3	euclidean		15.0	1.0		sensitivity	PFI	ok	412	3	2.0	chi_square	10.127625987736623	10.127625987736623	2.0	0.006321410003619785	0.14058279715788646		39.70631067961165	0.0	0.0	categorical	0.14058279715788646	cramers_v		0.01822969997522748	0.0180339092933455	0.018227524333745772	0.01797412964884662
categorical::umap__metric-euclidean__nn-30__mindist-0::center_code	UMAP	umap	umap__metric-euclidean__nn-30__mindist-0	metric=euclidean, n_neighbors=30, min_dist=0	False	4	euclidean		30.0	0.0		sensitivity	center_code	ok	412	4	2.0	chi_square	34.675425465055966	34.675425465055966	3.0	1.4265955528125788e-07	0.27758216454888684		39.28398058252427	0.0	0.0	categorical	0.27758216454888684	cramers_v		8.987551982719246e-06	8.296201830202382e-06	9.118323241727067e-06	8.416913761594216e-06
categorical::umap__metric-euclidean__nn-30__mindist-0::gender	UMAP	umap	umap__metric-euclidean__nn-30__mindist-0	metric=euclidean, n_neighbors=30, min_dist=0	False	4	euclidean		30.0	0.0		sensitivity	gender	ok	412	4	2.0	chi_square	2.487302511234463	2.487302511234463	3.0	0.4775901750670628	0.0		29.614077669902912	0.0	0.0	categorical	0.0	cramers_v		0.523622963025334	0.5270922224097803	0.5233023775377674	0.5275098969539477
categorical::umap__metric-euclidean__nn-30__mindist-0::race	UMAP	umap	umap__metric-euclidean__nn-30__mindist-0	metric=euclidean, n_neighbors=30, min_dist=0	False	4	euclidean		30.0	0.0		sensitivity	race	ok	358	4	4.0	permutation_chi_square_5000	14.617709226781955	14.617709226781955	9.0	0.06818636272745451	0.07246583477583084		0.19553072625698323	8.0	0.5	categorical	0.07246583477583084	cramers_v		0.09546090781843632	0.09671461580104242	0.09457312877388357	0.09578560478380516
categorical::umap__metric-euclidean__nn-30__mindist-0::ajcc_pathologic_tumor_stage	UMAP	umap	umap__metric-euclidean__nn-30__mindist-0	metric=euclidean, n_neighbors=30, min_dist=0	False	4	euclidean		30.0	0.0		sensitivity	ajcc_pathologic_tumor_stage	ok	388	4	11.0	permutation_chi_square_5000	52.2070991992445	52.2070991992445	30.0	0.0057988402319536095	0.13842035672592676		0.4020618556701031	12.0	0.2727272727272727	categorical	0.13842035672592676	cramers_v		0.017907280782789897	0.017658338047162606	0.01798751053540096	0.017672773639271465
categorical::umap__metric-euclidean__nn-30__mindist-0::histological_type	UMAP	umap	umap__metric-euclidean__nn-30__mindist-0	metric=euclidean, n_neighbors=30, min_dist=0	False	4	euclidean		30.0	0.0		sensitivity	histological_type	ok	410	4	7.0	permutation_chi_square_5000	93.08280830422044	93.08280830422044	18.0	0.0001999600079984003	0.24790712987872646		1.4	9.0	0.32142857142857145	categorical	0.24790712987872646	cramers_v		0.0014753805995557645	0.0013868785875852353	0.0014890225838327478	0.0013879577025771317
categorical::umap__metric-euclidean__nn-30__mindist-0::histological_grade	UMAP	umap	umap__metric-euclidean__nn-30__mindist-0	metric=euclidean, n_neighbors=30, min_dist=0	False	4	euclidean		30.0	0.0		sensitivity	histological_grade	ok	412	4	4.0	permutation_chi_square_5000	69.62407920749905	69.62407920749905	9.0	0.0001999600079984003	0.2222417880512067		1.8131067961165048	8.0	0.5	categorical	0.2222417880512067	cramers_v		0.0014753805995557645	0.0013868785875852353	0.0014890225838327478	0.0013879577025771317
categorical::umap__metric-euclidean__nn-30__mindist-0::tumor_status	UMAP	umap	umap__metric-euclidean__nn-30__mindist-0	metric=euclidean, n_neighbors=30, min_dist=0	False	4	euclidean		30.0	0.0		sensitivity	tumor_status	ok	369	4	2.0	chi_square	12.334432187698965	12.334432187698965	3.0	0.006321084404403551	0.15919591499801142		28.474254742547426	0.0	0.0	categorical	0.15919591499801142	cramers_v		0.01822969997522748	0.0180339092933455	0.018227524333745772	0.01797412964884662
categorical::umap__metric-euclidean__nn-30__mindist-0::vital_status	UMAP	umap	umap__metric-euclidean__nn-30__mindist-0	metric=euclidean, n_neighbors=30, min_dist=0	False	4	euclidean		30.0	0.0		sensitivity	vital_status	ok	411	4	2.0	chi_square	6.493561286685315	6.493561286685315	3.0	0.08991677707166587	0.09221217517552766		31.722627737226276	0.0	0.0	categorical	0.09221217517552766	cramers_v		0.12032980461061168	0.12160480047617066	0.11911255270115323	0.12034230277266435
categorical::umap__metric-euclidean__nn-30__mindist-0::OS	UMAP	umap	umap__metric-euclidean__nn-30__mindist-0	metric=euclidean, n_neighbors=30, min_dist=0	False	4	euclidean		30.0	0.0		sensitivity	OS	ok	412	4	2.0	chi_square	6.772280492720746	6.772280492720746	3.0	0.07952125429140648	0.09571098413795985		32.03155339805825	0.0	0.0	categorical	0.09571098413795985	cramers_v		0.10782766103420846	0.1091072018952873	0.10681751671017299	0.10806343193534701
categorical::umap__metric-euclidean__nn-30__mindist-0::DSS	UMAP	umap	umap__metric-euclidean__nn-30__mindist-0	metric=euclidean, n_neighbors=30, min_dist=0	False	4	euclidean		30.0	0.0		sensitivity	DSS	ok	389	4	2.0	chi_square	7.281295125308848	7.281295125308848	3.0	0.06345238096157844	0.1049495651357099		19.74293059125964	0.0	0.0	categorical	0.1049495651357099	cramers_v		0.09022135417974436	0.09137142858467297	0.08946319153957843	0.09057315669515634
categorical::umap__metric-euclidean__nn-30__mindist-0::DFI	UMAP	umap	umap__metric-euclidean__nn-30__mindist-0	metric=euclidean, n_neighbors=30, min_dist=0	False	4	euclidean		30.0	0.0		sensitivity	DFI	ok	242	4	2.0	chi_square	9.113636577696159	9.113636577696159	3.0	0.027817564309701927	0.15911181763171592		9.772727272727273	0.0	0.0	categorical	0.15911181763171592	cramers_v		0.05029268249369951	0.05079729134815134	0.0502025219424503	0.050629397252619446
categorical::umap__metric-euclidean__nn-30__mindist-0::PFI	UMAP	umap	umap__metric-euclidean__nn-30__mindist-0	metric=euclidean, n_neighbors=30, min_dist=0	False	4	euclidean		30.0	0.0		sensitivity	PFI	ok	412	4	2.0	chi_square	14.857103686409687	14.857103686409687	3.0	0.0019429263775003899	0.1697993274364858		26.79368932038835	0.0	0.0	categorical	0.1697993274364858	cramers_v		0.00899015086538316	0.008902135402365422	0.008923500188879037	0.008761731689619592
categorical::umap__metric-euclidean__nn-30__mindist-0p1::center_code	UMAP	umap	umap__metric-euclidean__nn-30__mindist-0p1	metric=euclidean, n_neighbors=30, min_dist=0.1	False	5	euclidean		30.0	0.1		sensitivity	center_code	ok	412	5	2.0	chi_square	28.162260242180707	28.162260242180707	4.0	1.1563166429951813e-05	0.24241621756902007		35.49757281553398	0.0	0.0	categorical	0.24241621756902007	cramers_v		0.000326559769176915	0.00030143978693253695	0.00031674816613475146	0.00029238292258592437
categorical::umap__metric-euclidean__nn-30__mindist-0p1::gender	UMAP	umap	umap__metric-euclidean__nn-30__mindist-0p1	metric=euclidean, n_neighbors=30, min_dist=0.1	False	5	euclidean		30.0	0.1		sensitivity	gender	ok	412	5	2.0	chi_square	1.7461223396916852	1.7461223396916852	4.0	0.7823233849610206	0.0		26.759708737864077	0.0	0.0	categorical	0.0	cramers_v		0.8193386857839845	0.8225820292496963	0.8219753921439764	0.8254619322688563
categorical::umap__metric-euclidean__nn-30__mindist-0p1::race	UMAP	umap	umap__metric-euclidean__nn-30__mindist-0p1	metric=euclidean, n_neighbors=30, min_dist=0.1	False	5	euclidean		30.0	0.1		sensitivity	race	ok	358	5	4.0	permutation_chi_square_5000	16.840979091152207	16.840979091152207	12.0	0.11057788442311538	0.067186793399187		0.1787709497206704	10.0	0.5	categorical	0.067186793399187	cramers_v		0.1430699642062109	0.1443814863970211	0.14135539558754917	0.14260317335440015
categorical::umap__metric-euclidean__nn-30__mindist-0p1::ajcc_pathologic_tumor_stage	UMAP	umap	umap__metric-euclidean__nn-30__mindist-0p1	metric=euclidean, n_neighbors=30, min_dist=0.1	False	5	euclidean		30.0	0.1		sensitivity	ajcc_pathologic_tumor_stage	ok	388	5	11.0	permutation_chi_square_5000	56.076617842121124	56.076617842121124	40.0	0.041791641671665665	0.10197811953839848		0.3711340206185567	15.0	0.2727272727272727	categorical	0.10197811953839848	cramers_v		0.0654442725221686	0.06595925073857879	0.06501863927417356	0.06546124403437896
categorical::umap__metric-euclidean__nn-30__mindist-0p1::histological_type	UMAP	umap	umap__metric-euclidean__nn-30__mindist-0p1	metric=euclidean, n_neighbors=30, min_dist=0.1	False	5	euclidean		30.0	0.1		sensitivity	histological_type	ok	410	5	7.0	permutation_chi_square_5000	101.08397282949286	101.08397282949286	24.0	0.0001999600079984003	0.21778546833685455		1.2804878048780488	15.0	0.42857142857142855	categorical	0.21778546833685455	cramers_v		0.0014753805995557645	0.0013868785875852353	0.0014890225838327478	0.0013879577025771317
categorical::umap__metric-euclidean__nn-30__mindist-0p1::histological_grade	UMAP	umap	umap__metric-euclidean__nn-30__mindist-0p1	metric=euclidean, n_neighbors=30, min_dist=0.1	False	5	euclidean		30.0	0.1		sensitivity	histological_grade	ok	412	5	4.0	permutation_chi_square_5000	70.27682514325396	70.27682514325396	12.0	0.0001999600079984003	0.2178816805884934		1.6383495145631068	10.0	0.5	categorical	0.2178816805884934	cramers_v		0.0014753805995557645	0.0013868785875852353	0.0014890225838327478	0.0013879577025771317
categorical::umap__metric-euclidean__nn-30__mindist-0p1::tumor_status	UMAP	umap	umap__metric-euclidean__nn-30__mindist-0p1	metric=euclidean, n_neighbors=30, min_dist=0.1	False	5	euclidean		30.0	0.1		sensitivity	tumor_status	ok	369	5	2.0	chi_square	10.097326603930444	10.097326603930444	4.0	0.038819755632115656	0.12860562803328307		22.346883468834687	0.0	0.0	categorical	0.12860562803328307	cramers_v		0.06228997178776372	0.06285845914436652	0.06193598213817621	0.06243917853584159
categorical::umap__metric-euclidean__nn-30__mindist-0p1::vital_status	UMAP	umap	umap__metric-euclidean__nn-30__mindist-0p1	metric=euclidean, n_neighbors=30, min_dist=0.1	False	5	euclidean		30.0	0.1		sensitivity	vital_status	ok	411	5	2.0	chi_square	8.664399645509395	8.664399645509395	4.0	0.07005771021094435	0.10654978497240272		29.014598540145986	0.0	0.0	categorical	0.10654978497240272	cramers_v		0.0967576132592975	0.09789949892693887	0.09595404237820415	0.09706625994001683
categorical::umap__metric-euclidean__nn-30__mindist-0p1::OS	UMAP	umap	umap__metric-euclidean__nn-30__mindist-0p1	metric=euclidean, n_neighbors=30, min_dist=0.1	False	5	euclidean		30.0	0.1		sensitivity	OS	ok	412	5	2.0	chi_square	8.932820143678638	8.932820143678638	4.0	0.06280076871758185	0.10944581621200775		28.944174757281555	0.0	0.0	categorical	0.10944581621200775	cramers_v		0.08960597487752532	0.09077893145409537	0.0888711985357662	0.09000596002438856
categorical::umap__metric-euclidean__nn-30__mindist-0p1::DSS	UMAP	umap	umap__metric-euclidean__nn-30__mindist-0p1	metric=euclidean, n_neighbors=30, min_dist=0.1	False	5	euclidean		30.0	0.1		sensitivity	DSS	ok	389	5	2.0	chi_square	7.277997648089981	7.277997648089981	4.0	0.12190658164720636	0.0917710912266492		17.02827763496144	0.0	0.0	categorical	0.0917710912266492	cramers_v		0.15416361172210002	0.1557661440684836	0.15237017743031198	0.15393712701310006
categorical::umap__metric-euclidean__nn-30__mindist-0p1::DFI	UMAP	umap	umap__metric-euclidean__nn-30__mindist-0p1	metric=euclidean, n_neighbors=30, min_dist=0.1	False	5	euclidean		30.0	0.1		sensitivity	DFI	ok	242	5	2.0	chi_square	6.622480572793991	6.622480572793991	4.0	0.15723486214352575	0.10398547475874462		7.9958677685950414	0.0	0.0	categorical	0.10398547475874462	cramers_v		0.19134524828461752	0.19265730272367174	0.1893236095197555	0.19062034657126067
categorical::umap__metric-euclidean__nn-30__mindist-0p1::PFI	UMAP	umap	umap__metric-euclidean__nn-30__mindist-0p1	metric=euclidean, n_neighbors=30, min_dist=0.1	False	5	euclidean		30.0	0.1		sensitivity	PFI	ok	412	5	2.0	chi_square	8.807415833152637	8.807415833152637	4.0	0.06609761943148296	0.10804288455546236		24.211165048543688	0.0	0.0	categorical	0.10804288455546236	cramers_v		0.09333439709376645	0.09446087011380173	0.09251254398530553	0.09359422911497987
categorical::umap__metric-euclidean__nn-30__mindist-0p5::center_code	UMAP	umap	umap__metric-euclidean__nn-30__mindist-0p5	metric=euclidean, n_neighbors=30, min_dist=0.5	False	5	euclidean		30.0	0.5		sensitivity	center_code	ok	412	5	2.0	chi_square	30.52608295817503	30.52608295817503	4.0	3.824257069964035e-06	0.25400206703504297		35.970873786407765	0.0	0.0	categorical	0.25400206703504297	cramers_v		0.0001305027725125227	0.00012046409770386711	0.00012753065968097458	0.00011772060893628423
categorical::umap__metric-euclidean__nn-30__mindist-0p5::gender	UMAP	umap	umap__metric-euclidean__nn-30__mindist-0p5	metric=euclidean, n_neighbors=30, min_dist=0.5	False	5	euclidean		30.0	0.5		sensitivity	gender	ok	412	5	2.0	chi_square	2.02987493732084	2.02987493732084	4.0	0.730263897555127	0.0		27.116504854368934	0.0	0.0	categorical	0.0	cramers_v		0.7717240414163213	0.7753925653815674	0.7747059604768775	0.7786548787184185
categorical::umap__metric-euclidean__nn-30__mindist-0p5::race	UMAP	umap	umap__metric-euclidean__nn-30__mindist-0p5	metric=euclidean, n_neighbors=30, min_dist=0.5	False	5	euclidean		30.0	0.5		sensitivity	race	ok	358	5	4.0	permutation_chi_square_5000	18.506361614393562	18.506361614393562	12.0	0.0649870025994801	0.07796051361137425		0.17597765363128492	10.0	0.5	categorical	0.07796051361137425	cramers_v		0.09208365939268895	0.09322613655636994	0.09129126555641252	0.09239116032215243
categorical::umap__metric-euclidean__nn-30__mindist-0p5::ajcc_pathologic_tumor_stage	UMAP	umap	umap__metric-euclidean__nn-30__mindist-0p5	metric=euclidean, n_neighbors=30, min_dist=0.5	False	5	euclidean		30.0	0.5		sensitivity	ajcc_pathologic_tumor_stage	ok	388	5	11.0	permutation_chi_square_5000	54.041637098884955	54.041637098884955	40.0	0.0609878024395121	0.09526092561203225		0.37628865979381443	15.0	0.2727272727272727	categorical	0.09526092561203225	cramers_v		0.08762984245256213	0.08883772378472282	0.0869472945559587	0.08812115127994809
categorical::umap__metric-euclidean__nn-30__mindist-0p5::histological_type	UMAP	umap	umap__metric-euclidean__nn-30__mindist-0p5	metric=euclidean, n_neighbors=30, min_dist=0.5	False	5	euclidean		30.0	0.5		sensitivity	histological_type	ok	410	5	7.0	permutation_chi_square_5000	107.64470457328598	107.64470457328598	24.0	0.0001999600079984003	0.2268710360172715		1.2975609756097561	15.0	0.42857142857142855	categorical	0.2268710360172715	cramers_v		0.0014753805995557645	0.0013868785875852353	0.0014890225838327478	0.0013879577025771317
categorical::umap__metric-euclidean__nn-30__mindist-0p5::histological_grade	UMAP	umap	umap__metric-euclidean__nn-30__mindist-0p5	metric=euclidean, n_neighbors=30, min_dist=0.5	False	5	euclidean		30.0	0.5		sensitivity	histological_grade	ok	412	5	4.0	permutation_chi_square_5000	70.37403849406302	70.37403849406302	12.0	0.0001999600079984003	0.21806342342268129		1.6601941747572815	10.0	0.5	categorical	0.21806342342268129	cramers_v		0.0014753805995557645	0.0013868785875852353	0.0014890225838327478	0.0013879577025771317
categorical::umap__metric-euclidean__nn-30__mindist-0p5::tumor_status	UMAP	umap	umap__metric-euclidean__nn-30__mindist-0p5	metric=euclidean, n_neighbors=30, min_dist=0.5	False	5	euclidean		30.0	0.5		sensitivity	tumor_status	ok	369	5	2.0	chi_square	10.122333948065876	10.122333948065876	4.0	0.03841663836338958	0.12886955731719485		21.986449864498645	0.0	0.0	categorical	0.12886955731719485	cramers_v		0.06228997178776372	0.06284270259655374	0.06193598213817621	0.06243917853584159
categorical::umap__metric-euclidean__nn-30__mindist-0p5::vital_status	UMAP	umap	umap__metric-euclidean__nn-30__mindist-0p5	metric=euclidean, n_neighbors=30, min_dist=0.5	False	5	euclidean		30.0	0.5		sensitivity	vital_status	ok	411	5	2.0	chi_square	8.420129140189811	8.420129140189811	4.0	0.07734554330253167	0.10371630254276513		29.401459854014597	0.0	0.0	categorical	0.10371630254276513	cramers_v		0.10557666660795573	0.10670297579692326	0.10462792189248993	0.10571553022817069
categorical::umap__metric-euclidean__nn-30__mindist-0p5::OS	UMAP	umap	umap__metric-euclidean__nn-30__mindist-0p5	metric=euclidean, n_neighbors=30, min_dist=0.5	False	5	euclidean		30.0	0.5		sensitivity	OS	ok	412	5	2.0	chi_square	8.68603603387643	8.68603603387643	4.0	0.0694445037970905	0.10666740446809557		29.33009708737864	0.0	0.0	categorical	0.10666740446809557	cramers_v		0.09626064021929479	0.09741247693986756	0.09547069999090009	0.09659388469667538
categorical::umap__metric-euclidean__nn-30__mindist-0p5::DSS	UMAP	umap	umap__metric-euclidean__nn-30__mindist-0p5	metric=euclidean, n_neighbors=30, min_dist=0.5	False	5	euclidean		30.0	0.5		sensitivity	DSS	ok	389	5	2.0	chi_square	6.406818216597771	6.406818216597771	4.0	0.1707570966420529	0.07859141465248147		17.02827763496144	0.0	0.0	categorical	0.07859141465248147	cramers_v		0.20657320849311867	0.20821349203450323	0.20432245417231604	0.20595574859041477
categorical::umap__metric-euclidean__nn-30__mindist-0p5::DFI	UMAP	umap	umap__metric-euclidean__nn-30__mindist-0p5	metric=euclidean, n_neighbors=30, min_dist=0.5	False	5	euclidean		30.0	0.5		sensitivity	DFI	ok	242	5	2.0	chi_square	6.115935309539649	6.115935309539649	4.0	0.1906558356091124	0.0933332481305312		7.818181818181818	0.0	0.0	categorical	0.0933332481305312	cramers_v		0.22895473513762912	0.23061729875278233	0.22706991601271617	0.22878700273093489
categorical::umap__metric-euclidean__nn-30__mindist-0p5::PFI	UMAP	umap	umap__metric-euclidean__nn-30__mindist-0p5	metric=euclidean, n_neighbors=30, min_dist=0.5	False	5	euclidean		30.0	0.5		sensitivity	PFI	ok	412	5	2.0	chi_square	9.531083562843774	9.531083562843774	4.0	0.04911245283620049	0.11590523741691941		24.533980582524272	0.0	0.0	categorical	0.11590523741691941	cramers_v		0.07421235954400038	0.07515994806511654	0.07357275649485503	0.07445742314353308
categorical::umap__metric-euclidean__nn-30__mindist-1::center_code	UMAP	umap	umap__metric-euclidean__nn-30__mindist-1	metric=euclidean, n_neighbors=30, min_dist=1	False	2	euclidean		30.0	1.0		sensitivity	center_code	ok	412	2	2.0	fisher_exact	1.3061002178649237	1.8178468295778647	1.0	0.1990394496747235	0.04454196650875553	1.3061002178649237	91.82038834951456	0.0	0.0	categorical	0.04454196650875553	cramers_v		0.23762873073410867	0.23922706510984254	0.23559144737733476	0.2372389400163371
categorical::umap__metric-euclidean__nn-30__mindist-1::gender	UMAP	umap	umap__metric-euclidean__nn-30__mindist-1	metric=euclidean, n_neighbors=30, min_dist=1	False	2	euclidean		30.0	1.0		sensitivity	gender	ok	412	2	2.0	fisher_exact	0.8721064814814815	0.4397064456179586	1.0	0.5373028678423205	0.0	0.8721064814814815	69.21844660194175	0.0	0.0	categorical	0.0	cramers_v		0.5834886002931864	0.5867917325625783	0.58354100042792	0.5876972753597428
categorical::umap__metric-euclidean__nn-30__mindist-1::race	UMAP	umap	umap__metric-euclidean__nn-30__mindist-1	metric=euclidean, n_neighbors=30, min_dist=1	False	2	euclidean		30.0	1.0		sensitivity	race	ok	358	2	4.0	permutation_chi_square_5000	4.1654637797380385	4.1654637797380385	3.0	0.21715656868626274	0.05693058078251868		0.5	2.0	0.25	categorical	0.05693058078251868	cramers_v		0.2567716260409926	0.25826231762903895	0.25441951954290715	0.25595000942112506
categorical::umap__metric-euclidean__nn-30__mindist-1::ajcc_pathologic_tumor_stage	UMAP	umap	umap__metric-euclidean__nn-30__mindist-1	metric=euclidean, n_neighbors=30, min_dist=1	False	2	euclidean		30.0	1.0		sensitivity	ajcc_pathologic_tumor_stage	ok	388	2	11.0	permutation_chi_square_5000	14.533988151785659	14.533988151785659	10.0	0.14537092581483704	0.10793071827206842		0.9278350515463918	4.0	0.18181818181818182	categorical	0.10793071827206842	cramers_v		0.17823171892567596	0.17957584953597516	0.17614454992097947	0.17745278530500797
categorical::umap__metric-euclidean__nn-30__mindist-1::histological_type	UMAP	umap	umap__metric-euclidean__nn-30__mindist-1	metric=euclidean, n_neighbors=30, min_dist=1	False	2	euclidean		30.0	1.0		sensitivity	histological_type	ok	410	2	7.0	chi_square	24.110664990394522	24.110664990394522	6.0	0.0004983358202405341	0.21034436337112716		3.295121951219512	2.0	0.14285714285714285	categorical	0.21034436337112716	cramers_v		0.003163852998271297	0.0029900149214432043	0.003185196451037413	0.002990014921443204
categorical::umap__metric-euclidean__nn-30__mindist-1::histological_grade	UMAP	umap	umap__metric-euclidean__nn-30__mindist-1	metric=euclidean, n_neighbors=30, min_dist=1	False	2	euclidean		30.0	1.0		sensitivity	histological_grade	ok	412	2	4.0	permutation_chi_square_5000	8.193084832155	8.193084832155	3.0	0.039192161567686463	0.11232790309821937		4.237864077669903	2.0	0.25	categorical	0.11232790309821937	cramers_v		0.06228997178776372	0.06285845914436652	0.06193598213817621	0.06243917853584159
categorical::umap__metric-euclidean__nn-30__mindist-1::tumor_status	UMAP	umap	umap__metric-euclidean__nn-30__mindist-1	metric=euclidean, n_neighbors=30, min_dist=1	False	2	euclidean		30.0	1.0		sensitivity	tumor_status	ok	369	2	2.0	fisher_exact	0.47700573718240596	11.414854443662321	1.0	0.0007819208483608956	0.16820838152478895	0.47700573718240596	63.43631436314363	0.0	0.0	categorical	0.16820838152478895	cramers_v		0.0044165046538453346	0.004283566386672733	0.004442468819946718	0.00425846123568857
categorical::umap__metric-euclidean__nn-30__mindist-1::vital_status	UMAP	umap	umap__metric-euclidean__nn-30__mindist-1	metric=euclidean, n_neighbors=30, min_dist=1	False	2	euclidean		30.0	1.0		sensitivity	vital_status	ok	411	2	2.0	fisher_exact	0.5387387387387388	9.197824252715936	1.0	0.003207317891443964	0.1413819768212358	0.5387387387387388	75.05109489051095	0.0	0.0	categorical	0.1413819768212358	cramers_v		0.012226472774935767	0.012063344905132521	0.012370806983334147	0.012143214262793191
categorical::umap__metric-euclidean__nn-30__mindist-1::OS	UMAP	umap	umap__metric-euclidean__nn-30__mindist-1	metric=euclidean, n_neighbors=30, min_dist=1	False	2	euclidean		30.0	1.0		sensitivity	OS	ok	412	2	2.0	fisher_exact	0.5351230425055928	9.411415404376719	1.0	0.002378712612588623	0.14303821903649253	0.5351230425055928	74.86893203883496	0.0	0.0	categorical	0.14303821903649253	cramers_v		0.010199820050838127	0.010046406341435749	0.01024984592053637	0.010024574581623483
categorical::umap__metric-euclidean__nn-30__mindist-1::DSS	UMAP	umap	umap__metric-euclidean__nn-30__mindist-1	metric=euclidean, n_neighbors=30, min_dist=1	False	2	euclidean		30.0	1.0		sensitivity	DSS	ok	389	2	2.0	fisher_exact	0.46013438973021764	10.630194172229864	1.0	0.001410496288296514	0.15752336437112868	0.46013438973021764	45.16195372750643	0.0	0.0	categorical	0.15752336437112868	cramers_v		0.007087094847330337	0.006969511071582775	0.007070919301460302	0.006887112911130565
categorical::umap__metric-euclidean__nn-30__mindist-1::DFI	UMAP	umap	umap__metric-euclidean__nn-30__mindist-1	metric=euclidean, n_neighbors=30, min_dist=1	False	2	euclidean		30.0	1.0		sensitivity	DFI	ok	242	2	2.0	fisher_exact	0.39012345679012345	7.659897193942765	1.0	0.006702021877502301	0.16618569841945888	0.39012345679012345	18.834710743801654	0.0	0.0	categorical	0.16618569841945888	cramers_v		0.018927434198877185	0.018696415274508264	0.018898716103103914	0.018607966624594623
categorical::umap__metric-euclidean__nn-30__mindist-1::PFI	UMAP	umap	umap__metric-euclidean__nn-30__mindist-1	metric=euclidean, n_neighbors=30, min_dist=1	False	2	euclidean		30.0	1.0		sensitivity	PFI	ok	412	2	2.0	fisher_exact	0.4577272727272727	13.45137054490524	1.0	0.00031749515636501533	0.17403897508031016	0.4577272727272727	62.62621359223301	0.0	0.0	categorical	0.17403897508031016	cramers_v		0.002222466094555107	0.0020871855496691445	0.0022548035641848773	0.002100809072022718
categorical::umap__metric-euclidean__nn-50__mindist-0::center_code	UMAP	umap	umap__metric-euclidean__nn-50__mindist-0	metric=euclidean, n_neighbors=50, min_dist=0	False	6	euclidean		50.0	0.0		sensitivity	center_code	ok	412	6	2.0	chi_square	28.328621832590965	28.328621832590965	5.0	3.1391303852474985e-05	0.23818348656555685		23.66504854368932	0.0	0.0	categorical	0.23818348656555685	cramers_v		0.0007561611133875592	0.0006979948738962084	0.0007296100016620701	0.0006734861553803724
categorical::umap__metric-euclidean__nn-50__mindist-0::gender	UMAP	umap	umap__metric-euclidean__nn-50__mindist-0	metric=euclidean, n_neighbors=50, min_dist=0	False	6	euclidean		50.0	0.0		sensitivity	gender	ok	412	6	2.0	chi_square	2.2010451458780866	2.2010451458780866	5.0	0.8206849900373006	0.0		17.839805825242717	0.0	0.0	categorical	0.0	cramers_v		0.8563879580771744	0.8594901518311296	0.8589100733741383	0.8622429816707281
categorical::umap__metric-euclidean__nn-50__mindist-0::race	UMAP	umap	umap__metric-euclidean__nn-50__mindist-0	metric=euclidean, n_neighbors=50, min_dist=0	False	6	euclidean		50.0	0.0		sensitivity	race	ok	358	6	4.0	permutation_chi_square_5000	22.64787081263337	22.64787081263337	15.0	0.060787842431513694	0.0845092658291317		0.12290502793296089	12.0	0.5	categorical	0.0845092658291317	cramers_v		0.08762984245256213	0.08883772378472282	0.0869472945559587	0.08812115127994809
categorical::umap__metric-euclidean__nn-50__mindist-0::ajcc_pathologic_tumor_stage	UMAP	umap	umap__metric-euclidean__nn-50__mindist-0	metric=euclidean, n_neighbors=50, min_dist=0	False	6	euclidean		50.0	0.0		sensitivity	ajcc_pathologic_tumor_stage	ok	388	6	11.0	permutation_chi_square_5000	79.17131741819966	79.17131741819966	50.0	0.004199160167966407	0.12315075601615466		0.25257731958762886	24.0	0.36363636363636365	categorical	0.12315075601615466	cramers_v		0.014576867627413642	0.014434157035257144	0.014778528094080935	0.014577914590541374
categorical::umap__metric-euclidean__nn-50__mindist-0::histological_type	UMAP	umap	umap__metric-euclidean__nn-50__mindist-0	metric=euclidean, n_neighbors=50, min_dist=0	False	6	euclidean		50.0	0.0		sensitivity	histological_type	ok	410	6	7.0	permutation_chi_square_5000	100.20225704648061	100.20225704648061	30.0	0.0001999600079984003	0.18609837345545427		0.8536585365853658	18.0	0.42857142857142855	categorical	0.18609837345545427	cramers_v		0.0014753805995557645	0.0013868785875852353	0.0014890225838327478	0.0013879577025771317
categorical::umap__metric-euclidean__nn-50__mindist-0::histological_grade	UMAP	umap	umap__metric-euclidean__nn-50__mindist-0	metric=euclidean, n_neighbors=50, min_dist=0	False	6	euclidean		50.0	0.0		sensitivity	histological_grade	ok	412	6	4.0	permutation_chi_square_5000	83.8438054288704	83.8438054288704	15.0	0.0001999600079984003	0.23680936916808326		1.0922330097087378	12.0	0.5	categorical	0.23680936916808326	cramers_v		0.0014753805995557645	0.0013868785875852353	0.0014890225838327478	0.0013879577025771317
categorical::umap__metric-euclidean__nn-50__mindist-0::tumor_status	UMAP	umap	umap__metric-euclidean__nn-50__mindist-0	metric=euclidean, n_neighbors=50, min_dist=0	False	6	euclidean		50.0	0.0		sensitivity	tumor_status	ok	369	6	2.0	chi_square	17.678145833712613	17.678145833712613	5.0	0.0033780392130516967	0.1855123076582777		16.21951219512195	0.0	0.0	categorical	0.1855123076582777	cramers_v		0.012350955872720266	0.012219127488359247	0.012577456681605105	0.012391978045806225
categorical::umap__metric-euclidean__nn-50__mindist-0::vital_status	UMAP	umap	umap__metric-euclidean__nn-50__mindist-0	metric=euclidean, n_neighbors=50, min_dist=0	False	6	euclidean		50.0	0.0		sensitivity	vital_status	ok	411	6	2.0	chi_square	8.623565474956985	8.623565474956985	5.0	0.1250541722346368	0.09385239886220267		19.343065693430656	0.0	0.0	categorical	0.09385239886220267	cramers_v		0.1568443599696287	0.15836005730215313	0.15495403894017193	0.1564281871768955
categorical::umap__metric-euclidean__nn-50__mindist-0::OS	UMAP	umap	umap__metric-euclidean__nn-50__mindist-0	metric=euclidean, n_neighbors=50, min_dist=0	False	6	euclidean		50.0	0.0		sensitivity	OS	ok	412	6	2.0	chi_square	8.8877735427379	8.8877735427379	5.0	0.1136250947853861	0.09710694728930307		19.296116504854368	0.0	0.0	categorical	0.09710694728930307	cramers_v		0.14495163960939442	0.14633828221082096	0.14310418341607742	0.144428307195787
categorical::umap__metric-euclidean__nn-50__mindist-0::DSS	UMAP	umap	umap__metric-euclidean__nn-50__mindist-0	metric=euclidean, n_neighbors=50, min_dist=0	False	6	euclidean		50.0	0.0		sensitivity	DSS	ok	389	6	2.0	chi_square	15.386826257579333	15.386826257579333	5.0	0.008831256339615304	0.16351493965119682		11.598971722365038	0.0	0.0	categorical	0.16351493965119682	cramers_v		0.022388962415752382	0.02238896241575238	0.022415849745303463	0.022385168319427055
categorical::umap__metric-euclidean__nn-50__mindist-0::DFI	UMAP	umap	umap__metric-euclidean__nn-50__mindist-0	metric=euclidean, n_neighbors=50, min_dist=0	False	6	euclidean		50.0	0.0		sensitivity	DFI	ok	242	6	2.0	chi_square	11.705366501906171	11.705366501906171	5.0	0.03905574457259065	0.1665457547097349		4.086776859504132	1.0	0.08333333333333333	categorical	0.1665457547097349	cramers_v		0.06228997178776372	0.06285845914436652	0.06193598213817621	0.06243917853584159
categorical::umap__metric-euclidean__nn-50__mindist-0::PFI	UMAP	umap	umap__metric-euclidean__nn-50__mindist-0	metric=euclidean, n_neighbors=50, min_dist=0	False	6	euclidean		50.0	0.0		sensitivity	PFI	ok	412	6	2.0	chi_square	17.94407793480303	17.94407793480303	5.0	0.0030173131893023284	0.17738290089715344		16.140776699029125	0.0	0.0	categorical	0.17738290089715344	cramers_v		0.011889772886591099	0.011706853303720467	0.01206277222753356	0.011811571275918966
categorical::umap__metric-euclidean__nn-50__mindist-0p1::center_code	UMAP	umap	umap__metric-euclidean__nn-50__mindist-0p1	metric=euclidean, n_neighbors=50, min_dist=0.1	False	5	euclidean		50.0	0.1		sensitivity	center_code	ok	412	5	2.0	chi_square	28.88860381703385	28.88860381703385	4.0	8.235456335607519e-06	0.2460343315653135		35.02427184466019	0.0	0.0	categorical	0.2460343315653135	cramers_v		0.0002498088421800948	0.00023059277739701054	0.0002429459619004218	0.00022425781098500474
categorical::umap__metric-euclidean__nn-50__mindist-0p1::gender	UMAP	umap	umap__metric-euclidean__nn-50__mindist-0p1	metric=euclidean, n_neighbors=50, min_dist=0.1	False	5	euclidean		50.0	0.1		sensitivity	gender	ok	412	5	2.0	chi_square	2.3737974874441323	2.3737974874441323	4.0	0.6673675720879442	0.0		26.402912621359224	0.0	0.0	categorical	0.0	cramers_v		0.7089157477821353	0.7126128312125506	0.7119206227975705	0.7159033955125219
categorical::umap__metric-euclidean__nn-50__mindist-0p1::race	UMAP	umap	umap__metric-euclidean__nn-50__mindist-0p1	metric=euclidean, n_neighbors=50, min_dist=0.1	False	5	euclidean		50.0	0.1		sensitivity	race	ok	358	5	4.0	permutation_chi_square_5000	18.802643687701604	18.802643687701604	12.0	0.057588482303539294	0.07972482297218343		0.17318435754189945	10.0	0.5	categorical	0.07972482297218343	cramers_v		0.08437382290983664	0.085702544530464	0.0838147361040126	0.08512034545074285
categorical::umap__metric-euclidean__nn-50__mindist-0p1::ajcc_pathologic_tumor_stage	UMAP	umap	umap__metric-euclidean__nn-50__mindist-0p1	metric=euclidean, n_neighbors=50, min_dist=0.1	False	5	euclidean		50.0	0.1		sensitivity	ajcc_pathologic_tumor_stage	ok	388	5	11.0	permutation_chi_square_5000	49.07161815991214	49.07161815991214	40.0	0.14117176564687062	0.07641248222277854		0.36597938144329895	15.0	0.2727272727272727	categorical	0.07641248222277854	cramers_v		0.17386417453351433	0.17524770907887388	0.17159864382115653	0.17292320082696264
categorical::umap__metric-euclidean__nn-50__mindist-0p1::histological_type	UMAP	umap	umap__metric-euclidean__nn-50__mindist-0p1	metric=euclidean, n_neighbors=50, min_dist=0.1	False	5	euclidean		50.0	0.1		sensitivity	histological_type	ok	410	5	7.0	permutation_chi_square_5000	108.68950287868574	108.68950287868574	24.0	0.0001999600079984003	0.22828453997474774		1.2634146341463415	15.0	0.42857142857142855	categorical	0.22828453997474774	cramers_v		0.0014753805995557645	0.0013868785875852353	0.0014890225838327478	0.0013879577025771317
categorical::umap__metric-euclidean__nn-50__mindist-0p1::histological_grade	UMAP	umap	umap__metric-euclidean__nn-50__mindist-0p1	metric=euclidean, n_neighbors=50, min_dist=0.1	False	5	euclidean		50.0	0.1		sensitivity	histological_grade	ok	412	5	4.0	permutation_chi_square_5000	73.01209379548958	73.01209379548958	12.0	0.0001999600079984003	0.22293877932398537		1.616504854368932	10.0	0.5	categorical	0.22293877932398537	cramers_v		0.0014753805995557645	0.0013868785875852353	0.0014890225838327478	0.0013879577025771317
categorical::umap__metric-euclidean__nn-50__mindist-0p1::tumor_status	UMAP	umap	umap__metric-euclidean__nn-50__mindist-0p1	metric=euclidean, n_neighbors=50, min_dist=0.1	False	5	euclidean		50.0	0.1		sensitivity	tumor_status	ok	369	5	2.0	chi_square	8.681227608236469	8.681227608236469	4.0	0.06958034067133397	0.11265559928147104		21.6260162601626	0.0	0.0	categorical	0.11265559928147104	cramers_v		0.09626064021929479	0.09741247693986756	0.09547069999090009	0.09659388469667538
categorical::umap__metric-euclidean__nn-50__mindist-0p1::vital_status	UMAP	umap	umap__metric-euclidean__nn-50__mindist-0p1	metric=euclidean, n_neighbors=50, min_dist=0.1	False	5	euclidean		50.0	0.1		sensitivity	vital_status	ok	411	5	2.0	chi_square	6.811233458087908	6.811233458087908	4.0	0.14620632457394722	0.08266143150794632		28.62773722627737	0.0	0.0	categorical	0.08266143150794632	cramers_v		0.17898801169815065	0.18031318332447652	0.1768773674262106	0.1781653662622283
categorical::umap__metric-euclidean__nn-50__mindist-0p1::OS	UMAP	umap	umap__metric-euclidean__nn-50__mindist-0p1	metric=euclidean, n_neighbors=50, min_dist=0.1	False	5	euclidean		50.0	0.1		sensitivity	OS	ok	412	5	2.0	chi_square	7.028239633529041	7.028239633529041	4.0	0.134403394387432	0.08569914476431102		28.558252427184467	0.0	0.0	categorical	0.08569914476431102	cramers_v		0.16653007564796796	0.16794870439156795	0.16441372168287138	0.1657797965615015
categorical::umap__metric-euclidean__nn-50__mindist-0p1::DSS	UMAP	umap	umap__metric-euclidean__nn-50__mindist-0p1	metric=euclidean, n_neighbors=50, min_dist=0.1	False	5	euclidean		50.0	0.1		sensitivity	DSS	ok	389	5	2.0	chi_square	5.921173979015293	5.921173979015293	4.0	0.20511289470417365	0.07017792912756081		16.53470437017995	0.0	0.0	categorical	0.07017792912756081	cramers_v		0.24416782087604394	0.24574540157900998	0.2420332157509249	0.24365759974925327
categorical::umap__metric-euclidean__nn-50__mindist-0p1::DFI	UMAP	umap	umap__metric-euclidean__nn-50__mindist-0p1	metric=euclidean, n_neighbors=50, min_dist=0.1	False	5	euclidean		50.0	0.1		sensitivity	DFI	ok	242	5	2.0	chi_square	5.403571223569026	5.403571223569026	4.0	0.2483365712493773	0.07586288115354523		7.640495867768595	0.0	0.0	categorical	0.07586288115354523	cramers_v		0.2876770181799717	0.29017379886326006	0.28556844100190765	0.28823326630255597
categorical::umap__metric-euclidean__nn-50__mindist-0p1::PFI	UMAP	umap	umap__metric-euclidean__nn-50__mindist-0p1	metric=euclidean, n_neighbors=50, min_dist=0.1	False	5	euclidean		50.0	0.1		sensitivity	PFI	ok	412	5	2.0	chi_square	9.160499441162601	9.160499441162601	4.0	0.05721059374588664	0.11194799771864933		23.888349514563107	0.0	0.0	categorical	0.11194799771864933	cramers_v		0.0839703875947691	0.08530810428380729	0.08342305209713889	0.08473870370729653
categorical::umap__metric-euclidean__nn-50__mindist-0p5::center_code	UMAP	umap	umap__metric-euclidean__nn-50__mindist-0p5	metric=euclidean, n_neighbors=50, min_dist=0.5	False	2	euclidean		50.0	0.5		sensitivity	center_code	ok	412	2	2.0	fisher_exact	0.6964840947141832	3.3316850370622473	1.0	0.07568808993568837	0.0752815596714909	0.6964840947141832	93.24029126213593	0.0	0.0	categorical	0.0752815596714909	cramers_v		0.10365977534670365	0.10479889375710698	0.10274825660296102	0.1038511001443166
categorical::umap__metric-euclidean__nn-50__mindist-0p5::gender	UMAP	umap	umap__metric-euclidean__nn-50__mindist-0p5	metric=euclidean, n_neighbors=50, min_dist=0.5	False	2	euclidean		50.0	0.5		sensitivity	gender	ok	412	2	2.0	fisher_exact	1.01231884057971	0.003536089462457575	1.0	1.0	0.0	1.01231884057971	70.28883495145631	0.0	0.0	categorical	0.0	cramers_v		1.0	1.0	1.0	1.0
categorical::umap__metric-euclidean__nn-50__mindist-0p5::race	UMAP	umap	umap__metric-euclidean__nn-50__mindist-0p5	metric=euclidean, n_neighbors=50, min_dist=0.5	False	2	euclidean		50.0	0.5		sensitivity	race	ok	358	2	4.0	permutation_chi_square_5000	2.8132931269754042	2.8132931269754042	3.0	0.3977204559088182	0.0		0.4972067039106145	2.0	0.25	categorical	0.0	cramers_v		0.43958576705711483	0.4428227756510553	0.43892315062167425	0.44274541318151467
categorical::umap__metric-euclidean__nn-50__mindist-0p5::ajcc_pathologic_tumor_stage	UMAP	umap	umap__metric-euclidean__nn-50__mindist-0p5	metric=euclidean, n_neighbors=50, min_dist=0.5	False	2	euclidean		50.0	0.5		sensitivity	ajcc_pathologic_tumor_stage	ok	388	2	11.0	permutation_chi_square_5000	17.03199737111804	17.03199737111804	10.0	0.0619876024795041	0.13455068647068733		0.9329896907216495	4.0	0.18181818181818182	categorical	0.13455068647068733	cramers_v		0.08891041406429748	0.09012043745097134	0.08820870334281937	0.08938334532686132
categorical::umap__metric-euclidean__nn-50__mindist-0p5::histological_type	UMAP	umap	umap__metric-euclidean__nn-50__mindist-0p5	metric=euclidean, n_neighbors=50, min_dist=0.5	False	2	euclidean		50.0	0.5		sensitivity	histological_type	ok	410	2	7.0	chi_square	22.804835220406463	22.804835220406463	6.0	0.0008645495996383131	0.2026129173865362		3.346341463414634	2.0	0.14285714285714285	categorical	0.2026129173865362	cramers_v		0.004689179616581314	0.004602813361454681	0.0047029045597346535	0.00456791878017855
categorical::umap__metric-euclidean__nn-50__mindist-0p5::histological_grade	UMAP	umap	umap__metric-euclidean__nn-50__mindist-0p5	metric=euclidean, n_neighbors=50, min_dist=0.5	False	2	euclidean		50.0	0.5		sensitivity	histological_grade	ok	412	2	4.0	permutation_chi_square_5000	12.33601533956995	12.33601533956995	3.0	0.004199160167966407	0.15065769272584797		4.303398058252427	2.0	0.25	categorical	0.15065769272584797	cramers_v		0.014576867627413642	0.014434157035257144	0.014778528094080935	0.014577914590541374
categorical::umap__metric-euclidean__nn-50__mindist-0p5::tumor_status	UMAP	umap	umap__metric-euclidean__nn-50__mindist-0p5	metric=euclidean, n_neighbors=50, min_dist=0.5	False	2	euclidean		50.0	0.5		sensitivity	tumor_status	ok	369	2	2.0	fisher_exact	1.8378712871287128	7.7657386402904915	1.0	0.006610504461955749	0.1355651534855791	1.8378712871287128	64.15718157181571	0.0	0.0	categorical	0.1355651534855791	cramers_v		0.01886684459723488	0.01865023329301864	0.01885125860417645	0.018575049686899138
categorical::umap__metric-euclidean__nn-50__mindist-0p5::vital_status	UMAP	umap	umap__metric-euclidean__nn-50__mindist-0p5	metric=euclidean, n_neighbors=50, min_dist=0.5	False	2	euclidean		50.0	0.5		sensitivity	vital_status	ok	411	2	2.0	fisher_exact	1.7675741568468102	7.8139491834657715	1.0	0.00616984405182952	0.12889351513423702	1.7675741568468102	76.21167883211679	0.0	0.0	categorical	0.12889351513423702	cramers_v		0.01822969997522748	0.0180339092933455	0.018227524333745772	0.01797412964884662
categorical::umap__metric-euclidean__nn-50__mindist-0p5::OS	UMAP	umap	umap__metric-euclidean__nn-50__mindist-0p5	metric=euclidean, n_neighbors=50, min_dist=0.5	False	2	euclidean		50.0	0.5		sensitivity	OS	ok	412	2	2.0	fisher_exact	1.7797643234457539	8.014332256699161	1.0	0.0061544606200034935	0.13061654915074591	1.7797643234457539	76.02669902912622	0.0	0.0	categorical	0.13061654915074591	cramers_v		0.01822969997522748	0.0180339092933455	0.018227524333745772	0.01797412964884662
categorical::umap__metric-euclidean__nn-50__mindist-0p5::DSS	UMAP	umap	umap__metric-euclidean__nn-50__mindist-0p5	metric=euclidean, n_neighbors=50, min_dist=0.5	False	2	euclidean		50.0	0.5		sensitivity	DSS	ok	389	2	2.0	fisher_exact	1.7312977099236642	5.376117756324918	1.0	0.025145774145204986	0.10617008199385933	1.7312977099236642	46.149100257069406	0.0	0.0	categorical	0.10617008199385933	cramers_v		0.046912047892762834	0.047289067795460125	0.046812642644107345	0.047098434113241085
categorical::umap__metric-euclidean__nn-50__mindist-0p5::DFI	UMAP	umap	umap__metric-euclidean__nn-50__mindist-0p5	metric=euclidean, n_neighbors=50, min_dist=0.5	False	2	euclidean		50.0	0.5		sensitivity	DFI	ok	242	2	2.0	fisher_exact	2.310267857142857	6.03140194184177	1.0	0.01783456539527054	0.14443105035104933	2.310267857142857	19.723140495867767	0.0	0.0	categorical	0.14443105035104933	cramers_v		0.036795843537682234	0.03684224434920516	0.03687455795931763	0.03681667011322765
categorical::umap__metric-euclidean__nn-50__mindist-0p5::PFI	UMAP	umap	umap__metric-euclidean__nn-50__mindist-0p5	metric=euclidean, n_neighbors=50, min_dist=0.5	False	2	euclidean		50.0	0.5		sensitivity	PFI	ok	412	2	2.0	fisher_exact	1.741046831955923	6.847758688523955	1.0	0.011240579465983712	0.11925723289419717	1.741046831955923	63.59466019417476	0.0	0.0	categorical	0.11925723289419717	cramers_v		0.026441984847885784	0.026530419579818512	0.026586181084275073	0.026579386762505517
categorical::umap__metric-euclidean__nn-50__mindist-1::center_code	UMAP	umap	umap__metric-euclidean__nn-50__mindist-1	metric=euclidean, n_neighbors=50, min_dist=1	False	2	euclidean		50.0	1.0		sensitivity	center_code	ok	412	2	2.0	fisher_exact	1.5176803394625178	4.429571100840728	1.0	0.03847362818846413	0.0913158511428093	1.5176803394625178	94.66019417475728	0.0	0.0	categorical	0.0913158511428093	cramers_v		0.06228997178776372	0.06284270259655374	0.06193598213817621	0.06243917853584159
categorical::umap__metric-euclidean__nn-50__mindist-1::gender	UMAP	umap	umap__metric-euclidean__nn-50__mindist-1	metric=euclidean, n_neighbors=50, min_dist=1	False	2	euclidean		50.0	1.0		sensitivity	gender	ok	412	2	2.0	fisher_exact	1.0275	0.017385052418974044	1.0	0.9182941373547635	0.0	1.0275	71.35922330097087	0.0	0.0	categorical	0.0	cramers_v		0.9319490687652432	0.93310533311855	0.9328895408623888	0.9341267948953629
categorical::umap__metric-euclidean__nn-50__mindist-1::race	UMAP	umap	umap__metric-euclidean__nn-50__mindist-1	metric=euclidean, n_neighbors=50, min_dist=1	False	2	euclidean		50.0	1.0		sensitivity	race	ok	358	2	4.0	permutation_chi_square_5000	5.183079503219905	5.183079503219905	3.0	0.124375124975005	0.07804855927800612		0.4888268156424581	2.0	0.25	categorical	0.07804855927800612	cramers_v		0.1567126574685063	0.1582956136045518	0.15486318320751433	0.15640779481759065
categorical::umap__metric-euclidean__nn-50__mindist-1::ajcc_pathologic_tumor_stage	UMAP	umap	umap__metric-euclidean__nn-50__mindist-1	metric=euclidean, n_neighbors=50, min_dist=1	False	2	euclidean		50.0	1.0		sensitivity	ajcc_pathologic_tumor_stage	ok	388	2	11.0	permutation_chi_square_5000	15.657821300296238	15.657821300296238	10.0	0.10157968406318736	0.12063590245244805		0.9484536082474226	4.0	0.18181818181818182	categorical	0.12063590245244805	cramers_v		0.13289738218490485	0.13425566634924763	0.13138552727902986	0.13269080501242925
categorical::umap__metric-euclidean__nn-50__mindist-1::histological_type	UMAP	umap	umap__metric-euclidean__nn-50__mindist-1	metric=euclidean, n_neighbors=50, min_dist=1	False	2	euclidean		50.0	1.0		sensitivity	histological_type	ok	410	2	7.0	chi_square	19.174482542062794	19.174482542062794	6.0	0.0038788857695695785	0.17937606672137826		3.397560975609756	2.0	0.14285714285714285	categorical	0.17937606672137826	cramers_v		0.01381220628381515	0.013639244845556285	0.014033515968206919	0.01380025690882041
categorical::umap__metric-euclidean__nn-50__mindist-1::histological_grade	UMAP	umap	umap__metric-euclidean__nn-50__mindist-1	metric=euclidean, n_neighbors=50, min_dist=1	False	2	euclidean		50.0	1.0		sensitivity	histological_grade	ok	412	2	4.0	permutation_chi_square_5000	8.50254329801499	8.50254329801499	3.0	0.03279344131173765	0.1156308893767134		4.368932038834951	2.0	0.25	categorical	0.1156308893767134	cramers_v		0.05618792559479735	0.05686202209099464	0.056144128317193696	0.056767130681443165
categorical::umap__metric-euclidean__nn-50__mindist-1::tumor_status	UMAP	umap	umap__metric-euclidean__nn-50__mindist-1	metric=euclidean, n_neighbors=50, min_dist=1	False	2	euclidean		50.0	1.0		sensitivity	tumor_status	ok	369	2	2.0	fisher_exact	0.5367393800229621	8.101734056691368	1.0	0.004861109195607656	0.13889185938875145	0.5367393800229621	64.8780487804878	0.0	0.0	categorical	0.13889185938875145	cramers_v		0.015674206422057756	0.015506323003710496	0.01579860488572488	0.015573146201313214
categorical::umap__metric-euclidean__nn-50__mindist-1::vital_status	UMAP	umap	umap__metric-euclidean__nn-50__mindist-1	metric=euclidean, n_neighbors=50, min_dist=1	False	2	euclidean		50.0	1.0		sensitivity	vital_status	ok	411	2	2.0	fisher_exact	0.5461956521739131	8.785564057689605	1.0	0.0033343077042195164	0.13778005921545747	0.5461956521739131	77.37226277372262	0.0	0.0	categorical	0.13778005921545747	cramers_v		0.012245730985451946	0.012118926078797857	0.012475190288470094	0.012295259659309466
categorical::umap__metric-euclidean__nn-50__mindist-1::OS	UMAP	umap	umap__metric-euclidean__nn-50__mindist-1	metric=euclidean, n_neighbors=50, min_dist=1	False	2	euclidean		50.0	1.0		sensitivity	OS	ok	412	2	2.0	fisher_exact	0.5424287856071964	9.000005271968378	1.0	0.0032876351952120624	0.13949526260841494	0.5424287856071964	77.18446601941747	0.0	0.0	categorical	0.13949526260841494	cramers_v		0.012245730985451946	0.012118926078797857	0.012421754653830797	0.012250766937948106
categorical::umap__metric-euclidean__nn-50__mindist-1::DSS	UMAP	umap	umap__metric-euclidean__nn-50__mindist-1	metric=euclidean, n_neighbors=50, min_dist=1	False	2	euclidean		50.0	1.0		sensitivity	DSS	ok	389	2	2.0	fisher_exact	0.59375	4.847543504824506	1.0	0.033991878455960745	0.09954784020460258	0.59375	46.6426735218509	0.0	0.0	categorical	0.09954784020460258	cramers_v		0.057667639245226526	0.05830134956660264	0.05758277149063458	0.058160525050741284
categorical::umap__metric-euclidean__nn-50__mindist-1::DFI	UMAP	umap	umap__metric-euclidean__nn-50__mindist-1	metric=euclidean, n_neighbors=50, min_dist=1	False	2	euclidean		50.0	1.0		sensitivity	DFI	ok	242	2	2.0	fisher_exact	0.44184535412605586	5.732958236107706	1.0	0.0186935108862192	0.14007837577051205	0.44184535412605586	19.90082644628099	0.0	0.0	categorical	0.14007837577051205	cramers_v		0.03752447405836648	0.0376861179466179	0.0375338294495553	0.03759944803250907
categorical::umap__metric-euclidean__nn-50__mindist-1::PFI	UMAP	umap	umap__metric-euclidean__nn-50__mindist-1	metric=euclidean, n_neighbors=50, min_dist=1	False	2	euclidean		50.0	1.0		sensitivity	PFI	ok	412	2	2.0	fisher_exact	0.5734265734265734	6.875333311977453	1.0	0.011273567809959507	0.11953819279213465	0.5734265734265734	64.5631067961165	0.0	0.0	categorical	0.11953819279213465	cramers_v		0.026441984847885784	0.026530419579818512	0.026586181084275073	0.026579386762505517
categorical::umap__metric-euclidean__nn-5__mindist-0::center_code	UMAP	umap	umap__metric-euclidean__nn-5__mindist-0	metric=euclidean, n_neighbors=5, min_dist=0	False	9	euclidean		5.0	0.0		sensitivity	center_code	ok	412	9	2.0	chi_square	67.39595390841447	67.39595390841447	8.0	1.6181446372496704e-11	0.3800910401085104		10.885922330097088	0.0	0.0	categorical	0.3800910401085104	cramers_v		1.3252604579074801e-08	1.2233173457607508e-08	1.2411169367704972e-08	1.1456464031727666e-08
categorical::umap__metric-euclidean__nn-5__mindist-0::gender	UMAP	umap	umap__metric-euclidean__nn-5__mindist-0	metric=euclidean, n_neighbors=5, min_dist=0	False	9	euclidean		5.0	0.0		sensitivity	gender	ok	412	9	2.0	chi_square	10.198854548454651	10.198854548454651	8.0	0.2513454713427099	0.0728195237677679		8.20631067961165	0.0	0.0	categorical	0.0728195237677679	cramers_v		0.29075132913796525	0.29323638323316153	0.2885957732333211	0.29124810754605335
categorical::umap__metric-euclidean__nn-5__mindist-0::race	UMAP	umap	umap__metric-euclidean__nn-5__mindist-0	metric=euclidean, n_neighbors=5, min_dist=0	False	9	euclidean		5.0	0.0		sensitivity	race	ok	358	9	4.0	permutation_chi_square_5000	26.376189885028463	26.376189885028463	24.0	0.32013597280543893	0.0465627715247051		0.061452513966480445	18.0	0.5	categorical	0.0465627715247051	cramers_v		0.36264365384184577	0.3655933465874801	0.3605643041729393	0.36381423554775405
categorical::umap__metric-euclidean__nn-5__mindist-0::ajcc_pathologic_tumor_stage	UMAP	umap	umap__metric-euclidean__nn-5__mindist-0	metric=euclidean, n_neighbors=5, min_dist=0	False	9	euclidean		5.0	0.0		sensitivity	ajcc_pathologic_tumor_stage	ok	388	9	11.0	permutation_chi_square_5000	108.9240496018424	108.9240496018424	80.0	0.01759648070385923	0.09719570184701014		0.1134020618556701	65.0	0.6565656565656566	categorical	0.09719570184701014	cramers_v		0.036484854927748625	0.03654653684647686	0.036575882655447235	0.03653462855815934
categorical::umap__metric-euclidean__nn-5__mindist-0::histological_type	UMAP	umap	umap__metric-euclidean__nn-5__mindist-0	metric=euclidean, n_neighbors=5, min_dist=0	False	9	euclidean		5.0	0.0		sensitivity	histological_type	ok	410	9	7.0	permutation_chi_square_5000	107.12160284008563	107.12160284008563	48.0	0.0001999600079984003	0.1560210514708928		0.3926829268292683	30.0	0.47619047619047616	categorical	0.1560210514708928	cramers_v		0.0014753805995557645	0.0013868785875852353	0.0014890225838327478	0.0013879577025771317
categorical::umap__metric-euclidean__nn-5__mindist-0::histological_grade	UMAP	umap	umap__metric-euclidean__nn-5__mindist-0	metric=euclidean, n_neighbors=5, min_dist=0	False	9	euclidean		5.0	0.0		sensitivity	histological_grade	ok	412	9	4.0	permutation_chi_square_5000	87.92383595955685	87.92383595955685	24.0	0.0001999600079984003	0.2281468907318061		0.5024271844660194	18.0	0.5	categorical	0.2281468907318061	cramers_v		0.0014753805995557645	0.0013868785875852353	0.0014890225838327478	0.0013879577025771317
categorical::umap__metric-euclidean__nn-5__mindist-0::tumor_status	UMAP	umap	umap__metric-euclidean__nn-5__mindist-0	metric=euclidean, n_neighbors=5, min_dist=0	False	9	euclidean		5.0	0.0		sensitivity	tumor_status	ok	369	9	2.0	chi_square	27.26737888402876	27.26737888402876	8.0	0.0006356079448192949	0.22868826007273418		7.569105691056911	0.0	0.0	categorical	0.22868826007273418	cramers_v		0.0037450568835036154	0.003585967211070052	0.003779157315320924	0.0035715113089846095
categorical::umap__metric-euclidean__nn-5__mindist-0::vital_status	UMAP	umap	umap__metric-euclidean__nn-5__mindist-0	metric=euclidean, n_neighbors=5, min_dist=0	False	9	euclidean		5.0	0.0		sensitivity	vital_status	ok	411	9	2.0	chi_square	10.733385881703432	10.733385881703432	8.0	0.21726829895776295	0.08135873333842934		8.897810218978103	0.0	0.0	categorical	0.08135873333842934	cramers_v		0.2567716260409926	0.25826231762903895	0.25441951954290715	0.25595000942112506
categorical::umap__metric-euclidean__nn-5__mindist-0::OS	UMAP	umap	umap__metric-euclidean__nn-5__mindist-0	metric=euclidean, n_neighbors=5, min_dist=0	False	9	euclidean		5.0	0.0		sensitivity	OS	ok	412	9	2.0	chi_square	10.995597154846514	10.995597154846514	8.0	0.2019487948367667	0.08509548169825303		8.87621359223301	0.0	0.0	categorical	0.08509548169825303	cramers_v		0.24075118336435505	0.24233855380412006	0.23866675753436067	0.2403020953687913
categorical::umap__metric-euclidean__nn-5__mindist-0::DSS	UMAP	umap	umap__metric-euclidean__nn-5__mindist-0	metric=euclidean, n_neighbors=5, min_dist=0	False	9	euclidean		5.0	0.0		sensitivity	DSS	ok	389	9	2.0	chi_square	16.36585250094959	16.36585250094959	8.0	0.03743313225911379	0.14665768912525837		5.182519280205655	0.0	0.0	categorical	0.14665768912525837	cramers_v		0.06119308447148541	0.061789187746484765	0.06095798820114708	0.06149108501033077
categorical::umap__metric-euclidean__nn-5__mindist-0::DFI	UMAP	umap	umap__metric-euclidean__nn-5__mindist-0	metric=euclidean, n_neighbors=5, min_dist=0	False	9	euclidean		5.0	0.0		sensitivity	DFI	ok	242	9	2.0	permutation_chi_square_5000	12.966409441466224	12.966409441466224	8.0	0.10317936412717456	0.14307383346199617		1.7768595041322315	4.0	0.2222222222222222	categorical	0.14307383346199617	cramers_v		0.13456034907668146	0.13589477226505917	0.13300600384124855	0.13428490772433746
categorical::umap__metric-euclidean__nn-5__mindist-0::PFI	UMAP	umap	umap__metric-euclidean__nn-5__mindist-0	metric=euclidean, n_neighbors=5, min_dist=0	False	9	euclidean		5.0	0.0		sensitivity	PFI	ok	412	9	2.0	chi_square	24.586467055046615	24.586467055046615	8.0	0.0018261301164079747	0.2007716283287952		7.424757281553398	0.0	0.0	categorical	0.2007716283287952	cramers_v		0.008497730484875746	0.008418014439051396	0.008437601200511546	0.008287821297543886
categorical::umap__metric-euclidean__nn-5__mindist-0p1::center_code	UMAP	umap	umap__metric-euclidean__nn-5__mindist-0p1	metric=euclidean, n_neighbors=5, min_dist=0.1	False	9	euclidean		5.0	0.1		sensitivity	center_code	ok	412	9	2.0	chi_square	54.169467926561595	54.169467926561595	8.0	6.400250081048243e-09	0.3350936841537031		2.366504854368932	2.0	0.1111111111111111	categorical	0.3350936841537031	cramers_v		1.9888031069186186e-06	1.8358182525402632e-06	1.8625298937809285e-06	1.7192583634900878e-06
categorical::umap__metric-euclidean__nn-5__mindist-0p1::gender	UMAP	umap	umap__metric-euclidean__nn-5__mindist-0p1	metric=euclidean, n_neighbors=5, min_dist=0.1	False	9	euclidean		5.0	0.1		sensitivity	gender	ok	412	9	2.0	chi_square	9.00598735603184	9.00598735603184	8.0	0.34179112085076185	0.048992985147953465		1.7839805825242718	2.0	0.1111111111111111	categorical	0.048992985147953465	cramers_v		0.38504391743710314	0.38797911015491887	0.38326577440429	0.38656248172897667
categorical::umap__metric-euclidean__nn-5__mindist-0p1::race	UMAP	umap	umap__metric-euclidean__nn-5__mindist-0p1	metric=euclidean, n_neighbors=5, min_dist=0.1	False	9	euclidean		5.0	0.1		sensitivity	race	ok	358	9	4.0	permutation_chi_square_5000	22.103024105629522	22.103024105629522	24.0	0.5374925014997001	0.0		0.0111731843575419	20.0	0.5555555555555556	categorical	0.0	cramers_v		0.5834886002931864	0.5867917325625783	0.58354100042792	0.5876972753597428
categorical::umap__metric-euclidean__nn-5__mindist-0p1::ajcc_pathologic_tumor_stage	UMAP	umap	umap__metric-euclidean__nn-5__mindist-0p1	metric=euclidean, n_neighbors=5, min_dist=0.1	False	9	euclidean		5.0	0.1		sensitivity	ajcc_pathologic_tumor_stage	ok	388	9	11.0	permutation_chi_square_5000	124.05689568324901	124.05689568324901	80.0	0.005398920215956809	0.12010489233830716		0.02577319587628866	62.0	0.6262626262626263	categorical	0.12010489233830716	cramers_v		0.017072261223430987	0.016866048277947715	0.01718245562505756	0.016913431472997436
categorical::umap__metric-euclidean__nn-5__mindist-0p1::histological_type	UMAP	umap	umap__metric-euclidean__nn-5__mindist-0p1	metric=euclidean, n_neighbors=5, min_dist=0.1	False	9	euclidean		5.0	0.1		sensitivity	histological_type	ok	410	9	7.0	permutation_chi_square_5000	127.0162980564496	127.0162980564496	48.0	0.0001999600079984003	0.18041687574036802		0.08536585365853659	31.0	0.49206349206349204	categorical	0.18041687574036802	cramers_v		0.0014753805995557645	0.0013868785875852353	0.0014890225838327478	0.0013879577025771317
categorical::umap__metric-euclidean__nn-5__mindist-0p1::histological_grade	UMAP	umap	umap__metric-euclidean__nn-5__mindist-0p1	metric=euclidean, n_neighbors=5, min_dist=0.1	False	9	euclidean		5.0	0.1		sensitivity	histological_grade	ok	412	9	4.0	permutation_chi_square_5000	97.97188982551386	97.97188982551386	24.0	0.0001999600079984003	0.24543893916115794		0.10922330097087378	20.0	0.5555555555555556	categorical	0.24543893916115794	cramers_v		0.0014753805995557645	0.0013868785875852353	0.0014890225838327478	0.0013879577025771317
categorical::umap__metric-euclidean__nn-5__mindist-0p1::tumor_status	UMAP	umap	umap__metric-euclidean__nn-5__mindist-0p1	metric=euclidean, n_neighbors=5, min_dist=0.1	False	9	euclidean		5.0	0.1		sensitivity	tumor_status	ok	369	9	2.0	chi_square	23.77328447795881	23.77328447795881	8.0	0.002501145737968771	0.20688989445389044		1.8021680216802167	2.0	0.1111111111111111	categorical	0.20688989445389044	cramers_v		0.010451216119369507	0.010332602065051315	0.010540542752868393	0.01035562095018649
categorical::umap__metric-euclidean__nn-5__mindist-0p1::vital_status	UMAP	umap	umap__metric-euclidean__nn-5__mindist-0p1	metric=euclidean, n_neighbors=5, min_dist=0.1	False	9	euclidean		5.0	0.1		sensitivity	vital_status	ok	411	9	2.0	chi_square	13.10757147922761	13.10757147922761	8.0	0.10820162372749846	0.11140006516108127		1.9343065693430657	2.0	0.1111111111111111	categorical	0.11140006516108127	cramers_v		0.14043919149416995	0.1417685052651453	0.13878034347657411	0.14004890237489745
categorical::umap__metric-euclidean__nn-5__mindist-0p1::OS	UMAP	umap	umap__metric-euclidean__nn-5__mindist-0p1	metric=euclidean, n_neighbors=5, min_dist=0.1	False	9	euclidean		5.0	0.1		sensitivity	OS	ok	412	9	2.0	chi_square	13.371920168733055	13.371920168733055	8.0	0.09967762318020594	0.11411872349976682		1.9296116504854368	2.0	0.1111111111111111	categorical	0.11411872349976682	cramers_v		0.1308268804240203	0.13220400548111524	0.12936165309512346	0.13068843928071444
categorical::umap__metric-euclidean__nn-5__mindist-0p1::DSS	UMAP	umap	umap__metric-euclidean__nn-5__mindist-0p1	metric=euclidean, n_neighbors=5, min_dist=0.1	False	9	euclidean		5.0	0.1		sensitivity	DSS	ok	389	9	2.0	chi_square	18.285283177925912	18.285283177925912	8.0	0.019186471051170755	0.16265145840532644		1.2339331619537275	2.0	0.1111111111111111	categorical	0.16265145840532644	cramers_v		0.03823289486839136	0.03837294210234151	0.03822343713311161	0.038264849307687025
categorical::umap__metric-euclidean__nn-5__mindist-0p1::DFI	UMAP	umap	umap__metric-euclidean__nn-5__mindist-0p1	metric=euclidean, n_neighbors=5, min_dist=0.1	False	9	euclidean		5.0	0.1		sensitivity	DFI	ok	242	9	2.0	permutation_chi_square_5000	12.634808350215067	12.634808350215067	8.0	0.126374725054989	0.138181619592276		0.35537190082644626	6.0	0.3333333333333333	categorical	0.138181619592276	cramers_v		0.15801664094661985	0.1594979835418559	0.15608601307113779	0.1575234248924863
categorical::umap__metric-euclidean__nn-5__mindist-0p1::PFI	UMAP	umap	umap__metric-euclidean__nn-5__mindist-0p1	metric=euclidean, n_neighbors=5, min_dist=0.1	False	9	euclidean		5.0	0.1		sensitivity	PFI	ok	412	9	2.0	chi_square	24.399711912730833	24.399711912730833	8.0	0.001963411619872551	0.19963680015981772		1.6140776699029127	2.0	0.1111111111111111	categorical	0.19963680015981772	cramers_v		0.0090338995318855	0.008941802317009931	0.00896390900263242	0.008798072321960544
categorical::umap__metric-euclidean__nn-5__mindist-0p5::center_code	UMAP	umap	umap__metric-euclidean__nn-5__mindist-0p5	metric=euclidean, n_neighbors=5, min_dist=0.5	False	6	euclidean		5.0	0.5		sensitivity	center_code	ok	412	6	2.0	chi_square	32.769357792483575	32.769357792483575	5.0	4.181838685980914e-06	0.2598771779143043		26.978155339805824	0.0	0.0	categorical	0.2598771779143043	cramers_v		0.00013699703535273477	0.00012645880186406283	0.00013364459467280672	0.00012336424123643696
categorical::umap__metric-euclidean__nn-5__mindist-0p5::gender	UMAP	umap	umap__metric-euclidean__nn-5__mindist-0p5	metric=euclidean, n_neighbors=5, min_dist=0.5	False	6	euclidean		5.0	0.5		sensitivity	gender	ok	412	6	2.0	chi_square	7.964973742576439	7.964973742576439	5.0	0.15817658721993516	0.08476137641517877		20.3373786407767	0.0	0.0	categorical	0.08476137641517877	cramers_v		0.19220567497496574	0.19349757271564882	0.19015900062333896	0.1914342286354087
categorical::umap__metric-euclidean__nn-5__mindist-0p5::race	UMAP	umap	umap__metric-euclidean__nn-5__mindist-0p5	metric=euclidean, n_neighbors=5, min_dist=0.5	False	6	euclidean		5.0	0.5		sensitivity	race	ok	358	6	4.0	permutation_chi_square_5000	19.6245069853333	19.6245069853333	15.0	0.14317136572685463	0.0655965664918007		0.13687150837988826	12.0	0.5	categorical	0.0655965664918007	cramers_v		0.17579812373357412	0.17714820374713927	0.173753856823572	0.17506964928257873
categorical::umap__metric-euclidean__nn-5__mindist-0p5::ajcc_pathologic_tumor_stage	UMAP	umap	umap__metric-euclidean__nn-5__mindist-0p5	metric=euclidean, n_neighbors=5, min_dist=0.5	False	6	euclidean		5.0	0.5		sensitivity	ajcc_pathologic_tumor_stage	ok	388	6	11.0	permutation_chi_square_5000	67.12905326244694	67.12905326244694	50.0	0.04899020195960808	0.09422052843362398		0.27835051546391754	22.0	0.3333333333333333	categorical	0.09422052843362398	cramers_v		0.07416446470410169	0.07512493444515965	0.07353323855776789	0.07443146563820283
categorical::umap__metric-euclidean__nn-5__mindist-0p5::histological_type	UMAP	umap	umap__metric-euclidean__nn-5__mindist-0p5	metric=euclidean, n_neighbors=5, min_dist=0.5	False	6	euclidean		5.0	0.5		sensitivity	histological_type	ok	410	6	7.0	permutation_chi_square_5000	110.56343039517019	110.56343039517019	30.0	0.0001999600079984003	0.1993724852310658		0.973170731707317	18.0	0.42857142857142855	categorical	0.1993724852310658	cramers_v		0.0014753805995557645	0.0013868785875852353	0.0014890225838327478	0.0013879577025771317
categorical::umap__metric-euclidean__nn-5__mindist-0p5::histological_grade	UMAP	umap	umap__metric-euclidean__nn-5__mindist-0p5	metric=euclidean, n_neighbors=5, min_dist=0.5	False	6	euclidean		5.0	0.5		sensitivity	histological_grade	ok	412	6	4.0	permutation_chi_square_5000	82.54229346485386	82.54229346485386	15.0	0.0001999600079984003	0.23455901485129863		1.2451456310679612	12.0	0.5	categorical	0.23455901485129863	cramers_v		0.0014753805995557645	0.0013868785875852353	0.0014890225838327478	0.0013879577025771317
categorical::umap__metric-euclidean__nn-5__mindist-0p5::tumor_status	UMAP	umap	umap__metric-euclidean__nn-5__mindist-0p5	metric=euclidean, n_neighbors=5, min_dist=0.5	False	6	euclidean		5.0	0.5		sensitivity	tumor_status	ok	369	6	2.0	chi_square	16.89269837927983	16.89269837927983	5.0	0.004707857908750852	0.17966756092642724		18.021680216802167	0.0	0.0	categorical	0.17966756092642724	cramers_v		0.015361496522975885	0.015210002474425829	0.015497540841252802	0.015289740364200015
categorical::umap__metric-euclidean__nn-5__mindist-0p5::vital_status	UMAP	umap	umap__metric-euclidean__nn-5__mindist-0p5	metric=euclidean, n_neighbors=5, min_dist=0.5	False	6	euclidean		5.0	0.5		sensitivity	vital_status	ok	411	6	2.0	chi_square	8.602266261341219	8.602266261341219	5.0	0.12601935037234455	0.0935752272861156		22.05109489051095	0.0	0.0	categorical	0.0935752272861156	cramers_v		0.15781322317270668	0.15931543291219477	0.15589813183159398	0.1573574957030334
categorical::umap__metric-euclidean__nn-5__mindist-0p5::OS	UMAP	umap	umap__metric-euclidean__nn-5__mindist-0p5	metric=euclidean, n_neighbors=5, min_dist=0.5	False	6	euclidean		5.0	0.5		sensitivity	OS	ok	412	6	2.0	chi_square	8.927547046984046	8.927547046984046	5.0	0.11198919427840949	0.09760395638062574		21.99757281553398	0.0	0.0	categorical	0.09760395638062574	cramers_v		0.14400223403595142	0.14521616224700265	0.14220236745613327	0.14336049757557515
categorical::umap__metric-euclidean__nn-5__mindist-0p5::DSS	UMAP	umap	umap__metric-euclidean__nn-5__mindist-0p5	metric=euclidean, n_neighbors=5, min_dist=0.5	False	6	euclidean		5.0	0.5		sensitivity	DSS	ok	389	6	2.0	chi_square	9.881523866418936	9.881523866418936	5.0	0.07866266567423888	0.11201838040671334		12.832904884318767	0.0	0.0	categorical	0.11201838040671334	cramers_v		0.1069494906725906	0.10812540954495381	0.10595772847838363	0.10710224480261755
categorical::umap__metric-euclidean__nn-5__mindist-0p5::DFI	UMAP	umap	umap__metric-euclidean__nn-5__mindist-0p5	metric=euclidean, n_neighbors=5, min_dist=0.5	False	6	euclidean		5.0	0.5		sensitivity	DFI	ok	242	6	2.0	chi_square	9.676105503123953	9.676105503123953	5.0	0.08495040485800977	0.1389862342716934		5.508264462809917	0.0	0.0	categorical	0.1389862342716934	cramers_v		0.1148092105259241	0.11613473069196271	0.11371197299492755	0.11499978324946639
categorical::umap__metric-euclidean__nn-5__mindist-0p5::PFI	UMAP	umap	umap__metric-euclidean__nn-5__mindist-0p5	metric=euclidean, n_neighbors=5, min_dist=0.5	False	6	euclidean		5.0	0.5		sensitivity	PFI	ok	412	6	2.0	chi_square	11.906935190628717	11.906935190628717	5.0	0.03608547659249516	0.12952102063594123		18.400485436893202	0.0	0.0	categorical	0.12952102063594123	cramers_v		0.05934539222741674	0.05982592171913672	0.05914008663770041	0.05955365367712489
categorical::umap__metric-euclidean__nn-5__mindist-1::center_code	UMAP	umap	umap__metric-euclidean__nn-5__mindist-1	metric=euclidean, n_neighbors=5, min_dist=1	False	6	euclidean		5.0	1.0		sensitivity	center_code	ok	412	6	2.0	chi_square	46.470198978665145	46.470198978665145	5.0	7.284993065635966e-09	0.3176030934357063		25.08495145631068	0.0	0.0	categorical	0.3176030934357063	cramers_v		1.9888031069186186e-06	1.8358182525402632e-06	1.8625298937809285e-06	1.7192583634900878e-06
categorical::umap__metric-euclidean__nn-5__mindist-1::gender	UMAP	umap	umap__metric-euclidean__nn-5__mindist-1	metric=euclidean, n_neighbors=5, min_dist=1	False	6	euclidean		5.0	1.0		sensitivity	gender	ok	412	6	2.0	chi_square	11.020336079762366	11.020336079762366	5.0	0.05097826644298965	0.12090701618991927		18.910194174757283	0.0	0.0	categorical	0.12090701618991927	cramers_v		0.07632283916926913	0.07721522928878674	0.07576279623041385	0.07660241000871701
categorical::umap__metric-euclidean__nn-5__mindist-1::race	UMAP	umap	umap__metric-euclidean__nn-5__mindist-1	metric=euclidean, n_neighbors=5, min_dist=1	False	6	euclidean		5.0	1.0		sensitivity	race	ok	358	6	4.0	permutation_chi_square_5000	15.895934820302323	15.895934820302323	15.0	0.3643271345730854	0.028316425126606305		0.12569832402234637	12.0	0.5	categorical	0.028316425126606305	cramers_v		0.405964521381438	0.4092590100107765	0.4043978469139747	0.4081386254394691
categorical::umap__metric-euclidean__nn-5__mindist-1::ajcc_pathologic_tumor_stage	UMAP	umap	umap__metric-euclidean__nn-5__mindist-1	metric=euclidean, n_neighbors=5, min_dist=1	False	6	euclidean		5.0	1.0		sensitivity	ajcc_pathologic_tumor_stage	ok	388	6	11.0	permutation_chi_square_5000	57.29946249016397	57.29946249016397	50.0	0.21235752849430115	0.061191414820305594		0.24742268041237114	24.0	0.36363636363636365	categorical	0.061191414820305594	cramers_v		0.25242498670077307	0.2540226131988792	0.2501969652152519	0.25184108906861846
categorical::umap__metric-euclidean__nn-5__mindist-1::histological_type	UMAP	umap	umap__metric-euclidean__nn-5__mindist-1	metric=euclidean, n_neighbors=5, min_dist=1	False	6	euclidean		5.0	1.0		sensitivity	histological_type	ok	410	6	7.0	permutation_chi_square_5000	135.7637743518092	135.7637743518092	30.0	0.0001999600079984003	0.22846088903625153		0.8878048780487805	18.0	0.42857142857142855	categorical	0.22846088903625153	cramers_v		0.0014753805995557645	0.0013868785875852353	0.0014890225838327478	0.0013879577025771317
categorical::umap__metric-euclidean__nn-5__mindist-1::histological_grade	UMAP	umap	umap__metric-euclidean__nn-5__mindist-1	metric=euclidean, n_neighbors=5, min_dist=1	False	6	euclidean		5.0	1.0		sensitivity	histological_grade	ok	412	6	4.0	permutation_chi_square_5000	73.43107881869963	73.43107881869963	15.0	0.0001999600079984003	0.2181563570357007		1.1577669902912622	12.0	0.5	categorical	0.2181563570357007	cramers_v		0.0014753805995557645	0.0013868785875852353	0.0014890225838327478	0.0013879577025771317
categorical::umap__metric-euclidean__nn-5__mindist-1::tumor_status	UMAP	umap	umap__metric-euclidean__nn-5__mindist-1	metric=euclidean, n_neighbors=5, min_dist=1	False	6	euclidean		5.0	1.0		sensitivity	tumor_status	ok	369	6	2.0	chi_square	18.302634002211757	18.302634002211757	5.0	0.002590083570620899	0.19003106993961869		15.498644986449865	0.0	0.0	categorical	0.19003106993961869	cramers_v		0.010606392221692582	0.010471139996734758	0.010738346479276916	0.010538960735629864
categorical::umap__metric-euclidean__nn-5__mindist-1::vital_status	UMAP	umap	umap__metric-euclidean__nn-5__mindist-1	metric=euclidean, n_neighbors=5, min_dist=1	False	6	euclidean		5.0	1.0		sensitivity	vital_status	ok	411	6	2.0	chi_square	11.971381110068165	11.971381110068165	5.0	0.03518203665908763	0.13028325040171765		20.503649635036496	0.0	0.0	categorical	0.13028325040171765	cramers_v		0.05834622549174376	0.05886256377043176	0.058174571982155296	0.05862733335685804
categorical::umap__metric-euclidean__nn-5__mindist-1::OS	UMAP	umap	umap__metric-euclidean__nn-5__mindist-1	metric=euclidean, n_neighbors=5, min_dist=1	False	6	euclidean		5.0	1.0		sensitivity	OS	ok	412	6	2.0	chi_square	12.273066924868054	12.273066924868054	5.0	0.03123177399689916	0.13291550522957496		20.453883495145632	0.0	0.0	categorical	0.13291550522957496	cramers_v		0.05430747962518134	0.05490981660850178	0.05407397439192248	0.05459776787606075
categorical::umap__metric-euclidean__nn-5__mindist-1::DSS	UMAP	umap	umap__metric-euclidean__nn-5__mindist-1	metric=euclidean, n_neighbors=5, min_dist=1	False	6	euclidean		5.0	1.0		sensitivity	DSS	ok	389	6	2.0	chi_square	17.89835434448237	17.89835434448237	5.0	0.003076529874497066	0.18223662919441164		12.09254498714653	0.0	0.0	categorical	0.18223662919441164	cramers_v		0.011998466510538557	0.011806378604668943	0.012163393885253865	0.011902640170185372
categorical::umap__metric-euclidean__nn-5__mindist-1::DFI	UMAP	umap	umap__metric-euclidean__nn-5__mindist-1	metric=euclidean, n_neighbors=5, min_dist=1	False	6	euclidean		5.0	1.0		sensitivity	DFI	ok	242	6	2.0	chi_square	7.364041537245719	7.364041537245719	5.0	0.1949430259088782	0.09860720928550502		4.619834710743802	1.0	0.08333333333333333	categorical	0.09860720928550502	cramers_v		0.23307786601368066	0.23467663628521004	0.2310993831099066	0.23274816584061678
categorical::umap__metric-euclidean__nn-5__mindist-1::PFI	UMAP	umap	umap__metric-euclidean__nn-5__mindist-1	metric=euclidean, n_neighbors=5, min_dist=1	False	6	euclidean		5.0	1.0		sensitivity	PFI	ok	412	6	2.0	chi_square	16.537883395725327	16.537883395725327	5.0	0.005464958357485268	0.1674612652849752		17.109223300970875	0.0	0.0	categorical	0.1674612652849752	cramers_v		0.017214618826078592	0.017002092667731946	0.017320756447071074	0.017044892145813083
continuous::tsne__metric-correlation__perplexity-15::age_at_initial_pathologic_diagnosis	t-SNE	tsne	tsne__metric-correlation__perplexity-15	metric=correlation, perplexity=15	False	2	correlation	15.0				sensitivity	age_at_initial_pathologic_diagnosis	ok	407	2		kruskal_wallis	3.800540226786281			0.0512360495104299						continuous	0.006914914140213039	epsilon_squared	0.006914914140213039	0.0764341066467069	0.06571985900529943	0.07586496134073308	0.06547571228153776
continuous::tsne__metric-correlation__perplexity-30::age_at_initial_pathologic_diagnosis	t-SNE	tsne	tsne__metric-correlation__perplexity-30	metric=correlation, perplexity=30	False	4	correlation	30.0				sensitivity	age_at_initial_pathologic_diagnosis	ok	407	4		kruskal_wallis	7.634253757414649			0.05420741004811446						continuous	0.011499388976215011	epsilon_squared	0.011499388976215011	0.08013694734549773	0.06696209476531786	0.07949729160019846	0.06662994151747402
continuous::tsne__metric-correlation__perplexity-5::age_at_initial_pathologic_diagnosis	t-SNE	tsne	tsne__metric-correlation__perplexity-5	metric=correlation, perplexity=5	False	7	correlation	5.0				sensitivity	age_at_initial_pathologic_diagnosis	ok	407	7		kruskal_wallis	19.639384487488183			0.0032096357101479727						continuous	0.034098461218720455	epsilon_squared	0.034098461218720455	0.012226472774935767	0.013550921503573657	0.012370806983334147	0.014642937155876298
continuous::tsne__metric-correlation__perplexity-50::age_at_initial_pathologic_diagnosis	t-SNE	tsne	tsne__metric-correlation__perplexity-50	metric=correlation, perplexity=50	False	3	correlation	50.0				sensitivity	age_at_initial_pathologic_diagnosis	ok	407	3		kruskal_wallis	14.223752434605004			0.0008153637565010678						continuous	0.030256812956943078	epsilon_squared	0.030256812956943078	0.004486152639548963	0.005713134558058081	0.004503570612569936	0.006879080386233199
continuous::tsne__metric-cosine__perplexity-15::age_at_initial_pathologic_diagnosis	t-SNE	tsne	tsne__metric-cosine__perplexity-15	metric=cosine, perplexity=15	False	2	cosine	15.0				sensitivity	age_at_initial_pathologic_diagnosis	ok	407	2		kruskal_wallis	3.7706737811910926			0.05215861825817415						continuous	0.0068411698301014635	epsilon_squared	0.0068411698301014635	0.07766892427899023	0.06571985900529943	0.07708219692489321	0.06547571228153776
continuous::tsne__metric-cosine__perplexity-30::age_at_initial_pathologic_diagnosis	t-SNE	tsne	tsne__metric-cosine__perplexity-30	metric=cosine, perplexity=30	False	3	cosine	30.0				sensitivity	age_at_initial_pathologic_diagnosis	ok	407	3		kruskal_wallis	6.303302396219818			0.04278142790121423						continuous	0.010651738604504501	epsilon_squared	0.010651738604504501	0.0667390275258942	0.059893999061699926	0.06628960646511377	0.060097720146943805
continuous::tsne__metric-cosine__perplexity-5::age_at_initial_pathologic_diagnosis	t-SNE	tsne	tsne__metric-cosine__perplexity-5	metric=cosine, perplexity=5	False	3	cosine	5.0				sensitivity	age_at_initial_pathologic_diagnosis	ok	407	3		kruskal_wallis	2.0309697075643474			0.36222676023419315						continuous	7.66576919909588e-05	epsilon_squared	7.66576919909588e-05	0.4045325804823798	0.3680691273347446	0.4030063936132951	0.36222676023419315
continuous::tsne__metric-cosine__perplexity-50::age_at_initial_pathologic_diagnosis	t-SNE	tsne	tsne__metric-cosine__perplexity-50	metric=cosine, perplexity=50	False	3	cosine	50.0				sensitivity	age_at_initial_pathologic_diagnosis	ok	407	3		kruskal_wallis	2.795637067290142			0.24713549410082153						continuous	0.0019693986814112428	epsilon_squared	0.0019693986814112428	0.2869406288713929	0.2594922688058626	0.2848616462893608	0.2558069149464644
continuous::tsne__metric-euclidean__perplexity-15::age_at_initial_pathologic_diagnosis	t-SNE	tsne	tsne__metric-euclidean__perplexity-15	metric=euclidean, perplexity=15	False	2	euclidean	15.0				sensitivity	age_at_initial_pathologic_diagnosis	ok	407	2		kruskal_wallis	7.502322567074517			0.00616194766360799						continuous	0.016055117449566707	epsilon_squared	0.016055117449566707	0.01822969997522748	0.01966546441275651	0.018227524333745772	0.020091123815630028
continuous::tsne__metric-euclidean__perplexity-30::age_at_initial_pathologic_diagnosis	t-SNE	tsne	tsne__metric-euclidean__perplexity-30	metric=euclidean, perplexity=30	False	3	euclidean	30.0				sensitivity	age_at_initial_pathologic_diagnosis	ok	407	3		kruskal_wallis	14.933922434715067			0.0005716628191770473						continuous	0.03201465949186898	epsilon_squared	0.03201465949186898	0.003468087769674087	0.005713134558058081	0.003507723058470362	0.006879080386233199
continuous::tsne__metric-euclidean__perplexity-5::age_at_initial_pathologic_diagnosis	t-SNE	tsne	tsne__metric-euclidean__perplexity-5	metric=euclidean, perplexity=5	False	5	euclidean	5.0				sensitivity	age_at_initial_pathologic_diagnosis	ok	407	5		kruskal_wallis	15.850544123893483			0.003226409881803252						continuous	0.029478965482322098	epsilon_squared	0.029478965482322098	0.01223347080183733	0.013550921503573657	0.01237328189671547	0.014642937155876298
continuous::tsne__metric-euclidean__perplexity-50::age_at_initial_pathologic_diagnosis	t-SNE	tsne	tsne__metric-euclidean__perplexity-50	metric=euclidean, perplexity=50	False	2	euclidean	50.0				sensitivity	age_at_initial_pathologic_diagnosis	ok	407	2		kruskal_wallis	6.182701833551737			0.012900514185436756						continuous	0.01279679465074503	epsilon_squared	0.01279679465074503	0.029026156917232704	0.026400518134294254	0.029187889027227118	0.027373326342190585
continuous::umap__metric-canberra__nn-15__mindist-0::age_at_initial_pathologic_diagnosis	UMAP	umap	umap__metric-canberra__nn-15__mindist-0	metric=canberra, n_neighbors=15, min_dist=0	False	2	canberra		15.0	0.0		sensitivity	age_at_initial_pathologic_diagnosis	ok	407	2		kruskal_wallis	7.4884714451102905			0.006209524336173983						continuous	0.01602091714842047	epsilon_squared	0.01602091714842047	0.01822969997522748	0.01966546441275651	0.018227524333745772	0.020091123815630028
continuous::umap__metric-canberra__nn-15__mindist-0p1::age_at_initial_pathologic_diagnosis	UMAP	umap	umap__metric-canberra__nn-15__mindist-0p1	metric=canberra, n_neighbors=15, min_dist=0.1	False	2	canberra		15.0	0.1		sensitivity	age_at_initial_pathologic_diagnosis	ok	407	2		kruskal_wallis	4.879441392780236			0.027178413466283472						continuous	0.009578867636494409	epsilon_squared	0.009578867636494409	0.04957487890620526	0.04425323591576003	0.04951506681387036	0.04489713220553961
continuous::umap__metric-canberra__nn-15__mindist-0p5::age_at_initial_pathologic_diagnosis	UMAP	umap	umap__metric-canberra__nn-15__mindist-0p5	metric=canberra, n_neighbors=15, min_dist=0.5	False	2	canberra		15.0	0.5		sensitivity	age_at_initial_pathologic_diagnosis	ok	407	2		kruskal_wallis	4.865751783280279			0.02739486032880383						continuous	0.009545066131556245	epsilon_squared	0.009545066131556245	0.04974809447736217	0.04425323591576003	0.04967342286570341	0.04489713220553961
continuous::umap__metric-canberra__nn-15__mindist-1::age_at_initial_pathologic_diagnosis	UMAP	umap	umap__metric-canberra__nn-15__mindist-1	metric=canberra, n_neighbors=15, min_dist=1	False	2	canberra		15.0	1.0		sensitivity	age_at_initial_pathologic_diagnosis	ok	407	2		kruskal_wallis	3.3532492117180164			0.06707249859708361						continuous	0.005810491880785225	epsilon_squared	0.005810491880785225	0.09454797995010582	0.08126091176185131	0.09370602263016964	0.08076076361689659
continuous::umap__metric-canberra__nn-30__mindist-0::age_at_initial_pathologic_diagnosis	UMAP	umap	umap__metric-canberra__nn-30__mindist-0	metric=canberra, n_neighbors=30, min_dist=0	False	2	canberra		30.0	0.0		sensitivity	age_at_initial_pathologic_diagnosis	ok	407	2		kruskal_wallis	6.170371705350818			0.012990731145446379						continuous	0.012766349889755106	epsilon_squared	0.012766349889755106	0.029069422973007065	0.026400518134294254	0.029219621080813413	0.027373326342190585
continuous::umap__metric-canberra__nn-30__mindist-0p1::age_at_initial_pathologic_diagnosis	UMAP	umap	umap__metric-canberra__nn-30__mindist-0p1	metric=canberra, n_neighbors=30, min_dist=0.1	False	2	canberra		30.0	0.1		sensitivity	age_at_initial_pathologic_diagnosis	ok	407	2		kruskal_wallis	6.367568442817024			0.011622474420428837						continuous	0.013253255414363023	epsilon_squared	0.013253255414363023	0.026889284040483664	0.02524882374093161	0.02701344812263308	0.02637407656943467
continuous::umap__metric-canberra__nn-30__mindist-0p5::age_at_initial_pathologic_diagnosis	UMAP	umap	umap__metric-canberra__nn-30__mindist-0p5	metric=canberra, n_neighbors=30, min_dist=0.5	False	2	canberra		30.0	0.5		sensitivity	age_at_initial_pathologic_diagnosis	ok	407	2		kruskal_wallis	6.611320953505045			0.010133246680874676						continuous	0.013855113465444555	epsilon_squared	0.013855113465444555	0.024481206582998113	0.023927866467346865	0.024595570266553405	0.02420132779840226
continuous::umap__metric-canberra__nn-30__mindist-1::age_at_initial_pathologic_diagnosis	UMAP	umap	umap__metric-canberra__nn-30__mindist-1	metric=canberra, n_neighbors=30, min_dist=1	False	2	canberra		30.0	1.0		sensitivity	age_at_initial_pathologic_diagnosis	ok	407	2		kruskal_wallis	4.646243087646683			0.031121589245947528						continuous	0.009003069352214031	epsilon_squared	0.009003069352214031	0.054231024664746864	0.04782097859743157	0.05400511075032071	0.04832036225028695
continuous::umap__metric-canberra__nn-50__mindist-0::age_at_initial_pathologic_diagnosis	UMAP	umap	umap__metric-canberra__nn-50__mindist-0	metric=canberra, n_neighbors=50, min_dist=0	False	2	canberra		50.0	0.0		sensitivity	age_at_initial_pathologic_diagnosis	ok	407	2		kruskal_wallis	5.405012565269284			0.020079004035375023						continuous	0.0108765742352328	epsilon_squared	0.0108765742352328	0.039154057868981296	0.03614220726367504	0.039087807348052395	0.0370206636902227
continuous::umap__metric-canberra__nn-50__mindist-0p1::age_at_initial_pathologic_diagnosis	UMAP	umap	umap__metric-canberra__nn-50__mindist-0p1	metric=canberra, n_neighbors=50, min_dist=0.1	False	2	canberra		50.0	0.1		sensitivity	age_at_initial_pathologic_diagnosis	ok	407	2		kruskal_wallis	5.056331521509636			0.02453612192935141						continuous	0.010015633386443545	epsilon_squared	0.010015633386443545	0.04619559508077886	0.041777721122949696	0.0461199849558337	0.04257738805387451
continuous::umap__metric-canberra__nn-50__mindist-0p5::age_at_initial_pathologic_diagnosis	UMAP	umap	umap__metric-canberra__nn-50__mindist-0p5	metric=canberra, n_neighbors=50, min_dist=0.5	False	2	canberra		50.0	0.5		sensitivity	age_at_initial_pathologic_diagnosis	ok	407	2		kruskal_wallis	5.535204060359785			0.01863759184944424						continuous	0.011198034716937741	epsilon_squared	0.011198034716937741	0.03752447405836648	0.035580857167120825	0.0375338294495553	0.03665393063724034
continuous::umap__metric-canberra__nn-50__mindist-1::age_at_initial_pathologic_diagnosis	UMAP	umap	umap__metric-canberra__nn-50__mindist-1	metric=canberra, n_neighbors=50, min_dist=1	False	2	canberra		50.0	1.0		sensitivity	age_at_initial_pathologic_diagnosis	ok	407	2		kruskal_wallis	5.311212472226732			0.02118860516232666						continuous	0.010644969067226498	epsilon_squared	0.010644969067226498	0.041024746165355876	0.037080059034071654	0.04093617168640944	0.03788265771446281
continuous::umap__metric-canberra__nn-5__mindist-0::age_at_initial_pathologic_diagnosis	UMAP	umap	umap__metric-canberra__nn-5__mindist-0	metric=canberra, n_neighbors=5, min_dist=0	False	2	canberra		5.0	0.0		sensitivity	age_at_initial_pathologic_diagnosis	ok	407	2		kruskal_wallis	7.241891958974513			0.007122189151949568						continuous	0.01541207891104818	epsilon_squared	0.01541207891104818	0.01942933879548503	0.01966546441275651	0.01942168342164914	0.020091123815630028
continuous::umap__metric-canberra__nn-5__mindist-0p1::age_at_initial_pathologic_diagnosis	UMAP	umap	umap__metric-canberra__nn-5__mindist-0p1	metric=canberra, n_neighbors=5, min_dist=0.1	False	2	canberra		5.0	0.1		sensitivity	age_at_initial_pathologic_diagnosis	ok	407	2		kruskal_wallis	7.253739949318381			0.0070753500253532145						continuous	0.015441333208193533	epsilon_squared	0.015441333208193533	0.019380306591184893	0.01966546441275651	0.01938140524802113	0.020091123815630028
continuous::umap__metric-canberra__nn-5__mindist-0p5::age_at_initial_pathologic_diagnosis	UMAP	umap	umap__metric-canberra__nn-5__mindist-0p5	metric=canberra, n_neighbors=5, min_dist=0.5	False	2	canberra		5.0	0.5		sensitivity	age_at_initial_pathologic_diagnosis	ok	407	2		kruskal_wallis	8.121043209103698			0.0043754373941890705						continuous	0.01758282273852765	epsilon_squared	0.01758282273852765	0.014695096103130887	0.016214856225524203	0.014848553664775947	0.01721005375047701
continuous::umap__metric-canberra__nn-5__mindist-1::age_at_initial_pathologic_diagnosis	UMAP	umap	umap__metric-canberra__nn-5__mindist-1	metric=canberra, n_neighbors=5, min_dist=1	False	2	canberra		5.0	1.0		sensitivity	age_at_initial_pathologic_diagnosis	ok	407	2		kruskal_wallis	7.151147129431208			0.007491605490573909						continuous	0.015188017603533846	epsilon_squared	0.015188017603533846	0.02004446460515727	0.01966546441275651	0.020079939571551	0.020091123815630028
continuous::umap__metric-cosine__nn-15__mindist-0::age_at_initial_pathologic_diagnosis	UMAP	umap	umap__metric-cosine__nn-15__mindist-0	metric=cosine, n_neighbors=15, min_dist=0	False	3	cosine		15.0	0.0		sensitivity	age_at_initial_pathologic_diagnosis	ok	407	3		kruskal_wallis	4.696668146333858			0.09552817267505234						continuous	0.006674921154291727	epsilon_squared	0.006674921154291727	0.12610311269294178	0.11144953478756106	0.12472443434717347	0.11051298407506055
continuous::umap__metric-cosine__nn-15__mindist-0p1::age_at_initial_pathologic_diagnosis	UMAP	umap	umap__metric-cosine__nn-15__mindist-0p1	metric=cosine, n_neighbors=15, min_dist=0.1	False	3	cosine		15.0	0.1		sensitivity	age_at_initial_pathologic_diagnosis	ok	407	3		kruskal_wallis	2.5463862969592754			0.2799363148968947						continuous	0.0013524413291071174	epsilon_squared	0.0013524413291071174	0.32065432433644303	0.28911455472957975	0.3185625423233208	0.2847628030847722
continuous::umap__metric-cosine__nn-15__mindist-0p5::age_at_initial_pathologic_diagnosis	UMAP	umap	umap__metric-cosine__nn-15__mindist-0p5	metric=cosine, n_neighbors=15, min_dist=0.5	False	3	cosine		15.0	0.5		sensitivity	age_at_initial_pathologic_diagnosis	ok	407	3		kruskal_wallis	2.977717949500761			0.2256299581964812						continuous	0.002420093934407824	epsilon_squared	0.002420093934407824	0.2643647149684093	0.24092690451488671	0.26181267463948726	0.23771727738557843
continuous::umap__metric-cosine__nn-15__mindist-1::age_at_initial_pathologic_diagnosis	UMAP	umap	umap__metric-cosine__nn-15__mindist-1	metric=cosine, n_neighbors=15, min_dist=1	False	3	cosine		15.0	1.0		sensitivity	age_at_initial_pathologic_diagnosis	ok	407	3		kruskal_wallis	4.273765476245533			0.11802217621802949						continuous	0.005628132366944388	epsilon_squared	0.005628132366944388	0.1500934197555375	0.1327749482452832	0.1481554978056115	0.13138317729931584
continuous::umap__metric-cosine__nn-30__mindist-0::age_at_initial_pathologic_diagnosis	UMAP	umap	umap__metric-cosine__nn-30__mindist-0	metric=cosine, n_neighbors=30, min_dist=0	False	2	cosine		30.0	0.0		sensitivity	age_at_initial_pathologic_diagnosis	ok	407	2		kruskal_wallis	3.982140509349474			0.045985091113006804						continuous	0.00736330989962833	epsilon_squared	0.00736330989962833	0.07077572171476706	0.0629795813069441	0.07023522739008109	0.06309582268993957
continuous::umap__metric-cosine__nn-30__mindist-0p1::age_at_initial_pathologic_diagnosis	UMAP	umap	umap__metric-cosine__nn-30__mindist-0p1	metric=cosine, n_neighbors=30, min_dist=0.1	False	2	cosine		30.0	0.1		sensitivity	age_at_initial_pathologic_diagnosis	ok	407	2		kruskal_wallis	4.591072001063297			0.03213890705855285						continuous	0.008866844447069868	epsilon_squared	0.008866844447069868	0.05541424185464165	0.04820836058782928	0.05539447576159559	0.04862039785781073
continuous::umap__metric-cosine__nn-30__mindist-0p5::age_at_initial_pathologic_diagnosis	UMAP	umap	umap__metric-cosine__nn-30__mindist-0p5	metric=cosine, n_neighbors=30, min_dist=0.5	False	2	cosine		30.0	0.5		sensitivity	age_at_initial_pathologic_diagnosis	ok	407	2		kruskal_wallis	4.256943925508401			0.039090185245059965						continuous	0.008041836853107163	epsilon_squared	0.008041836853107163	0.06228997178776372	0.055970037964517674	0.06193598213817621	0.05625172998679361
continuous::umap__metric-cosine__nn-30__mindist-1::age_at_initial_pathologic_diagnosis	UMAP	umap	umap__metric-cosine__nn-30__mindist-1	metric=cosine, n_neighbors=30, min_dist=1	False	2	cosine		30.0	1.0		sensitivity	age_at_initial_pathologic_diagnosis	ok	407	2		kruskal_wallis	3.9011189248593516			0.04825395983496535						continuous	0.007163256604590992	epsilon_squared	0.007163256604590992	0.07345723625434317	0.06333332228339203	0.07285588030200477	0.06326630289473235
continuous::umap__metric-cosine__nn-50__mindist-0::age_at_initial_pathologic_diagnosis	UMAP	umap	umap__metric-cosine__nn-50__mindist-0	metric=cosine, n_neighbors=50, min_dist=0	False	2	cosine		50.0	0.0		sensitivity	age_at_initial_pathologic_diagnosis	ok	407	2		kruskal_wallis	4.3855962981901335			0.03624381207755658						continuous	0.008359497032568232	epsilon_squared	0.008359497032568232	0.059486336856751185	0.05310139909037359	0.05927292934645181	0.05345962281439596
continuous::umap__metric-cosine__nn-50__mindist-0p1::age_at_initial_pathologic_diagnosis	UMAP	umap	umap__metric-cosine__nn-50__mindist-0p1	metric=cosine, n_neighbors=50, min_dist=0.1	False	2	cosine		50.0	0.1		sensitivity	age_at_initial_pathologic_diagnosis	ok	407	2		kruskal_wallis	4.781463980684521			0.02876765399222812						continuous	0.009336948100455607	epsilon_squared	0.009336948100455607	0.05166822065709393	0.04530905503775929	0.05155324909354899	0.045872745555174566
continuous::umap__metric-cosine__nn-50__mindist-0p5::age_at_initial_pathologic_diagnosis	UMAP	umap	umap__metric-cosine__nn-50__mindist-0p5	metric=cosine, n_neighbors=50, min_dist=0.5	False	2	cosine		50.0	0.5		sensitivity	age_at_initial_pathologic_diagnosis	ok	407	2		kruskal_wallis	5.418367046141675			0.019925987520550803						continuous	0.010909548262078211	epsilon_squared	0.010909548262078211	0.03894840997453725	0.03614220726367504	0.038888632132983374	0.0370206636902227
continuous::umap__metric-cosine__nn-50__mindist-1::age_at_initial_pathologic_diagnosis	UMAP	umap	umap__metric-cosine__nn-50__mindist-1	metric=cosine, n_neighbors=50, min_dist=1	False	2	cosine		50.0	1.0		sensitivity	age_at_initial_pathologic_diagnosis	ok	407	2		kruskal_wallis	3.929481505174045			0.04744657081019606						continuous	0.007233287667096407	epsilon_squared	0.007233287667096407	0.07263316167018799	0.06333332228339203	0.07206241546815917	0.06326630289473235
continuous::umap__metric-cosine__nn-5__mindist-0::age_at_initial_pathologic_diagnosis	UMAP	umap	umap__metric-cosine__nn-5__mindist-0	metric=cosine, n_neighbors=5, min_dist=0	False	3	cosine		5.0	0.0		sensitivity	age_at_initial_pathologic_diagnosis	ok	407	3		kruskal_wallis	2.9842213981529726			0.22489746335379715						continuous	0.0024361915795865657	epsilon_squared	0.0024361915795865657	0.26418613125512436	0.24092690451488671	0.2616573654965977	0.23771727738557843
continuous::umap__metric-cosine__nn-5__mindist-0p1::age_at_initial_pathologic_diagnosis	UMAP	umap	umap__metric-cosine__nn-5__mindist-0p1	metric=cosine, n_neighbors=5, min_dist=0.1	False	3	cosine		5.0	0.1		sensitivity	age_at_initial_pathologic_diagnosis	ok	407	3		kruskal_wallis	4.371815178669293			0.11237569637381761						continuous	0.005870829650171518	epsilon_squared	0.005870829650171518	0.14402600499853851	0.12872125221000927	0.14220236745613327	0.12750319396260076
continuous::umap__metric-cosine__nn-5__mindist-0p5::age_at_initial_pathologic_diagnosis	UMAP	umap	umap__metric-cosine__nn-5__mindist-0p5	metric=cosine, n_neighbors=5, min_dist=0.5	False	3	cosine		5.0	0.5		sensitivity	age_at_initial_pathologic_diagnosis	ok	407	3		kruskal_wallis	3.569323168000078			0.1678538558199706						continuous	0.003884463287128906	epsilon_squared	0.003884463287128906	0.2033614022434259	0.18552268274838854	0.201162355334246	0.18339587950700492
continuous::umap__metric-cosine__nn-5__mindist-1::age_at_initial_pathologic_diagnosis	UMAP	umap	umap__metric-cosine__nn-5__mindist-1	metric=cosine, n_neighbors=5, min_dist=1	False	4	cosine		5.0	1.0		sensitivity	age_at_initial_pathologic_diagnosis	ok	407	4		kruskal_wallis	6.794537503817398			0.07874303159410517						continuous	0.009415725815924064	epsilon_squared	0.009415725815924064	0.1069494906725906	0.09360020736657784	0.10595772847838363	0.09291677728104411
continuous::umap__metric-euclidean__nn-15__mindist-0::age_at_initial_pathologic_diagnosis	UMAP	umap	umap__metric-euclidean__nn-15__mindist-0	metric=euclidean, n_neighbors=15, min_dist=0	False	9	euclidean		15.0	0.0		sensitivity	age_at_initial_pathologic_diagnosis	ok	407	9		kruskal_wallis	28.027823283427654			0.0004689869574050849						continuous	0.0503211640287127	epsilon_squared	0.0503211640287127	0.003000783735271598	0.005713134558058081	0.003022798288484875	0.006879080386233199
continuous::umap__metric-euclidean__nn-15__mindist-0p5::age_at_initial_pathologic_diagnosis	UMAP	umap	umap__metric-euclidean__nn-15__mindist-0p5	metric=euclidean, n_neighbors=15, min_dist=0.5	False	5	euclidean		15.0	0.5		sensitivity	age_at_initial_pathologic_diagnosis	ok	407	5		kruskal_wallis	17.190132538152557			0.0017752442977065934						continuous	0.03281127497052875	epsilon_squared	0.03281127497052875	0.008308143313266857	0.009320032562959615	0.008252196220248226	0.0104739413564689
continuous::umap__metric-euclidean__nn-15__mindist-1::age_at_initial_pathologic_diagnosis	UMAP	umap	umap__metric-euclidean__nn-15__mindist-1	metric=euclidean, n_neighbors=15, min_dist=1	False	3	euclidean		15.0	1.0		sensitivity	age_at_initial_pathologic_diagnosis	ok	407	3		kruskal_wallis	9.993980655012454			0.006758256560066088						continuous	0.019787080829238746	epsilon_squared	0.019787080829238746	0.018949189791954753	0.01966546441275651	0.018907627355470233	0.020091123815630028
continuous::umap__metric-euclidean__nn-30__mindist-0::age_at_initial_pathologic_diagnosis	UMAP	umap	umap__metric-euclidean__nn-30__mindist-0	metric=euclidean, n_neighbors=30, min_dist=0	False	4	euclidean		30.0	0.0		sensitivity	age_at_initial_pathologic_diagnosis	ok	407	4		kruskal_wallis	10.047963613292515			0.01816279636012308						continuous	0.017488743457301524	epsilon_squared	0.017488743457301524	0.03728152937077895	0.035580857167120825	0.03734816302470349	0.03665393063724034
continuous::umap__metric-euclidean__nn-30__mindist-0p1::age_at_initial_pathologic_diagnosis	UMAP	umap	umap__metric-euclidean__nn-30__mindist-0p1	metric=euclidean, n_neighbors=30, min_dist=0.1	False	5	euclidean		30.0	0.1		sensitivity	age_at_initial_pathologic_diagnosis	ok	407	5		kruskal_wallis	18.91658566345112			0.000816162079722583						continuous	0.03710593448619681	epsilon_squared	0.03710593448619681	0.004486152639548963	0.005713134558058081	0.004503570612569936	0.006879080386233199
continuous::umap__metric-euclidean__nn-30__mindist-0p5::age_at_initial_pathologic_diagnosis	UMAP	umap	umap__metric-euclidean__nn-30__mindist-0p5	metric=euclidean, n_neighbors=30, min_dist=0.5	False	5	euclidean		30.0	0.5		sensitivity	age_at_initial_pathologic_diagnosis	ok	407	5		kruskal_wallis	19.206385819634654			0.0007158515562659779						continuous	0.03782683039710113	epsilon_squared	0.03782683039710113	0.004099877094977874	0.005713134558058081	0.004128256719218083	0.006879080386233199
continuous::umap__metric-euclidean__nn-30__mindist-1::age_at_initial_pathologic_diagnosis	UMAP	umap	umap__metric-euclidean__nn-30__mindist-1	metric=euclidean, n_neighbors=30, min_dist=1	False	2	euclidean		30.0	1.0		sensitivity	age_at_initial_pathologic_diagnosis	ok	407	2		kruskal_wallis	6.854703059603878			0.008840824809587828						continuous	0.014456056937293526	epsilon_squared	0.014456056937293526	0.022388962415752382	0.022278878520161326	0.022415849745303463	0.022678637555029645
continuous::umap__metric-euclidean__nn-50__mindist-0::age_at_initial_pathologic_diagnosis	UMAP	umap	umap__metric-euclidean__nn-50__mindist-0	metric=euclidean, n_neighbors=50, min_dist=0	False	6	euclidean		50.0	0.0		sensitivity	age_at_initial_pathologic_diagnosis	ok	407	6		kruskal_wallis	25.32109759300117			0.00012078482875516984						continuous	0.050676053847883214	epsilon_squared	0.050676053847883214	0.0014753805995557645	0.0046005028036909005	0.0014890225838327478	0.006879080386233199
continuous::umap__metric-euclidean__nn-50__mindist-0p1::age_at_initial_pathologic_diagnosis	UMAP	umap	umap__metric-euclidean__nn-50__mindist-0p1	metric=euclidean, n_neighbors=50, min_dist=0.1	False	5	euclidean		50.0	0.1		sensitivity	age_at_initial_pathologic_diagnosis	ok	407	5		kruskal_wallis	18.396872407992603			0.0010320565583792148						continuous	0.03581311544276767	epsilon_squared	0.03581311544276767	0.005418296931490878	0.006501956317789053	0.0054218313717593	0.007611417118046709
continuous::umap__metric-euclidean__nn-50__mindist-0p5::age_at_initial_pathologic_diagnosis	UMAP	umap	umap__metric-euclidean__nn-50__mindist-0p5	metric=euclidean, n_neighbors=50, min_dist=0.5	False	2	euclidean		50.0	0.5		sensitivity	age_at_initial_pathologic_diagnosis	ok	407	2		kruskal_wallis	8.27511494319608			0.004019211810881221						continuous	0.017963246773323654	epsilon_squared	0.017963246773323654	0.014188510659964309	0.015825646505344806	0.014405305882924749	0.016938106917285145
continuous::umap__metric-euclidean__nn-50__mindist-1::age_at_initial_pathologic_diagnosis	UMAP	umap	umap__metric-euclidean__nn-50__mindist-1	metric=euclidean, n_neighbors=50, min_dist=1	False	2	euclidean		50.0	1.0		sensitivity	age_at_initial_pathologic_diagnosis	ok	407	2		kruskal_wallis	6.590089790361172			0.010254799914577228						continuous	0.013802690840397955	epsilon_squared	0.013802690840397955	0.024557547163855994	0.023927866467346865	0.02465652518645998	0.02420132779840226
continuous::umap__metric-euclidean__nn-5__mindist-0::age_at_initial_pathologic_diagnosis	UMAP	umap	umap__metric-euclidean__nn-5__mindist-0	metric=euclidean, n_neighbors=5, min_dist=0	False	9	euclidean		5.0	0.0		sensitivity	age_at_initial_pathologic_diagnosis	ok	407	9		kruskal_wallis	20.947116644859115			0.007289243894169741						continuous	0.03253044383130431	epsilon_squared	0.03253044383130431	0.019767850163327872	0.01966546441275651	0.019755653946389368	0.020091123815630028
continuous::umap__metric-euclidean__nn-5__mindist-0p1::age_at_initial_pathologic_diagnosis	UMAP	umap	umap__metric-euclidean__nn-5__mindist-0p1	metric=euclidean, n_neighbors=5, min_dist=0.1	False	9	euclidean		5.0	0.1		sensitivity	age_at_initial_pathologic_diagnosis	ok	407	9		kruskal_wallis	23.87593913613672			0.0024041479382383418						continuous	0.0398892943119013	epsilon_squared	0.0398892943119013	0.010219351341910512	0.01165087077761658	0.010257887876831337	0.01289497530509656
continuous::umap__metric-euclidean__nn-5__mindist-0p5::age_at_initial_pathologic_diagnosis	UMAP	umap	umap__metric-euclidean__nn-5__mindist-0p5	metric=euclidean, n_neighbors=5, min_dist=0.5	False	6	euclidean		5.0	0.5		sensitivity	age_at_initial_pathologic_diagnosis	ok	407	6		kruskal_wallis	19.563644896715804			0.0015085915924610896						continuous	0.03631831645066285	epsilon_squared	0.03631831645066285	0.007533759233083125	0.008640115484095332	0.007513569814400362	0.009889655995022699
continuous::umap__metric-euclidean__nn-5__mindist-1::age_at_initial_pathologic_diagnosis	UMAP	umap	umap__metric-euclidean__nn-5__mindist-1	metric=euclidean, n_neighbors=5, min_dist=1	False	6	euclidean		5.0	1.0		sensitivity	age_at_initial_pathologic_diagnosis	ok	407	6		kruskal_wallis	21.08872057655213			0.000779382279403603						continuous	0.040121497697137486	epsilon_squared	0.040121497697137486	0.0044165046538453346	0.005713134558058081	0.004442468819946718	0.006879080386233199
