method	method_key	configuration_id	configuration_label	is_primary	source_file	metric	perplexity	n_neighbors	min_dist	pre_pca_components	k	silhouette	calinski_harabasz	davies_bouldin	inertia	min_cluster_size	max_cluster_size	cluster_size_ratio
PCA	pca	pca__primary	primary	True	analysis/pca/pca_scores.tsv.gz						2	0.39062140792779665	352.64315929977755	0.9535875357374693	433477.88132193335	168	244	0.6885245901639344
PCA	pca	pca__primary	primary	True	analysis/pca/pca_scores.tsv.gz						3	0.3573855187328852	331.65985598757055	0.9905831920467477	307541.32627152844	131	149	0.8791946308724832
PCA	pca	pca__primary	primary	True	analysis/pca/pca_scores.tsv.gz						4	0.36644572715788876	355.78500669419515	0.8555750364669585	222981.11806304654	91	118	0.7711864406779662
PCA	pca	pca__primary	primary	True	analysis/pca/pca_scores.tsv.gz						5	0.35566413116476103	359.95129719864275	0.8596849240334006	177696.0555553498	63	106	0.5943396226415094
PCA	pca	pca__primary	primary	True	analysis/pca/pca_scores.tsv.gz						6	0.3531732124070732	358.6502388452347	0.8813699497703035	148852.3383765352	48	89	0.5393258426966292
PCA	pca	pca__primary	primary	True	analysis/pca/pca_scores.tsv.gz						7	0.3632575138471199	358.73818071880015	0.788817764528485	127689.70621748707	43	75	0.5733333333333334
PCA	pca	pca__primary	primary	True	analysis/pca/pca_scores.tsv.gz						8	0.3453508101275114	352.54796652993235	0.8517624736146556	113429.55535532937	34	78	0.4358974358974359
PCA	pca	pca__primary	primary	True	analysis/pca/pca_scores.tsv.gz						9	0.3427207821015983	353.47552652954425	0.8909849893250394	100577.04463714396	30	73	0.410958904109589
PCA	pca	pca__primary	primary	True	analysis/pca/pca_scores.tsv.gz						10	0.35629290084913695	358.2806344301267	0.8514242395364222	89379.87785270414	29	67	0.43283582089552236
MDS	mds	mds__primary	primary	True	analysis/mds/mds_scores.tsv.gz						2	0.32725364870421625	218.21764105329927	1.2318418985315016	1863719.488713738	204	208	0.9807692307692307
MDS	mds	mds__primary	primary	True	analysis/mds/mds_scores.tsv.gz						3	0.3546605667820452	286.33831812433965	0.8922436386531968	1189766.3197410158	133	142	0.9366197183098591
MDS	mds	mds__primary	primary	True	analysis/mds/mds_scores.tsv.gz						4	0.3399186407160989	307.50423271136816	0.8688951980279098	875685.093588203	98	110	0.8909090909090909
MDS	mds	mds__primary	primary	True	analysis/mds/mds_scores.tsv.gz						5	0.3194224468531285	295.8531988492323	0.9182098997001547	730787.9299325615	63	96	0.65625
MDS	mds	mds__primary	primary	True	analysis/mds/mds_scores.tsv.gz						6	0.3427317372734901	303.64308481514905	0.8240448624776439	602530.6719198539	60	74	0.8108108108108109
MDS	mds	mds__primary	primary	True	analysis/mds/mds_scores.tsv.gz						7	0.3452441942754215	312.5457537320443	0.8015064870828296	507194.6991163526	49	78	0.6282051282051282
MDS	mds	mds__primary	primary	True	analysis/mds/mds_scores.tsv.gz						8	0.3241160278978047	305.2955322259754	0.8574597965023907	454016.6413341675	43	73	0.589041095890411
MDS	mds	mds__primary	primary	True	analysis/mds/mds_scores.tsv.gz						9	0.33753394436469397	302.0343533317587	0.8200619420728933	408201.36270797456	30	60	0.5
MDS	mds	mds__primary	primary	True	analysis/mds/mds_scores.tsv.gz						10	0.33683455555850905	303.73331988690126	0.8324203589071557	366110.53970370244	29	54	0.5370370370370371
t-SNE	tsne	tsne__metric-euclidean__perplexity-5	metric=euclidean, perplexity=5	False	analysis/tsne/tsne_sensitivity_scores.tsv.gz	euclidean	5.0				2	0.3643429173170179	258.61681561627586	1.1444296394218278	312682.89189223136	194	218	0.8899082568807339
t-SNE	tsne	tsne__metric-euclidean__perplexity-5	metric=euclidean, perplexity=5	False	analysis/tsne/tsne_sensitivity_scores.tsv.gz	euclidean	5.0				3	0.4017135318088847	352.3903148444222	0.8255554245744742	187249.7322946888	128	145	0.8827586206896552
t-SNE	tsne	tsne__metric-euclidean__perplexity-5	metric=euclidean, perplexity=5	False	analysis/tsne/tsne_sensitivity_scores.tsv.gz	euclidean	5.0				4	0.4151104221235086	401.6410951262469	0.8139665249726402	128986.42601279553	95	115	0.8260869565217391
t-SNE	tsne	tsne__metric-euclidean__perplexity-5	metric=euclidean, perplexity=5	False	analysis/tsne/tsne_sensitivity_scores.tsv.gz	euclidean	5.0				5	0.41858752225494134	410.724547715289	0.7883739347298037	101241.75737537921	63	95	0.6631578947368421
t-SNE	tsne	tsne__metric-euclidean__perplexity-5	metric=euclidean, perplexity=5	False	analysis/tsne/tsne_sensitivity_scores.tsv.gz	euclidean	5.0				6	0.4162031081814832	427.9895170557765	0.7731140363889982	81315.6491319873	56	82	0.6829268292682927
t-SNE	tsne	tsne__metric-euclidean__perplexity-5	metric=euclidean, perplexity=5	False	analysis/tsne/tsne_sensitivity_scores.tsv.gz	euclidean	5.0				7	0.4132499830516324	434.9915729041021	0.8044649818529449	68497.15728531373	36	75	0.48
t-SNE	tsne	tsne__metric-euclidean__perplexity-5	metric=euclidean, perplexity=5	False	analysis/tsne/tsne_sensitivity_scores.tsv.gz	euclidean	5.0				8	0.40285612783071545	437.5395614098682	0.8172771259335472	59422.7881572685	38	68	0.5588235294117647
t-SNE	tsne	tsne__metric-euclidean__perplexity-5	metric=euclidean, perplexity=5	False	analysis/tsne/tsne_sensitivity_scores.tsv.gz	euclidean	5.0				9	0.4055629894232553	442.2962357557304	0.8170634243017606	52138.12514507543	34	59	0.576271186440678
t-SNE	tsne	tsne__metric-euclidean__perplexity-5	metric=euclidean, perplexity=5	False	analysis/tsne/tsne_sensitivity_scores.tsv.gz	euclidean	5.0				10	0.41520584982866704	453.2026874161326	0.7724320702736037	45747.32528842255	27	59	0.4576271186440678
t-SNE	tsne	tsne__metric-euclidean__perplexity-15	metric=euclidean, perplexity=15	False	analysis/tsne/tsne_sensitivity_scores.tsv.gz	euclidean	15.0				2	0.4315704476833474	435.90865319558776	0.8877098418320724	89276.13382207682	206	206	1.0
t-SNE	tsne	tsne__metric-euclidean__perplexity-15	metric=euclidean, perplexity=15	False	analysis/tsne/tsne_sensitivity_scores.tsv.gz	euclidean	15.0				3	0.37687474115331987	374.2607553237478	0.9574362894875783	65083.248683002676	116	151	0.7682119205298014
t-SNE	tsne	tsne__metric-euclidean__perplexity-15	metric=euclidean, perplexity=15	False	analysis/tsne/tsne_sensitivity_scores.tsv.gz	euclidean	15.0				4	0.39574092048944587	409.40050266633284	0.8067883898036561	45930.202469227675	95	122	0.7786885245901639
t-SNE	tsne	tsne__metric-euclidean__perplexity-15	metric=euclidean, perplexity=15	False	analysis/tsne/tsne_sensitivity_scores.tsv.gz	euclidean	15.0				5	0.3865286115911741	415.50035345492154	0.8494739335777537	36233.35984768779	65	106	0.6132075471698113
t-SNE	tsne	tsne__metric-euclidean__perplexity-15	metric=euclidean, perplexity=15	False	analysis/tsne/tsne_sensitivity_scores.tsv.gz	euclidean	15.0				6	0.3934097242783819	416.59501836884397	0.8403724936986916	30045.571450996984	49	86	0.5697674418604651
t-SNE	tsne	tsne__metric-euclidean__perplexity-15	metric=euclidean, perplexity=15	False	analysis/tsne/tsne_sensitivity_scores.tsv.gz	euclidean	15.0				7	0.3928824685304962	426.4847320259686	0.7816671424753069	25168.957775024734	41	82	0.5
t-SNE	tsne	tsne__metric-euclidean__perplexity-15	metric=euclidean, perplexity=15	False	analysis/tsne/tsne_sensitivity_scores.tsv.gz	euclidean	15.0				8	0.4166153437171691	451.09744359135794	0.7644342457098723	20893.01885569324	22	74	0.2972972972972973
t-SNE	tsne	tsne__metric-euclidean__perplexity-15	metric=euclidean, perplexity=15	False	analysis/tsne/tsne_sensitivity_scores.tsv.gz	euclidean	15.0				9	0.4102229090978297	466.8362070387354	0.7619743277768111	17939.986745240658	22	64	0.34375
t-SNE	tsne	tsne__metric-euclidean__perplexity-15	metric=euclidean, perplexity=15	False	analysis/tsne/tsne_sensitivity_scores.tsv.gz	euclidean	15.0				10	0.4023214114425384	475.6777354641262	0.7482363551819831	15811.302304216839	22	57	0.38596491228070173
t-SNE	tsne	tsne__metric-euclidean__perplexity-30	metric=euclidean, perplexity=30	False	analysis/tsne/tsne_sensitivity_scores.tsv.gz	euclidean	30.0				2	0.36730008306099154	284.96605021428627	1.0888339869121149	31175.00814304379	198	214	0.9252336448598131
t-SNE	tsne	tsne__metric-euclidean__perplexity-30	metric=euclidean, perplexity=30	False	analysis/tsne/tsne_sensitivity_scores.tsv.gz	euclidean	30.0				3	0.3980867502579753	356.0976704817963	0.8639618208217336	19276.506622644712	120	148	0.8108108108108109
t-SNE	tsne	tsne__metric-euclidean__perplexity-30	metric=euclidean, perplexity=30	False	analysis/tsne/tsne_sensitivity_scores.tsv.gz	euclidean	30.0				4	0.38640081563428047	371.6026478502687	0.8435325295421713	14157.981410239152	96	108	0.8888888888888888
t-SNE	tsne	tsne__metric-euclidean__perplexity-30	metric=euclidean, perplexity=30	False	analysis/tsne/tsne_sensitivity_scores.tsv.gz	euclidean	30.0				5	0.37525668872730567	369.7287407015351	0.8332088642012367	11404.036831517167	74	98	0.7551020408163265
t-SNE	tsne	tsne__metric-euclidean__perplexity-30	metric=euclidean, perplexity=30	False	analysis/tsne/tsne_sensitivity_scores.tsv.gz	euclidean	30.0				6	0.3905046354518771	392.75332157518926	0.7971923860510648	9053.296964536934	56	80	0.7
t-SNE	tsne	tsne__metric-euclidean__perplexity-30	metric=euclidean, perplexity=30	False	analysis/tsne/tsne_sensitivity_scores.tsv.gz	euclidean	30.0				7	0.37593683267506467	386.2648445992527	0.8191404451890593	7860.664039703525	42	72	0.5833333333333334
t-SNE	tsne	tsne__metric-euclidean__perplexity-30	metric=euclidean, perplexity=30	False	analysis/tsne/tsne_sensitivity_scores.tsv.gz	euclidean	30.0				8	0.38462000521605394	392.94888221107607	0.7734451893413246	6767.333323976796	34	63	0.5396825396825397
t-SNE	tsne	tsne__metric-euclidean__perplexity-30	metric=euclidean, perplexity=30	False	analysis/tsne/tsne_sensitivity_scores.tsv.gz	euclidean	30.0				9	0.39022140248686155	401.4589915803179	0.7886876603583676	5891.453680156546	27	66	0.4090909090909091
t-SNE	tsne	tsne__metric-euclidean__perplexity-30	metric=euclidean, perplexity=30	False	analysis/tsne/tsne_sensitivity_scores.tsv.gz	euclidean	30.0				10	0.3766500975519217	404.4498113415452	0.8103624245142755	5255.461541619846	26	51	0.5098039215686274
t-SNE	tsne	tsne__metric-euclidean__perplexity-50	metric=euclidean, perplexity=50	False	analysis/tsne/tsne_sensitivity_scores.tsv.gz	euclidean	50.0				2	0.4304995587579204	420.2286189322359	0.9081084400919714	9889.764657095064	200	212	0.9433962264150944
t-SNE	tsne	tsne__metric-euclidean__perplexity-50	metric=euclidean, perplexity=50	False	analysis/tsne/tsne_sensitivity_scores.tsv.gz	euclidean	50.0				3	0.4139188970599299	400.675536445737	0.8642350198645632	6767.242644374038	101	180	0.5611111111111111
t-SNE	tsne	tsne__metric-euclidean__perplexity-50	metric=euclidean, perplexity=50	False	analysis/tsne/tsne_sensitivity_scores.tsv.gz	euclidean	50.0				4	0.3821415156826561	398.6461935063775	0.8850227257284196	5094.1558714802495	84	124	0.6774193548387096
t-SNE	tsne	tsne__metric-euclidean__perplexity-50	metric=euclidean, perplexity=50	False	analysis/tsne/tsne_sensitivity_scores.tsv.gz	euclidean	50.0				5	0.40092427069624686	433.1690758197748	0.7949313264089153	3809.3083833588826	74	95	0.7789473684210526
t-SNE	tsne	tsne__metric-euclidean__perplexity-50	metric=euclidean, perplexity=50	False	analysis/tsne/tsne_sensitivity_scores.tsv.gz	euclidean	50.0				6	0.3828713163189199	418.2472548094795	0.8635872033743128	3255.863574690041	40	91	0.43956043956043955
t-SNE	tsne	tsne__metric-euclidean__perplexity-50	metric=euclidean, perplexity=50	False	analysis/tsne/tsne_sensitivity_scores.tsv.gz	euclidean	50.0				7	0.3686823205162199	411.9715582587393	0.8616899661853038	2819.2963081517505	37	75	0.49333333333333335
t-SNE	tsne	tsne__metric-euclidean__perplexity-50	metric=euclidean, perplexity=50	False	analysis/tsne/tsne_sensitivity_scores.tsv.gz	euclidean	50.0				8	0.3619270089882105	406.5191958092814	0.8174461062588099	2489.6979733231933	24	67	0.3582089552238806
t-SNE	tsne	tsne__metric-euclidean__perplexity-50	metric=euclidean, perplexity=50	False	analysis/tsne/tsne_sensitivity_scores.tsv.gz	euclidean	50.0				9	0.37115953580615346	407.6190219590942	0.8033231338897933	2202.6984693145664	24	65	0.36923076923076925
t-SNE	tsne	tsne__metric-euclidean__perplexity-50	metric=euclidean, perplexity=50	False	analysis/tsne/tsne_sensitivity_scores.tsv.gz	euclidean	50.0				10	0.37569999992628644	417.1084421640427	0.8130202933905887	1937.103494116112	22	65	0.3384615384615385
t-SNE	tsne	tsne__metric-cosine__perplexity-5	metric=cosine, perplexity=5	False	analysis/tsne/tsne_sensitivity_scores.tsv.gz	cosine	5.0				2	0.4084516952750914	302.65859302773566	1.0241810159406382	329412.4302621094	180	232	0.7758620689655172
t-SNE	tsne	tsne__metric-cosine__perplexity-5	metric=cosine, perplexity=5	False	analysis/tsne/tsne_sensitivity_scores.tsv.gz	cosine	5.0				3	0.46123902157759084	407.9634687199965	0.7286149305629666	191183.66162875528	74	183	0.40437158469945356
t-SNE	tsne	tsne__metric-cosine__perplexity-5	metric=cosine, perplexity=5	False	analysis/tsne/tsne_sensitivity_scores.tsv.gz	cosine	5.0				4	0.4558804504532053	489.3994811653373	0.7620565709277544	124514.24634123713	73	125	0.584
t-SNE	tsne	tsne__metric-cosine__perplexity-5	metric=cosine, perplexity=5	False	analysis/tsne/tsne_sensitivity_scores.tsv.gz	cosine	5.0				5	0.4390288520411983	482.86023828459656	0.84673227667959	99656.50529545362	69	106	0.6509433962264151
t-SNE	tsne	tsne__metric-cosine__perplexity-5	metric=cosine, perplexity=5	False	analysis/tsne/tsne_sensitivity_scores.tsv.gz	cosine	5.0				6	0.4411309325547853	493.8178474195899	0.7586105387020279	80856.01945184231	56	90	0.6222222222222222
t-SNE	tsne	tsne__metric-cosine__perplexity-5	metric=cosine, perplexity=5	False	analysis/tsne/tsne_sensitivity_scores.tsv.gz	cosine	5.0				7	0.4348446978939142	509.4230184002831	0.7344094679445454	66992.09482477621	31	78	0.3974358974358974
t-SNE	tsne	tsne__metric-cosine__perplexity-5	metric=cosine, perplexity=5	False	analysis/tsne/tsne_sensitivity_scores.tsv.gz	cosine	5.0				8	0.4367981914975905	516.3144663806476	0.7372630137391352	57568.82051102357	22	79	0.27848101265822783
t-SNE	tsne	tsne__metric-cosine__perplexity-5	metric=cosine, perplexity=5	False	analysis/tsne/tsne_sensitivity_scores.tsv.gz	cosine	5.0				9	0.425393673659783	519.506937673788	0.7685912835220567	50613.66885384594	21	56	0.375
t-SNE	tsne	tsne__metric-cosine__perplexity-5	metric=cosine, perplexity=5	False	analysis/tsne/tsne_sensitivity_scores.tsv.gz	cosine	5.0				10	0.43146829711702933	540.4321291854956	0.7807019844824579	43711.12577083209	21	56	0.375
t-SNE	tsne	tsne__metric-cosine__perplexity-15	metric=cosine, perplexity=15	False	analysis/tsne/tsne_sensitivity_scores.tsv.gz	cosine	15.0				2	0.4755141067430599	509.123757683814	0.8211487952913272	87805.10075557735	198	214	0.9252336448598131
t-SNE	tsne	tsne__metric-cosine__perplexity-15	metric=cosine, perplexity=15	False	analysis/tsne/tsne_sensitivity_scores.tsv.gz	cosine	15.0				3	0.45903309934897496	502.7524554971087	0.772069096840224	56915.260668080184	91	175	0.52
t-SNE	tsne	tsne__metric-cosine__perplexity-15	metric=cosine, perplexity=15	False	analysis/tsne/tsne_sensitivity_scores.tsv.gz	cosine	15.0				4	0.45466182984732495	543.5268016580617	0.7636209124890743	39395.099209626525	84	146	0.5753424657534246
t-SNE	tsne	tsne__metric-cosine__perplexity-15	metric=cosine, perplexity=15	False	analysis/tsne/tsne_sensitivity_scores.tsv.gz	cosine	15.0				5	0.43675652054312275	560.0156260658308	0.7660517073372904	30264.959269746207	60	102	0.5882352941176471
t-SNE	tsne	tsne__metric-cosine__perplexity-15	metric=cosine, perplexity=15	False	analysis/tsne/tsne_sensitivity_scores.tsv.gz	cosine	15.0				6	0.4234152290615436	555.4281425613082	0.7474484052732236	25106.14756354383	53	92	0.5760869565217391
t-SNE	tsne	tsne__metric-cosine__perplexity-15	metric=cosine, perplexity=15	False	analysis/tsne/tsne_sensitivity_scores.tsv.gz	cosine	15.0				7	0.41853723937287446	542.6146506162604	0.7516040292427176	21777.208034032556	32	91	0.3516483516483517
t-SNE	tsne	tsne__metric-cosine__perplexity-15	metric=cosine, perplexity=15	False	analysis/tsne/tsne_sensitivity_scores.tsv.gz	cosine	15.0				8	0.3980125299050051	537.8189544156545	0.7956925176666223	19075.99495786821	26	80	0.325
t-SNE	tsne	tsne__metric-cosine__perplexity-15	metric=cosine, perplexity=15	False	analysis/tsne/tsne_sensitivity_scores.tsv.gz	cosine	15.0				9	0.388586321780341	529.0924787562076	0.8124315474519538	17111.806979065313	27	69	0.391304347826087
t-SNE	tsne	tsne__metric-cosine__perplexity-15	metric=cosine, perplexity=15	False	analysis/tsne/tsne_sensitivity_scores.tsv.gz	cosine	15.0				10	0.40468339348893806	535.059548179039	0.7589641586041964	15165.980217303153	22	56	0.39285714285714285
t-SNE	tsne	tsne__metric-cosine__perplexity-30	metric=cosine, perplexity=30	False	analysis/tsne/tsne_sensitivity_scores.tsv.gz	cosine	30.0				2	0.44859901117502515	418.85283240061784	0.860422001378948	33788.829979817136	169	243	0.6954732510288066
t-SNE	tsne	tsne__metric-cosine__perplexity-30	metric=cosine, perplexity=30	False	analysis/tsne/tsne_sensitivity_scores.tsv.gz	cosine	30.0				3	0.4765483862706335	520.4308649563417	0.7657436071793006	19269.18934284663	105	159	0.660377358490566
t-SNE	tsne	tsne__metric-cosine__perplexity-30	metric=cosine, perplexity=30	False	analysis/tsne/tsne_sensitivity_scores.tsv.gz	cosine	30.0				4	0.46331967308222394	535.9271109459255	0.7261493194394707	13825.583411748854	83	140	0.5928571428571429
t-SNE	tsne	tsne__metric-cosine__perplexity-30	metric=cosine, perplexity=30	False	analysis/tsne/tsne_sensitivity_scores.tsv.gz	cosine	30.0				5	0.4202798731791637	512.2140534261631	0.8212914307053983	11320.306768863093	66	103	0.6407766990291263
t-SNE	tsne	tsne__metric-cosine__perplexity-30	metric=cosine, perplexity=30	False	analysis/tsne/tsne_sensitivity_scores.tsv.gz	cosine	30.0				6	0.40520698741556577	502.7797227278122	0.8619197208393213	9497.84295666086	57	86	0.6627906976744186
t-SNE	tsne	tsne__metric-cosine__perplexity-30	metric=cosine, perplexity=30	False	analysis/tsne/tsne_sensitivity_scores.tsv.gz	cosine	30.0				7	0.3997081641856898	509.38525816795357	0.8592583807449371	7992.470730352668	41	76	0.5394736842105263
t-SNE	tsne	tsne__metric-cosine__perplexity-30	metric=cosine, perplexity=30	False	analysis/tsne/tsne_sensitivity_scores.tsv.gz	cosine	30.0				8	0.3829724730864913	509.3571169066985	0.8375794019666399	6952.040627105676	33	66	0.5
t-SNE	tsne	tsne__metric-cosine__perplexity-30	metric=cosine, perplexity=30	False	analysis/tsne/tsne_sensitivity_scores.tsv.gz	cosine	30.0				9	0.4059308274020928	508.0163883781736	0.752637159297294	6162.303301441925	28	77	0.36363636363636365
t-SNE	tsne	tsne__metric-cosine__perplexity-30	metric=cosine, perplexity=30	False	analysis/tsne/tsne_sensitivity_scores.tsv.gz	cosine	30.0				10	0.38764091600612605	512.5575607459243	0.7904699274765646	5475.455776106901	26	63	0.4126984126984127
t-SNE	tsne	tsne__metric-cosine__perplexity-50	metric=cosine, perplexity=50	False	analysis/tsne/tsne_sensitivity_scores.tsv.gz	cosine	50.0				2	0.4633606022989891	465.46765340842126	0.8576834732721796	11861.401789136076	205	207	0.9903381642512077
t-SNE	tsne	tsne__metric-cosine__perplexity-50	metric=cosine, perplexity=50	False	analysis/tsne/tsne_sensitivity_scores.tsv.gz	cosine	50.0				3	0.49432360290137883	567.7473335513115	0.7139783036836332	6707.013183373456	96	170	0.5647058823529412
t-SNE	tsne	tsne__metric-cosine__perplexity-50	metric=cosine, perplexity=50	False	analysis/tsne/tsne_sensitivity_scores.tsv.gz	cosine	50.0				4	0.4474517259038087	535.306258920954	0.8142263357708688	5131.099981080294	83	135	0.6148148148148148
t-SNE	tsne	tsne__metric-cosine__perplexity-50	metric=cosine, perplexity=50	False	analysis/tsne/tsne_sensitivity_scores.tsv.gz	cosine	50.0				5	0.43067418879037855	552.8249477884302	0.8223267518252249	3937.0171191286026	70	98	0.7142857142857143
t-SNE	tsne	tsne__metric-cosine__perplexity-50	metric=cosine, perplexity=50	False	analysis/tsne/tsne_sensitivity_scores.tsv.gz	cosine	50.0				6	0.411310099745333	529.4662877617046	0.8715409082296124	3367.784929445317	43	98	0.4387755102040816
t-SNE	tsne	tsne__metric-cosine__perplexity-50	metric=cosine, perplexity=50	False	analysis/tsne/tsne_sensitivity_scores.tsv.gz	cosine	50.0				7	0.4076114843737838	529.0234437382171	0.8379440202553123	2865.949420578666	39	85	0.4588235294117647
t-SNE	tsne	tsne__metric-cosine__perplexity-50	metric=cosine, perplexity=50	False	analysis/tsne/tsne_sensitivity_scores.tsv.gz	cosine	50.0				8	0.39413379507310453	524.1562711787061	0.8277879679620834	2512.1710588333385	37	84	0.44047619047619047
t-SNE	tsne	tsne__metric-cosine__perplexity-50	metric=cosine, perplexity=50	False	analysis/tsne/tsne_sensitivity_scores.tsv.gz	cosine	50.0				9	0.37886125325818193	530.0047402923979	0.8193478471961472	2198.3411045224125	28	63	0.4444444444444444
t-SNE	tsne	tsne__metric-cosine__perplexity-50	metric=cosine, perplexity=50	False	analysis/tsne/tsne_sensitivity_scores.tsv.gz	cosine	50.0				10	0.3835815510508004	532.4250251771685	0.8012462207958151	1960.3381272512213	29	62	0.46774193548387094
t-SNE	tsne	tsne__metric-correlation__perplexity-5	metric=correlation, perplexity=5	False	analysis/tsne/tsne_sensitivity_scores.tsv.gz	correlation	5.0				2	0.37929094544677344	287.1746247498259	1.0929986333317798	345582.762024594	187	225	0.8311111111111111
t-SNE	tsne	tsne__metric-correlation__perplexity-5	metric=correlation, perplexity=5	False	analysis/tsne/tsne_sensitivity_scores.tsv.gz	correlation	5.0				3	0.4077424370380811	366.7738317637635	0.8202726387387766	210357.8714681145	128	151	0.847682119205298
t-SNE	tsne	tsne__metric-correlation__perplexity-5	metric=correlation, perplexity=5	False	analysis/tsne/tsne_sensitivity_scores.tsv.gz	correlation	5.0				4	0.43542198108413577	431.1081362813735	0.758707733961135	140923.3038803116	73	125	0.584
t-SNE	tsne	tsne__metric-correlation__perplexity-5	metric=correlation, perplexity=5	False	analysis/tsne/tsne_sensitivity_scores.tsv.gz	correlation	5.0				5	0.41113226060998537	428.5993649436465	0.8151994804869032	112741.06965696014	66	104	0.6346153846153846
t-SNE	tsne	tsne__metric-correlation__perplexity-5	metric=correlation, perplexity=5	False	analysis/tsne/tsne_sensitivity_scores.tsv.gz	correlation	5.0				6	0.4207162199132782	440.7190458793911	0.7942667668665937	91424.51603641664	55	84	0.6547619047619048
t-SNE	tsne	tsne__metric-correlation__perplexity-5	metric=correlation, perplexity=5	False	analysis/tsne/tsne_sensitivity_scores.tsv.gz	correlation	5.0				7	0.44695015134756777	469.3403680145939	0.7279370161945468	73887.0612800433	40	84	0.47619047619047616
t-SNE	tsne	tsne__metric-correlation__perplexity-5	metric=correlation, perplexity=5	False	analysis/tsne/tsne_sensitivity_scores.tsv.gz	correlation	5.0				8	0.43872325949144875	486.04635351794377	0.7644837849101884	62371.378665487144	40	65	0.6153846153846154
t-SNE	tsne	tsne__metric-correlation__perplexity-5	metric=correlation, perplexity=5	False	analysis/tsne/tsne_sensitivity_scores.tsv.gz	correlation	5.0				9	0.44046641961403565	503.4403931205216	0.7895140401174738	53451.49082806868	23	57	0.40350877192982454
t-SNE	tsne	tsne__metric-correlation__perplexity-5	metric=correlation, perplexity=5	False	analysis/tsne/tsne_sensitivity_scores.tsv.gz	correlation	5.0				10	0.43814021461362623	507.90414681434066	0.7544309643943479	47501.288241017166	23	56	0.4107142857142857
t-SNE	tsne	tsne__metric-correlation__perplexity-15	metric=correlation, perplexity=15	False	analysis/tsne/tsne_sensitivity_scores.tsv.gz	correlation	15.0				2	0.45390749934741087	489.33970626284787	0.8485667232904184	110166.61575708585	190	222	0.8558558558558559
t-SNE	tsne	tsne__metric-correlation__perplexity-15	metric=correlation, perplexity=15	False	analysis/tsne/tsne_sensitivity_scores.tsv.gz	correlation	15.0				3	0.40580761581878655	418.5896399572722	0.9064111013514347	79310.86779543916	103	165	0.6242424242424243
t-SNE	tsne	tsne__metric-correlation__perplexity-15	metric=correlation, perplexity=15	False	analysis/tsne/tsne_sensitivity_scores.tsv.gz	correlation	15.0				4	0.4151843704018723	485.15465921549315	0.8330379358863976	52908.94246692588	89	119	0.7478991596638656
t-SNE	tsne	tsne__metric-correlation__perplexity-15	metric=correlation, perplexity=15	False	analysis/tsne/tsne_sensitivity_scores.tsv.gz	correlation	15.0				5	0.41787223286651715	489.3110158889993	0.7606715515930464	41599.87463321607	53	102	0.5196078431372549
t-SNE	tsne	tsne__metric-correlation__perplexity-15	metric=correlation, perplexity=15	False	analysis/tsne/tsne_sensitivity_scores.tsv.gz	correlation	15.0				6	0.42537394610266055	504.61793899903677	0.7512744636353464	33495.25454193527	47	101	0.46534653465346537
t-SNE	tsne	tsne__metric-correlation__perplexity-15	metric=correlation, perplexity=15	False	analysis/tsne/tsne_sensitivity_scores.tsv.gz	correlation	15.0				7	0.4148030460303702	510.6253513681331	0.8012382397159301	28214.455839085433	47	96	0.4895833333333333
t-SNE	tsne	tsne__metric-correlation__perplexity-15	metric=correlation, perplexity=15	False	analysis/tsne/tsne_sensitivity_scores.tsv.gz	correlation	15.0				8	0.38603478145577014	505.672375357588	0.8530269644873447	24755.213979841843	43	63	0.6825396825396826
t-SNE	tsne	tsne__metric-correlation__perplexity-15	metric=correlation, perplexity=15	False	analysis/tsne/tsne_sensitivity_scores.tsv.gz	correlation	15.0				9	0.3942299845490488	509.94035383197723	0.8559290772412768	21725.63384068261	25	60	0.4166666666666667
t-SNE	tsne	tsne__metric-correlation__perplexity-15	metric=correlation, perplexity=15	False	analysis/tsne/tsne_sensitivity_scores.tsv.gz	correlation	15.0				10	0.3945694716899891	517.5616918831466	0.8039413845977705	19198.209032924657	20	53	0.37735849056603776
t-SNE	tsne	tsne__metric-correlation__perplexity-30	metric=correlation, perplexity=30	False	analysis/tsne/tsne_sensitivity_scores.tsv.gz	correlation	30.0				2	0.4622014422593508	502.16739989213306	0.8202712138027356	36305.19757633171	182	230	0.7913043478260869
t-SNE	tsne	tsne__metric-correlation__perplexity-30	metric=correlation, perplexity=30	False	analysis/tsne/tsne_sensitivity_scores.tsv.gz	correlation	30.0				3	0.44639760976466875	495.0715601638997	0.7987363650835576	23611.34143132133	89	170	0.5235294117647059
t-SNE	tsne	tsne__metric-correlation__perplexity-30	metric=correlation, perplexity=30	False	analysis/tsne/tsne_sensitivity_scores.tsv.gz	correlation	30.0				4	0.46491367347330315	568.6266099089768	0.728364526032226	15589.757616057279	84	126	0.6666666666666666
t-SNE	tsne	tsne__metric-correlation__perplexity-30	metric=correlation, perplexity=30	False	analysis/tsne/tsne_sensitivity_scores.tsv.gz	correlation	30.0				5	0.420916182417428	549.4872526936671	0.8014400412812848	12619.864069704132	57	101	0.5643564356435643
t-SNE	tsne	tsne__metric-correlation__perplexity-30	metric=correlation, perplexity=30	False	analysis/tsne/tsne_sensitivity_scores.tsv.gz	correlation	30.0				6	0.4123423467987225	528.2821917865756	0.8050078065786647	10761.046381988856	52	99	0.5252525252525253
t-SNE	tsne	tsne__metric-correlation__perplexity-30	metric=correlation, perplexity=30	False	analysis/tsne/tsne_sensitivity_scores.tsv.gz	correlation	30.0				7	0.4157671700235577	537.7437758190546	0.7890039940808925	9008.094542665993	36	97	0.3711340206185567
t-SNE	tsne	tsne__metric-correlation__perplexity-30	metric=correlation, perplexity=30	False	analysis/tsne/tsne_sensitivity_scores.tsv.gz	correlation	30.0				8	0.4050392799371117	554.5353019001518	0.7538368330726095	7614.025352061903	33	77	0.42857142857142855
t-SNE	tsne	tsne__metric-correlation__perplexity-30	metric=correlation, perplexity=30	False	analysis/tsne/tsne_sensitivity_scores.tsv.gz	correlation	30.0				9	0.4033427360878778	568.1340552138312	0.7754318875802172	6578.5244266792	33	56	0.5892857142857143
t-SNE	tsne	tsne__metric-correlation__perplexity-30	metric=correlation, perplexity=30	False	analysis/tsne/tsne_sensitivity_scores.tsv.gz	correlation	30.0				10	0.4079126743778009	574.7387458235546	0.7608950182575409	5824.625971507008	21	56	0.375
t-SNE	tsne	tsne__metric-correlation__perplexity-50	metric=correlation, perplexity=50	False	analysis/tsne/tsne_sensitivity_scores.tsv.gz	correlation	50.0				2	0.4502303904687199	449.72994782730825	0.8830577801889816	13092.364724532421	198	214	0.9252336448598131
t-SNE	tsne	tsne__metric-correlation__perplexity-50	metric=correlation, perplexity=50	False	analysis/tsne/tsne_sensitivity_scores.tsv.gz	correlation	50.0				3	0.4526422943223297	495.1820066420019	0.756874297386326	8023.962689557924	115	169	0.6804733727810651
t-SNE	tsne	tsne__metric-correlation__perplexity-50	metric=correlation, perplexity=50	False	analysis/tsne/tsne_sensitivity_scores.tsv.gz	correlation	50.0				4	0.4296799973089001	510.99441831251494	0.806275562531887	5770.781995851809	84	123	0.6829268292682927
t-SNE	tsne	tsne__metric-correlation__perplexity-50	metric=correlation, perplexity=50	False	analysis/tsne/tsne_sensitivity_scores.tsv.gz	correlation	50.0				5	0.4338920776994363	515.1884874267154	0.7415098651452203	4527.8168082005295	51	106	0.4811320754716981
t-SNE	tsne	tsne__metric-correlation__perplexity-50	metric=correlation, perplexity=50	False	analysis/tsne/tsne_sensitivity_scores.tsv.gz	correlation	50.0				6	0.41754867591137196	514.6288977043406	0.7643040935786543	3741.370868406375	52	99	0.5252525252525253
t-SNE	tsne	tsne__metric-correlation__perplexity-50	metric=correlation, perplexity=50	False	analysis/tsne/tsne_sensitivity_scores.tsv.gz	correlation	50.0				7	0.38969457848609174	507.8850211194164	0.8088801573189619	3220.6350484642035	50	77	0.6493506493506493
t-SNE	tsne	tsne__metric-correlation__perplexity-50	metric=correlation, perplexity=50	False	analysis/tsne/tsne_sensitivity_scores.tsv.gz	correlation	50.0				8	0.39722196827472067	500.62641081997515	0.7961958680598679	2837.790528578412	30	78	0.38461538461538464
t-SNE	tsne	tsne__metric-correlation__perplexity-50	metric=correlation, perplexity=50	False	analysis/tsne/tsne_sensitivity_scores.tsv.gz	correlation	50.0				9	0.3890077240231042	505.18197976281755	0.8308174019861848	2489.3315572417832	29	63	0.4603174603174603
t-SNE	tsne	tsne__metric-correlation__perplexity-50	metric=correlation, perplexity=50	False	analysis/tsne/tsne_sensitivity_scores.tsv.gz	correlation	50.0				10	0.3916731412502259	503.5666907383845	0.7946573828297802	2236.73421254542	28	64	0.4375
t-SNE	tsne	tsne__primary	primary	True	analysis/tsne/tsne_scores.tsv.gz						2	0.36730008306099154	284.96605021428627	1.0888339869121149	31175.00814304379	198	214	0.9252336448598131
t-SNE	tsne	tsne__primary	primary	True	analysis/tsne/tsne_scores.tsv.gz						3	0.3980867502579753	356.0976704817963	0.8639618208217336	19276.506622644712	120	148	0.8108108108108109
t-SNE	tsne	tsne__primary	primary	True	analysis/tsne/tsne_scores.tsv.gz						4	0.38640081563428047	371.6026478502687	0.8435325295421713	14157.981410239152	96	108	0.8888888888888888
t-SNE	tsne	tsne__primary	primary	True	analysis/tsne/tsne_scores.tsv.gz						5	0.37525668872730567	369.7287407015351	0.8332088642012367	11404.036831517167	74	98	0.7551020408163265
t-SNE	tsne	tsne__primary	primary	True	analysis/tsne/tsne_scores.tsv.gz						6	0.3905046354518771	392.75332157518926	0.7971923860510648	9053.296964536934	56	80	0.7
t-SNE	tsne	tsne__primary	primary	True	analysis/tsne/tsne_scores.tsv.gz						7	0.37593683267506467	386.2648445992527	0.8191404451890593	7860.664039703525	42	72	0.5833333333333334
t-SNE	tsne	tsne__primary	primary	True	analysis/tsne/tsne_scores.tsv.gz						8	0.38462000521605394	392.94888221107607	0.7734451893413246	6767.333323976796	34	63	0.5396825396825397
t-SNE	tsne	tsne__primary	primary	True	analysis/tsne/tsne_scores.tsv.gz						9	0.39022140248686155	401.4589915803179	0.7886876603583676	5891.453680156546	27	66	0.4090909090909091
t-SNE	tsne	tsne__primary	primary	True	analysis/tsne/tsne_scores.tsv.gz						10	0.3766500975519217	404.4498113415452	0.8103624245142755	5255.461541619846	26	51	0.5098039215686274
UMAP	umap	umap__metric-euclidean__nn-5__mindist-0	metric=euclidean, n_neighbors=5, min_dist=0	False	analysis/umap/umap_sensitivity_scores.tsv.gz	euclidean		5.0	0.0		2	0.4150988670724559	365.7052746511321	0.9608859434013677	1587.4857861967878	174	238	0.7310924369747899
UMAP	umap	umap__metric-euclidean__nn-5__mindist-0	metric=euclidean, n_neighbors=5, min_dist=0	False	analysis/umap/umap_sensitivity_scores.tsv.gz	euclidean		5.0	0.0		3	0.41819024263438087	378.6657199284228	0.8615614648822314	1053.232031407094	122	148	0.8243243243243243
UMAP	umap	umap__metric-euclidean__nn-5__mindist-0	metric=euclidean, n_neighbors=5, min_dist=0	False	analysis/umap/umap_sensitivity_scores.tsv.gz	euclidean		5.0	0.0		4	0.4289508277130087	406.739875142945	0.8729757870401875	752.6098730565782	77	128	0.6015625
UMAP	umap	umap__metric-euclidean__nn-5__mindist-0	metric=euclidean, n_neighbors=5, min_dist=0	False	analysis/umap/umap_sensitivity_scores.tsv.gz	euclidean		5.0	0.0		5	0.46257893821251117	459.7307874325912	0.7358912382451495	544.2798430822621	37	119	0.31092436974789917
UMAP	umap	umap__metric-euclidean__nn-5__mindist-0	metric=euclidean, n_neighbors=5, min_dist=0	False	analysis/umap/umap_sensitivity_scores.tsv.gz	euclidean		5.0	0.0		6	0.4606512168225814	492.67036932728615	0.7309719845873217	424.97654473686725	37	97	0.38144329896907214
UMAP	umap	umap__metric-euclidean__nn-5__mindist-0	metric=euclidean, n_neighbors=5, min_dist=0	False	analysis/umap/umap_sensitivity_scores.tsv.gz	euclidean		5.0	0.0		7	0.47549942478373036	513.4749794401404	0.7416779538862581	348.9547199026058	37	82	0.45121951219512196
UMAP	umap	umap__metric-euclidean__nn-5__mindist-0	metric=euclidean, n_neighbors=5, min_dist=0	False	analysis/umap/umap_sensitivity_scores.tsv.gz	euclidean		5.0	0.0		8	0.4781786260833325	558.8897090013454	0.7703245097272662	281.12516568461155	23	73	0.3150684931506849
UMAP	umap	umap__metric-euclidean__nn-5__mindist-0	metric=euclidean, n_neighbors=5, min_dist=0	False	analysis/umap/umap_sensitivity_scores.tsv.gz	euclidean		5.0	0.0		9	0.5098130474308911	629.8855598250202	0.6834378153956983	222.41419439573951	23	59	0.3898305084745763
UMAP	umap	umap__metric-euclidean__nn-5__mindist-0	metric=euclidean, n_neighbors=5, min_dist=0	False	analysis/umap/umap_sensitivity_scores.tsv.gz	euclidean		5.0	0.0		10	0.5076954850672418	642.2618437455154	0.6524187583228483	195.2966236657615	5	56	0.08928571428571429
UMAP	umap	umap__metric-euclidean__nn-5__mindist-0p1	metric=euclidean, n_neighbors=5, min_dist=0.1	False	analysis/umap/umap_sensitivity_scores.tsv.gz	euclidean		5.0	0.1		2	0.38771876132362904	301.95411807381976	1.0455472558749699	1874.3921007587523	177	235	0.7531914893617021
UMAP	umap	umap__metric-euclidean__nn-5__mindist-0p1	metric=euclidean, n_neighbors=5, min_dist=0.1	False	analysis/umap/umap_sensitivity_scores.tsv.gz	euclidean		5.0	0.1		3	0.4278515726033357	392.03305558528274	0.8201694626018673	1115.8026620837604	114	152	0.75
UMAP	umap	umap__metric-euclidean__nn-5__mindist-0p1	metric=euclidean, n_neighbors=5, min_dist=0.1	False	analysis/umap/umap_sensitivity_scores.tsv.gz	euclidean		5.0	0.1		4	0.4284480732781893	406.9725548837364	0.8218182567190621	815.2477805170048	82	134	0.6119402985074627
UMAP	umap	umap__metric-euclidean__nn-5__mindist-0p1	metric=euclidean, n_neighbors=5, min_dist=0.1	False	analysis/umap/umap_sensitivity_scores.tsv.gz	euclidean		5.0	0.1		5	0.4353308026575877	423.3676937109393	0.7560430258882401	630.6760819922299	55	121	0.45454545454545453
UMAP	umap	umap__metric-euclidean__nn-5__mindist-0p1	metric=euclidean, n_neighbors=5, min_dist=0.1	False	analysis/umap/umap_sensitivity_scores.tsv.gz	euclidean		5.0	0.1		6	0.4369947372690871	447.8237588092761	0.7565056513234091	499.5850656907314	48	97	0.4948453608247423
UMAP	umap	umap__metric-euclidean__nn-5__mindist-0p1	metric=euclidean, n_neighbors=5, min_dist=0.1	False	analysis/umap/umap_sensitivity_scores.tsv.gz	euclidean		5.0	0.1		7	0.44255893079903785	451.15669877412483	0.782491244659692	423.5965130258323	37	80	0.4625
UMAP	umap	umap__metric-euclidean__nn-5__mindist-0p1	metric=euclidean, n_neighbors=5, min_dist=0.1	False	analysis/umap/umap_sensitivity_scores.tsv.gz	euclidean		5.0	0.1		8	0.44549930918007763	487.18854341353875	0.7446119140623699	344.74093673854264	37	59	0.6271186440677966
UMAP	umap	umap__metric-euclidean__nn-5__mindist-0p1	metric=euclidean, n_neighbors=5, min_dist=0.1	False	analysis/umap/umap_sensitivity_scores.tsv.gz	euclidean		5.0	0.1		9	0.46377104594338586	510.6752296305556	0.6955863058978297	292.2415143971597	5	59	0.0847457627118644
UMAP	umap	umap__metric-euclidean__nn-5__mindist-0p1	metric=euclidean, n_neighbors=5, min_dist=0.1	False	analysis/umap/umap_sensitivity_scores.tsv.gz	euclidean		5.0	0.1		10	0.4614210895256332	530.5374715921041	0.7014882272757444	252.7494020369337	5	55	0.09090909090909091
UMAP	umap	umap__metric-euclidean__nn-5__mindist-0p5	metric=euclidean, n_neighbors=5, min_dist=0.5	False	analysis/umap/umap_sensitivity_scores.tsv.gz	euclidean		5.0	0.5		2	0.37025075863572054	283.7105499037185	1.0755970898055403	2827.11930917728	165	247	0.6680161943319838
UMAP	umap	umap__metric-euclidean__nn-5__mindist-0p5	metric=euclidean, n_neighbors=5, min_dist=0.5	False	analysis/umap/umap_sensitivity_scores.tsv.gz	euclidean		5.0	0.5		3	0.37460080877875146	320.9986350510017	0.8954772166907503	1861.4882507868954	121	152	0.7960526315789473
UMAP	umap	umap__metric-euclidean__nn-5__mindist-0p5	metric=euclidean, n_neighbors=5, min_dist=0.5	False	analysis/umap/umap_sensitivity_scores.tsv.gz	euclidean		5.0	0.5		4	0.38221252983786086	350.01008451292665	0.8398297321399804	1338.542629316753	87	121	0.71900826446281
UMAP	umap	umap__metric-euclidean__nn-5__mindist-0p5	metric=euclidean, n_neighbors=5, min_dist=0.5	False	analysis/umap/umap_sensitivity_scores.tsv.gz	euclidean		5.0	0.5		5	0.37841591080178966	354.0452055977325	0.8595423353738271	1067.8327703849172	64	103	0.6213592233009708
UMAP	umap	umap__metric-euclidean__nn-5__mindist-0p5	metric=euclidean, n_neighbors=5, min_dist=0.5	False	analysis/umap/umap_sensitivity_scores.tsv.gz	euclidean		5.0	0.5		6	0.4038283459620581	391.4726521861437	0.7708813044523307	821.7394422103098	57	93	0.6129032258064516
UMAP	umap	umap__metric-euclidean__nn-5__mindist-0p5	metric=euclidean, n_neighbors=5, min_dist=0.5	False	analysis/umap/umap_sensitivity_scores.tsv.gz	euclidean		5.0	0.5		7	0.40192667138581734	387.83551093109486	0.7879529438435039	709.105462002172	23	92	0.25
UMAP	umap	umap__metric-euclidean__nn-5__mindist-0p5	metric=euclidean, n_neighbors=5, min_dist=0.5	False	analysis/umap/umap_sensitivity_scores.tsv.gz	euclidean		5.0	0.5		8	0.39324281290526353	387.9542697760541	0.807249127751065	619.4552119034859	23	68	0.3382352941176471
UMAP	umap	umap__metric-euclidean__nn-5__mindist-0p5	metric=euclidean, n_neighbors=5, min_dist=0.5	False	analysis/umap/umap_sensitivity_scores.tsv.gz	euclidean		5.0	0.5		9	0.38935215448563676	396.43000020351946	0.782354500633869	539.3064493383679	30	56	0.5357142857142857
UMAP	umap	umap__metric-euclidean__nn-5__mindist-0p5	metric=euclidean, n_neighbors=5, min_dist=0.5	False	analysis/umap/umap_sensitivity_scores.tsv.gz	euclidean		5.0	0.5		10	0.3858031143458448	396.97132160489804	0.7840287772178395	483.78867760701365	19	52	0.36538461538461536
UMAP	umap	umap__metric-euclidean__nn-5__mindist-1	metric=euclidean, n_neighbors=5, min_dist=1	False	analysis/umap/umap_sensitivity_scores.tsv.gz	euclidean		5.0	1.0		2	0.3540548393883467	259.78101851505227	1.1365383026701612	4737.44520723675	203	209	0.9712918660287081
UMAP	umap	umap__metric-euclidean__nn-5__mindist-1	metric=euclidean, n_neighbors=5, min_dist=1	False	analysis/umap/umap_sensitivity_scores.tsv.gz	euclidean		5.0	1.0		3	0.3631716468136792	305.3649480529594	0.917548355459353	3104.068773183545	127	148	0.8581081081081081
UMAP	umap	umap__metric-euclidean__nn-5__mindist-1	metric=euclidean, n_neighbors=5, min_dist=1	False	analysis/umap/umap_sensitivity_scores.tsv.gz	euclidean		5.0	1.0		4	0.36650300242830325	336.7598437360229	0.8559819059596905	2226.340089965418	83	116	0.7155172413793104
UMAP	umap	umap__metric-euclidean__nn-5__mindist-1	metric=euclidean, n_neighbors=5, min_dist=1	False	analysis/umap/umap_sensitivity_scores.tsv.gz	euclidean		5.0	1.0		5	0.346741666878722	327.53150869460865	0.8772578221721681	1834.3635626223047	72	96	0.75
UMAP	umap	umap__metric-euclidean__nn-5__mindist-1	metric=euclidean, n_neighbors=5, min_dist=1	False	analysis/umap/umap_sensitivity_scores.tsv.gz	euclidean		5.0	1.0		6	0.3773542755885128	348.99986491730454	0.8031650364893164	1460.7602365256303	53	84	0.6309523809523809
UMAP	umap	umap__metric-euclidean__nn-5__mindist-1	metric=euclidean, n_neighbors=5, min_dist=1	False	analysis/umap/umap_sensitivity_scores.tsv.gz	euclidean		5.0	1.0		7	0.37498853345094973	359.35387722122414	0.8022757465658411	1223.8204925752802	38	81	0.4691358024691358
UMAP	umap	umap__metric-euclidean__nn-5__mindist-1	metric=euclidean, n_neighbors=5, min_dist=1	False	analysis/umap/umap_sensitivity_scores.tsv.gz	euclidean		5.0	1.0		8	0.36739479840038425	357.68616402659006	0.8049257774371884	1075.250223572886	41	64	0.640625
UMAP	umap	umap__metric-euclidean__nn-5__mindist-1	metric=euclidean, n_neighbors=5, min_dist=1	False	analysis/umap/umap_sensitivity_scores.tsv.gz	euclidean		5.0	1.0		9	0.36667529958646666	357.27730278339317	0.807478924156592	956.3532498834243	30	57	0.5263157894736842
UMAP	umap	umap__metric-euclidean__nn-5__mindist-1	metric=euclidean, n_neighbors=5, min_dist=1	False	analysis/umap/umap_sensitivity_scores.tsv.gz	euclidean		5.0	1.0		10	0.3675827056547504	366.7246253943004	0.79906237532028	840.2753583525089	30	54	0.5555555555555556
UMAP	umap	umap__metric-euclidean__nn-15__mindist-0	metric=euclidean, n_neighbors=15, min_dist=0	False	analysis/umap/umap_sensitivity_scores.tsv.gz	euclidean		15.0	0.0		2	0.4026511135339243	334.5194673724622	0.9909041789321733	982.9555615367234	173	239	0.7238493723849372
UMAP	umap	umap__metric-euclidean__nn-15__mindist-0	metric=euclidean, n_neighbors=15, min_dist=0	False	analysis/umap/umap_sensitivity_scores.tsv.gz	euclidean		15.0	0.0		3	0.4091738309239248	370.813109068647	0.855233499011646	634.5130611701716	111	154	0.7207792207792207
UMAP	umap	umap__metric-euclidean__nn-15__mindist-0	metric=euclidean, n_neighbors=15, min_dist=0	False	analysis/umap/umap_sensitivity_scores.tsv.gz	euclidean		15.0	0.0		4	0.4258415952050659	426.92367124136655	0.7803450163785579	431.2364701658129	83	127	0.6535433070866141
UMAP	umap	umap__metric-euclidean__nn-15__mindist-0	metric=euclidean, n_neighbors=15, min_dist=0	False	analysis/umap/umap_sensitivity_scores.tsv.gz	euclidean		15.0	0.0		5	0.42119473089684484	428.3571464150476	0.7955451519343246	342.6074830649568	67	113	0.5929203539823009
UMAP	umap	umap__metric-euclidean__nn-15__mindist-0	metric=euclidean, n_neighbors=15, min_dist=0	False	analysis/umap/umap_sensitivity_scores.tsv.gz	euclidean		15.0	0.0		6	0.4392919092851955	470.4388721845324	0.7610197755472701	262.7406396353106	42	97	0.4329896907216495
UMAP	umap	umap__metric-euclidean__nn-15__mindist-0	metric=euclidean, n_neighbors=15, min_dist=0	False	analysis/umap/umap_sensitivity_scores.tsv.gz	euclidean		15.0	0.0		7	0.4368100524981736	500.96711344186355	0.7549610804173513	211.94565273550612	43	69	0.6231884057971014
UMAP	umap	umap__metric-euclidean__nn-15__mindist-0	metric=euclidean, n_neighbors=15, min_dist=0	False	analysis/umap/umap_sensitivity_scores.tsv.gz	euclidean		15.0	0.0		8	0.445494806926381	516.7580408748873	0.7176096275913346	179.3247763459858	18	69	0.2608695652173913
UMAP	umap	umap__metric-euclidean__nn-15__mindist-0	metric=euclidean, n_neighbors=15, min_dist=0	False	analysis/umap/umap_sensitivity_scores.tsv.gz	euclidean		15.0	0.0		9	0.45041192220073106	528.897041483027	0.6997277911621999	155.22389497938292	17	63	0.2698412698412698
UMAP	umap	umap__metric-euclidean__nn-15__mindist-0	metric=euclidean, n_neighbors=15, min_dist=0	False	analysis/umap/umap_sensitivity_scores.tsv.gz	euclidean		15.0	0.0		10	0.4477748083865425	533.1748052899379	0.7261649007912967	137.97516465293003	21	63	0.3333333333333333
UMAP	umap	umap__metric-euclidean__nn-15__mindist-0p1	metric=euclidean, n_neighbors=15, min_dist=0.1	True	analysis/umap/umap_sensitivity_scores.tsv.gz	euclidean		15.0	0.1		2	0.37753911975998705	309.6275934735562	1.0488268591101317	1145.224917497003	192	220	0.8727272727272727
UMAP	umap	umap__metric-euclidean__nn-15__mindist-0p1	metric=euclidean, n_neighbors=15, min_dist=0.1	True	analysis/umap/umap_sensitivity_scores.tsv.gz	euclidean		15.0	0.1		3	0.3893769265918386	344.5755150057859	0.8717606710024866	748.6450792555504	113	166	0.6807228915662651
UMAP	umap	umap__metric-euclidean__nn-15__mindist-0p1	metric=euclidean, n_neighbors=15, min_dist=0.1	True	analysis/umap/umap_sensitivity_scores.tsv.gz	euclidean		15.0	0.1		4	0.4060877905398906	402.0198503149267	0.7968689471648418	508.107199607837	92	117	0.7863247863247863
UMAP	umap	umap__metric-euclidean__nn-15__mindist-0p1	metric=euclidean, n_neighbors=15, min_dist=0.1	True	analysis/umap/umap_sensitivity_scores.tsv.gz	euclidean		15.0	0.1		5	0.40744751890778313	415.82686241584383	0.8235187644707647	395.16120762503846	72	91	0.7912087912087912
UMAP	umap	umap__metric-euclidean__nn-15__mindist-0p1	metric=euclidean, n_neighbors=15, min_dist=0.1	True	analysis/umap/umap_sensitivity_scores.tsv.gz	euclidean		15.0	0.1		6	0.42009557516058255	440.030713689729	0.7755258922169629	313.14160277329466	52	93	0.5591397849462365
UMAP	umap	umap__metric-euclidean__nn-15__mindist-0p1	metric=euclidean, n_neighbors=15, min_dist=0.1	True	analysis/umap/umap_sensitivity_scores.tsv.gz	euclidean		15.0	0.1		7	0.4065949646216431	445.2820360489784	0.7849043059614432	264.5974838559707	50	71	0.704225352112676
UMAP	umap	umap__metric-euclidean__nn-15__mindist-0p1	metric=euclidean, n_neighbors=15, min_dist=0.1	True	analysis/umap/umap_sensitivity_scores.tsv.gz	euclidean		15.0	0.1		8	0.4127499533609035	449.79115122222277	0.7642654555830278	228.59007255619682	21	69	0.30434782608695654
UMAP	umap	umap__metric-euclidean__nn-15__mindist-0p1	metric=euclidean, n_neighbors=15, min_dist=0.1	True	analysis/umap/umap_sensitivity_scores.tsv.gz	euclidean		15.0	0.1		9	0.4345103321449337	474.3272630545646	0.74826196338767	192.98202598301066	19	61	0.3114754098360656
UMAP	umap	umap__metric-euclidean__nn-15__mindist-0p1	metric=euclidean, n_neighbors=15, min_dist=0.1	True	analysis/umap/umap_sensitivity_scores.tsv.gz	euclidean		15.0	0.1		10	0.4254090209172238	476.70121542592983	0.7494639264379643	172.20827224874515	19	59	0.3220338983050847
UMAP	umap	umap__metric-euclidean__nn-15__mindist-0p5	metric=euclidean, n_neighbors=15, min_dist=0.5	False	analysis/umap/umap_sensitivity_scores.tsv.gz	euclidean		15.0	0.5		2	0.3778094573022585	317.9126391904022	1.0447592089071223	1858.6987474758182	194	218	0.8899082568807339
UMAP	umap	umap__metric-euclidean__nn-15__mindist-0p5	metric=euclidean, n_neighbors=15, min_dist=0.5	False	analysis/umap/umap_sensitivity_scores.tsv.gz	euclidean		15.0	0.5		3	0.3772942033917885	339.9939051408531	0.8918098349521563	1239.2452545014119	116	174	0.6666666666666666
UMAP	umap	umap__metric-euclidean__nn-15__mindist-0p5	metric=euclidean, n_neighbors=15, min_dist=0.5	False	analysis/umap/umap_sensitivity_scores.tsv.gz	euclidean		15.0	0.5		4	0.38207861974274404	379.39608179800456	0.8465445183171865	870.6723860649324	99	108	0.9166666666666666
UMAP	umap	umap__metric-euclidean__nn-15__mindist-0p5	metric=euclidean, n_neighbors=15, min_dist=0.5	False	analysis/umap/umap_sensitivity_scores.tsv.gz	euclidean		15.0	0.5		5	0.3865785228950319	395.52001775433854	0.810574417704194	675.1482061037193	69	93	0.7419354838709677
UMAP	umap	umap__metric-euclidean__nn-15__mindist-0p5	metric=euclidean, n_neighbors=15, min_dist=0.5	False	analysis/umap/umap_sensitivity_scores.tsv.gz	euclidean		15.0	0.5		6	0.3697519271993192	390.5368135011478	0.8604517592044036	567.9540948364138	59	82	0.7195121951219512
UMAP	umap	umap__metric-euclidean__nn-15__mindist-0p5	metric=euclidean, n_neighbors=15, min_dist=0.5	False	analysis/umap/umap_sensitivity_scores.tsv.gz	euclidean		15.0	0.5		7	0.3774698221577641	390.103130604923	0.7973115726030379	486.7116714651917	41	70	0.5857142857142857
UMAP	umap	umap__metric-euclidean__nn-15__mindist-0p5	metric=euclidean, n_neighbors=15, min_dist=0.5	False	analysis/umap/umap_sensitivity_scores.tsv.gz	euclidean		15.0	0.5		8	0.36859422419892546	403.9089913736497	0.8105827664932976	412.5272106903672	41	63	0.6507936507936508
UMAP	umap	umap__metric-euclidean__nn-15__mindist-0p5	metric=euclidean, n_neighbors=15, min_dist=0.5	False	analysis/umap/umap_sensitivity_scores.tsv.gz	euclidean		15.0	0.5		9	0.36568427753320576	398.9742823185584	0.8282914193579293	369.9031091604173	26	59	0.4406779661016949
UMAP	umap	umap__metric-euclidean__nn-15__mindist-0p5	metric=euclidean, n_neighbors=15, min_dist=0.5	False	analysis/umap/umap_sensitivity_scores.tsv.gz	euclidean		15.0	0.5		10	0.3675970316349779	409.0522859085012	0.7896878875534264	324.8281044470813	28	51	0.5490196078431373
UMAP	umap	umap__metric-euclidean__nn-15__mindist-1	metric=euclidean, n_neighbors=15, min_dist=1	False	analysis/umap/umap_sensitivity_scores.tsv.gz	euclidean		15.0	1.0		2	0.3692263922421845	297.87870179318554	1.067470530895288	3240.2288030727323	188	224	0.8392857142857143
UMAP	umap	umap__metric-euclidean__nn-15__mindist-1	metric=euclidean, n_neighbors=15, min_dist=1	False	analysis/umap/umap_sensitivity_scores.tsv.gz	euclidean		15.0	1.0		3	0.382166018638053	341.3311272983809	0.881594320542925	2095.9729858604064	123	160	0.76875
UMAP	umap	umap__metric-euclidean__nn-15__mindist-1	metric=euclidean, n_neighbors=15, min_dist=1	False	analysis/umap/umap_sensitivity_scores.tsv.gz	euclidean		15.0	1.0		4	0.38163248681982537	369.5487964528357	0.8376261665663612	1504.9653287804056	92	114	0.8070175438596491
UMAP	umap	umap__metric-euclidean__nn-15__mindist-1	metric=euclidean, n_neighbors=15, min_dist=1	False	analysis/umap/umap_sensitivity_scores.tsv.gz	euclidean		15.0	1.0		5	0.37587575990778105	372.52028045506376	0.8391566589613577	1200.2153426660561	66	98	0.673469387755102
UMAP	umap	umap__metric-euclidean__nn-15__mindist-1	metric=euclidean, n_neighbors=15, min_dist=1	False	analysis/umap/umap_sensitivity_scores.tsv.gz	euclidean		15.0	1.0		6	0.3541772650255968	366.23955440581614	0.8978390384494371	1015.2484209373439	61	79	0.7721518987341772
UMAP	umap	umap__metric-euclidean__nn-15__mindist-1	metric=euclidean, n_neighbors=15, min_dist=1	False	analysis/umap/umap_sensitivity_scores.tsv.gz	euclidean		15.0	1.0		7	0.36033067685568504	371.9913356547048	0.8343355526183108	859.2194954530486	48	68	0.7058823529411765
UMAP	umap	umap__metric-euclidean__nn-15__mindist-1	metric=euclidean, n_neighbors=15, min_dist=1	False	analysis/umap/umap_sensitivity_scores.tsv.gz	euclidean		15.0	1.0		8	0.3493881814636038	371.9121320531204	0.8571896243948764	751.5242762685821	44	67	0.6567164179104478
UMAP	umap	umap__metric-euclidean__nn-15__mindist-1	metric=euclidean, n_neighbors=15, min_dist=1	False	analysis/umap/umap_sensitivity_scores.tsv.gz	euclidean		15.0	1.0		9	0.356591392038453	379.4240731432212	0.8096739104547878	655.692553891509	34	64	0.53125
UMAP	umap	umap__metric-euclidean__nn-15__mindist-1	metric=euclidean, n_neighbors=15, min_dist=1	False	analysis/umap/umap_sensitivity_scores.tsv.gz	euclidean		15.0	1.0		10	0.3492884358320154	379.58655059132184	0.8141904681044728	588.9915531151983	27	61	0.4426229508196721
UMAP	umap	umap__metric-euclidean__nn-30__mindist-0	metric=euclidean, n_neighbors=30, min_dist=0	False	analysis/umap/umap_sensitivity_scores.tsv.gz	euclidean		30.0	0.0		2	0.3917557434428298	336.76087723687283	1.015537533874713	783.5533283372088	200	212	0.9433962264150944
UMAP	umap	umap__metric-euclidean__nn-30__mindist-0	metric=euclidean, n_neighbors=30, min_dist=0	False	analysis/umap/umap_sensitivity_scores.tsv.gz	euclidean		30.0	0.0		3	0.41064455483476997	392.0267562081974	0.8493773496844099	489.24865968124163	115	166	0.6927710843373494
UMAP	umap	umap__metric-euclidean__nn-30__mindist-0	metric=euclidean, n_neighbors=30, min_dist=0	False	analysis/umap/umap_sensitivity_scores.tsv.gz	euclidean		30.0	0.0		4	0.4314497423798119	455.7086712348621	0.7584061725679224	328.0176665933159	83	116	0.7155172413793104
UMAP	umap	umap__metric-euclidean__nn-30__mindist-0	metric=euclidean, n_neighbors=30, min_dist=0	False	analysis/umap/umap_sensitivity_scores.tsv.gz	euclidean		30.0	0.0		5	0.4271119053412164	481.23688340117496	0.770987121118867	249.08174202073994	72	92	0.782608695652174
UMAP	umap	umap__metric-euclidean__nn-30__mindist-0	metric=euclidean, n_neighbors=30, min_dist=0	False	analysis/umap/umap_sensitivity_scores.tsv.gz	euclidean		30.0	0.0		6	0.42058611816800845	474.1631379366327	0.816730445066692	208.66290015960442	53	85	0.6235294117647059
UMAP	umap	umap__metric-euclidean__nn-30__mindist-0	metric=euclidean, n_neighbors=30, min_dist=0	False	analysis/umap/umap_sensitivity_scores.tsv.gz	euclidean		30.0	0.0		7	0.4309476141051785	505.3502191299	0.7512615954514522	168.1624203451306	50	67	0.746268656716418
UMAP	umap	umap__metric-euclidean__nn-30__mindist-0	metric=euclidean, n_neighbors=30, min_dist=0	False	analysis/umap/umap_sensitivity_scores.tsv.gz	euclidean		30.0	0.0		8	0.4246743843655409	511.0019090951544	0.7660031558179523	144.8284857251861	30	67	0.44776119402985076
UMAP	umap	umap__metric-euclidean__nn-30__mindist-0	metric=euclidean, n_neighbors=30, min_dist=0	False	analysis/umap/umap_sensitivity_scores.tsv.gz	euclidean		30.0	0.0		9	0.4179132117611672	509.77389779644295	0.7823300011110382	128.34466880608917	31	64	0.484375
UMAP	umap	umap__metric-euclidean__nn-30__mindist-0	metric=euclidean, n_neighbors=30, min_dist=0	False	analysis/umap/umap_sensitivity_scores.tsv.gz	euclidean		30.0	0.0		10	0.40391519936970033	507.9899374937988	0.7799461625626039	115.34384902266999	26	61	0.4262295081967213
UMAP	umap	umap__metric-euclidean__nn-30__mindist-0p1	metric=euclidean, n_neighbors=30, min_dist=0.1	False	analysis/umap/umap_sensitivity_scores.tsv.gz	euclidean		30.0	0.1		2	0.399832155872321	360.51540984570386	0.9906628354929812	886.3024644655861	203	209	0.9712918660287081
UMAP	umap	umap__metric-euclidean__nn-30__mindist-0p1	metric=euclidean, n_neighbors=30, min_dist=0.1	False	analysis/umap/umap_sensitivity_scores.tsv.gz	euclidean		30.0	0.1		3	0.39626596433264044	367.43509685019825	0.8687590404929392	595.5606475069359	110	168	0.6547619047619048
UMAP	umap	umap__metric-euclidean__nn-30__mindist-0p1	metric=euclidean, n_neighbors=30, min_dist=0.1	False	analysis/umap/umap_sensitivity_scores.tsv.gz	euclidean		30.0	0.1		4	0.41528770720287395	432.0994459491749	0.807594541151947	398.74382594981233	86	118	0.7288135593220338
UMAP	umap	umap__metric-euclidean__nn-30__mindist-0p1	metric=euclidean, n_neighbors=30, min_dist=0.1	False	analysis/umap/umap_sensitivity_scores.tsv.gz	euclidean		30.0	0.1		5	0.42966673093889457	475.6137722866258	0.766351374986318	293.53799064908253	75	93	0.8064516129032258
UMAP	umap	umap__metric-euclidean__nn-30__mindist-0p1	metric=euclidean, n_neighbors=30, min_dist=0.1	False	analysis/umap/umap_sensitivity_scores.tsv.gz	euclidean		30.0	0.1		6	0.408179166862053	462.6540760965332	0.8019806118030038	248.68699257904032	58	79	0.7341772151898734
UMAP	umap	umap__metric-euclidean__nn-30__mindist-0p1	metric=euclidean, n_neighbors=30, min_dist=0.1	False	analysis/umap/umap_sensitivity_scores.tsv.gz	euclidean		30.0	0.1		7	0.3962193081581327	462.41100393259285	0.7934004578505709	212.16818625970666	48	71	0.676056338028169
UMAP	umap	umap__metric-euclidean__nn-30__mindist-0p1	metric=euclidean, n_neighbors=30, min_dist=0.1	False	analysis/umap/umap_sensitivity_scores.tsv.gz	euclidean		30.0	0.1		8	0.39395176286805245	463.0983619283282	0.7951231189436379	184.57855076940825	41	64	0.640625
UMAP	umap	umap__metric-euclidean__nn-30__mindist-0p1	metric=euclidean, n_neighbors=30, min_dist=0.1	False	analysis/umap/umap_sensitivity_scores.tsv.gz	euclidean		30.0	0.1		9	0.38450112255209046	462.75811064932145	0.8141345572347739	163.51757923726043	32	62	0.5161290322580645
UMAP	umap	umap__metric-euclidean__nn-30__mindist-0p1	metric=euclidean, n_neighbors=30, min_dist=0.1	False	analysis/umap/umap_sensitivity_scores.tsv.gz	euclidean		30.0	0.1		10	0.3732786137706904	463.5909095335319	0.8351585945659752	146.37911312911174	31	53	0.5849056603773585
UMAP	umap	umap__metric-euclidean__nn-30__mindist-0p5	metric=euclidean, n_neighbors=30, min_dist=0.5	False	analysis/umap/umap_sensitivity_scores.tsv.gz	euclidean		30.0	0.5		2	0.3963892211114884	362.83034674964347	0.9839532870649619	1539.4849685574127	202	210	0.9619047619047619
UMAP	umap	umap__metric-euclidean__nn-30__mindist-0p5	metric=euclidean, n_neighbors=30, min_dist=0.5	False	analysis/umap/umap_sensitivity_scores.tsv.gz	euclidean		30.0	0.5		3	0.3762394147249674	347.6757544108376	0.9015145908206655	1074.6473047726704	108	167	0.6467065868263473
UMAP	umap	umap__metric-euclidean__nn-30__mindist-0p5	metric=euclidean, n_neighbors=30, min_dist=0.5	False	analysis/umap/umap_sensitivity_scores.tsv.gz	euclidean		30.0	0.5		4	0.39201401493759563	389.9930759773808	0.8265020142365722	750.2549263376397	86	115	0.7478260869565218
UMAP	umap	umap__metric-euclidean__nn-30__mindist-0p5	metric=euclidean, n_neighbors=30, min_dist=0.5	False	analysis/umap/umap_sensitivity_scores.tsv.gz	euclidean		30.0	0.5		5	0.3973767461620564	422.55528210595605	0.7913215938755719	563.1189722181741	76	93	0.8172043010752689
UMAP	umap	umap__metric-euclidean__nn-30__mindist-0p5	metric=euclidean, n_neighbors=30, min_dist=0.5	False	analysis/umap/umap_sensitivity_scores.tsv.gz	euclidean		30.0	0.5		6	0.3831192321846084	414.9371380472262	0.8154262209496408	474.9022933162621	54	91	0.5934065934065934
UMAP	umap	umap__metric-euclidean__nn-30__mindist-0p5	metric=euclidean, n_neighbors=30, min_dist=0.5	False	analysis/umap/umap_sensitivity_scores.tsv.gz	euclidean		30.0	0.5		7	0.37822332023355365	404.5369726417425	0.8032309676725201	414.93276598328373	42	69	0.6086956521739131
UMAP	umap	umap__metric-euclidean__nn-30__mindist-0p5	metric=euclidean, n_neighbors=30, min_dist=0.5	False	analysis/umap/umap_sensitivity_scores.tsv.gz	euclidean		30.0	0.5		8	0.3733694925522113	413.0291197433718	0.8071545375001229	355.75339636787623	42	67	0.6268656716417911
UMAP	umap	umap__metric-euclidean__nn-30__mindist-0p5	metric=euclidean, n_neighbors=30, min_dist=0.5	False	analysis/umap/umap_sensitivity_scores.tsv.gz	euclidean		30.0	0.5		9	0.3697733426220936	412.60059104204976	0.8027188500691472	315.72352212756635	34	55	0.6181818181818182
UMAP	umap	umap__metric-euclidean__nn-30__mindist-0p5	metric=euclidean, n_neighbors=30, min_dist=0.5	False	analysis/umap/umap_sensitivity_scores.tsv.gz	euclidean		30.0	0.5		10	0.3670197500764963	421.54173313841255	0.8051310686902055	278.0055232163014	32	51	0.6274509803921569
UMAP	umap	umap__metric-euclidean__nn-30__mindist-1	metric=euclidean, n_neighbors=30, min_dist=1	False	analysis/umap/umap_sensitivity_scores.tsv.gz	euclidean		30.0	1.0		2	0.39016288186006	352.307291682571	0.994959420043502	2663.406087683164	194	218	0.8899082568807339
UMAP	umap	umap__metric-euclidean__nn-30__mindist-1	metric=euclidean, n_neighbors=30, min_dist=1	False	analysis/umap/umap_sensitivity_scores.tsv.gz	euclidean		30.0	1.0		3	0.3644642009692671	329.1626335595651	0.9238873376873896	1897.623817116664	107	166	0.6445783132530121
UMAP	umap	umap__metric-euclidean__nn-30__mindist-1	metric=euclidean, n_neighbors=30, min_dist=1	False	analysis/umap/umap_sensitivity_scores.tsv.gz	euclidean		30.0	1.0		4	0.3775286115227079	372.71743168434244	0.8435423108535238	1323.8716871100373	93	110	0.8454545454545455
UMAP	umap	umap__metric-euclidean__nn-30__mindist-1	metric=euclidean, n_neighbors=30, min_dist=1	False	analysis/umap/umap_sensitivity_scores.tsv.gz	euclidean		30.0	1.0		5	0.3797231161977689	390.4053217175986	0.821842112855044	1023.8016794920684	74	98	0.7551020408163265
UMAP	umap	umap__metric-euclidean__nn-30__mindist-1	metric=euclidean, n_neighbors=30, min_dist=1	False	analysis/umap/umap_sensitivity_scores.tsv.gz	euclidean		30.0	1.0		6	0.36920775735371536	386.9415958617423	0.8273598207260705	858.9391601589549	55	80	0.6875
UMAP	umap	umap__metric-euclidean__nn-30__mindist-1	metric=euclidean, n_neighbors=30, min_dist=1	False	analysis/umap/umap_sensitivity_scores.tsv.gz	euclidean		30.0	1.0		7	0.3438536820788702	374.99556093045277	0.9083146248028109	755.402573173327	54	73	0.7397260273972602
UMAP	umap	umap__metric-euclidean__nn-30__mindist-1	metric=euclidean, n_neighbors=30, min_dist=1	False	analysis/umap/umap_sensitivity_scores.tsv.gz	euclidean		30.0	1.0		8	0.3514580808458556	379.61368842466004	0.8369385550879388	653.5211872736594	41	57	0.7192982456140351
UMAP	umap	umap__metric-euclidean__nn-30__mindist-1	metric=euclidean, n_neighbors=30, min_dist=1	False	analysis/umap/umap_sensitivity_scores.tsv.gz	euclidean		30.0	1.0		9	0.35872282399241495	379.76049777702286	0.7991593615410708	579.9537746441849	33	56	0.5892857142857143
UMAP	umap	umap__metric-euclidean__nn-30__mindist-1	metric=euclidean, n_neighbors=30, min_dist=1	False	analysis/umap/umap_sensitivity_scores.tsv.gz	euclidean		30.0	1.0		10	0.3565176030322215	391.8674283161358	0.7979740914587041	506.6977543174203	33	48	0.6875
UMAP	umap	umap__metric-euclidean__nn-50__mindist-0	metric=euclidean, n_neighbors=50, min_dist=0	False	analysis/umap/umap_sensitivity_scores.tsv.gz	euclidean		50.0	0.0		2	0.41484809741384815	389.2053458005427	0.952835510717438	681.9579572723406	198	214	0.9252336448598131
UMAP	umap	umap__metric-euclidean__nn-50__mindist-0	metric=euclidean, n_neighbors=50, min_dist=0	False	analysis/umap/umap_sensitivity_scores.tsv.gz	euclidean		50.0	0.0		3	0.42098663697475813	423.14246029573826	0.8289218107666018	433.1248692864864	106	165	0.6424242424242425
UMAP	umap	umap__metric-euclidean__nn-50__mindist-0	metric=euclidean, n_neighbors=50, min_dist=0	False	analysis/umap/umap_sensitivity_scores.tsv.gz	euclidean		50.0	0.0		4	0.4211012842109374	460.5640276828282	0.7994646073594387	303.04977843442776	96	107	0.897196261682243
UMAP	umap	umap__metric-euclidean__nn-50__mindist-0	metric=euclidean, n_neighbors=50, min_dist=0	False	analysis/umap/umap_sensitivity_scores.tsv.gz	euclidean		50.0	0.0		5	0.43117439357993903	503.81766446627483	0.7631703504898802	223.35921031869955	74	94	0.7872340425531915
UMAP	umap	umap__metric-euclidean__nn-50__mindist-0	metric=euclidean, n_neighbors=50, min_dist=0	False	analysis/umap/umap_sensitivity_scores.tsv.gz	euclidean		50.0	0.0		6	0.43180389189327056	519.5235786771107	0.7761314056619231	179.6856832530657	50	78	0.6410256410256411
UMAP	umap	umap__metric-euclidean__nn-50__mindist-0	metric=euclidean, n_neighbors=50, min_dist=0	False	analysis/umap/umap_sensitivity_scores.tsv.gz	euclidean		50.0	0.0		7	0.4219248754556739	524.8085665095896	0.7733484097673511	151.49136669926693	40	71	0.5633802816901409
UMAP	umap	umap__metric-euclidean__nn-50__mindist-0	metric=euclidean, n_neighbors=50, min_dist=0	False	analysis/umap/umap_sensitivity_scores.tsv.gz	euclidean		50.0	0.0		8	0.42351392340730715	524.7168530514069	0.7658453965141807	131.72580580885008	33	69	0.4782608695652174
UMAP	umap	umap__metric-euclidean__nn-50__mindist-0	metric=euclidean, n_neighbors=50, min_dist=0	False	analysis/umap/umap_sensitivity_scores.tsv.gz	euclidean		50.0	0.0		9	0.40948435893299656	527.867233804755	0.805598192056062	115.80768368793979	30	60	0.5
UMAP	umap	umap__metric-euclidean__nn-50__mindist-0	metric=euclidean, n_neighbors=50, min_dist=0	False	analysis/umap/umap_sensitivity_scores.tsv.gz	euclidean		50.0	0.0		10	0.39002873828044066	524.0734262439514	0.8135830215521132	104.40031852982605	30	48	0.625
UMAP	umap	umap__metric-euclidean__nn-50__mindist-0p1	metric=euclidean, n_neighbors=50, min_dist=0.1	False	analysis/umap/umap_sensitivity_scores.tsv.gz	euclidean		50.0	0.1		2	0.4099532861467994	388.20976372492794	0.9558105323600662	790.8766111456098	196	216	0.9074074074074074
UMAP	umap	umap__metric-euclidean__nn-50__mindist-0p1	metric=euclidean, n_neighbors=50, min_dist=0.1	False	analysis/umap/umap_sensitivity_scores.tsv.gz	euclidean		50.0	0.1		3	0.4008477807925496	391.7848249904431	0.8691676631387316	528.0397145918274	110	161	0.6832298136645962
UMAP	umap	umap__metric-euclidean__nn-50__mindist-0p1	metric=euclidean, n_neighbors=50, min_dist=0.1	False	analysis/umap/umap_sensitivity_scores.tsv.gz	euclidean		50.0	0.1		4	0.41638479949062485	443.3140457318058	0.7925548177809342	361.453040549669	92	109	0.8440366972477065
UMAP	umap	umap__metric-euclidean__nn-50__mindist-0p1	metric=euclidean, n_neighbors=50, min_dist=0.1	False	analysis/umap/umap_sensitivity_scores.tsv.gz	euclidean		50.0	0.1		5	0.4214585845210684	479.59995585783065	0.7673214114671707	269.478304615116	74	89	0.8314606741573034
UMAP	umap	umap__metric-euclidean__nn-50__mindist-0p1	metric=euclidean, n_neighbors=50, min_dist=0.1	False	analysis/umap/umap_sensitivity_scores.tsv.gz	euclidean		50.0	0.1		6	0.41406419757490104	482.90898253438286	0.789651752519557	221.62566224137436	53	76	0.6973684210526315
UMAP	umap	umap__metric-euclidean__nn-50__mindist-0p1	metric=euclidean, n_neighbors=50, min_dist=0.1	False	analysis/umap/umap_sensitivity_scores.tsv.gz	euclidean		50.0	0.1		7	0.4023107588232665	475.98946801798456	0.7899804905181773	191.22279977456947	42	71	0.5915492957746479
UMAP	umap	umap__metric-euclidean__nn-50__mindist-0p1	metric=euclidean, n_neighbors=50, min_dist=0.1	False	analysis/umap/umap_sensitivity_scores.tsv.gz	euclidean		50.0	0.1		8	0.4046759566055942	474.1475778832908	0.7928170428023961	167.07501409933178	35	66	0.5303030303030303
UMAP	umap	umap__metric-euclidean__nn-50__mindist-0p1	metric=euclidean, n_neighbors=50, min_dist=0.1	False	analysis/umap/umap_sensitivity_scores.tsv.gz	euclidean		50.0	0.1		9	0.39071194866273856	478.54792689347875	0.8227967591226689	146.63907044605335	32	60	0.5333333333333333
UMAP	umap	umap__metric-euclidean__nn-50__mindist-0p1	metric=euclidean, n_neighbors=50, min_dist=0.1	False	analysis/umap/umap_sensitivity_scores.tsv.gz	euclidean		50.0	0.1		10	0.381934240291225	485.67713765399174	0.8167419177185036	129.67405039639067	32	52	0.6153846153846154
UMAP	umap	umap__metric-euclidean__nn-50__mindist-0p5	metric=euclidean, n_neighbors=50, min_dist=0.5	False	analysis/umap/umap_sensitivity_scores.tsv.gz	euclidean		50.0	0.5		2	0.39497987594939216	359.6974262921499	0.9867895068801128	1410.6461301301395	197	215	0.9162790697674419
UMAP	umap	umap__metric-euclidean__nn-50__mindist-0p5	metric=euclidean, n_neighbors=50, min_dist=0.5	False	analysis/umap/umap_sensitivity_scores.tsv.gz	euclidean		50.0	0.5		3	0.37858370411774245	353.48236637504965	0.8973057243254795	970.5705232205562	111	155	0.7161290322580646
UMAP	umap	umap__metric-euclidean__nn-50__mindist-0p5	metric=euclidean, n_neighbors=50, min_dist=0.5	False	analysis/umap/umap_sensitivity_scores.tsv.gz	euclidean		50.0	0.5		4	0.38872332956467925	392.75807510838206	0.8081783347245048	681.1396391000983	93	109	0.8532110091743119
UMAP	umap	umap__metric-euclidean__nn-50__mindist-0p5	metric=euclidean, n_neighbors=50, min_dist=0.5	False	analysis/umap/umap_sensitivity_scores.tsv.gz	euclidean		50.0	0.5		5	0.38473912586182113	412.8369475421102	0.7935531560382978	523.6364997648725	71	92	0.7717391304347826
UMAP	umap	umap__metric-euclidean__nn-50__mindist-0p5	metric=euclidean, n_neighbors=50, min_dist=0.5	False	analysis/umap/umap_sensitivity_scores.tsv.gz	euclidean		50.0	0.5		6	0.3808215316897957	414.9517652131807	0.8170868158354946	433.40682682904395	53	87	0.6091954022988506
UMAP	umap	umap__metric-euclidean__nn-50__mindist-0p5	metric=euclidean, n_neighbors=50, min_dist=0.5	False	analysis/umap/umap_sensitivity_scores.tsv.gz	euclidean		50.0	0.5		7	0.3788540479100826	411.37881945514835	0.7964024209807874	373.27800762638935	49	68	0.7205882352941176
UMAP	umap	umap__metric-euclidean__nn-50__mindist-0p5	metric=euclidean, n_neighbors=50, min_dist=0.5	False	analysis/umap/umap_sensitivity_scores.tsv.gz	euclidean		50.0	0.5		8	0.3686257786879714	414.8652904481964	0.8088553244455806	323.41684493277825	41	60	0.6833333333333333
UMAP	umap	umap__metric-euclidean__nn-50__mindist-0p5	metric=euclidean, n_neighbors=50, min_dist=0.5	False	analysis/umap/umap_sensitivity_scores.tsv.gz	euclidean		50.0	0.5		9	0.3545324420819402	414.42828924917546	0.8543748980636914	287.0120468138648	35	55	0.6363636363636364
UMAP	umap	umap__metric-euclidean__nn-50__mindist-0p5	metric=euclidean, n_neighbors=50, min_dist=0.5	False	analysis/umap/umap_sensitivity_scores.tsv.gz	euclidean		50.0	0.5		10	0.3565607540106777	417.4507684847696	0.8230057240116535	255.96786663539095	32	51	0.6274509803921569
UMAP	umap	umap__metric-euclidean__nn-50__mindist-1	metric=euclidean, n_neighbors=50, min_dist=1	False	analysis/umap/umap_sensitivity_scores.tsv.gz	euclidean		50.0	1.0		2	0.38458260503479924	340.5034464796215	1.0109981801536703	2462.594960961693	200	212	0.9433962264150944
UMAP	umap	umap__metric-euclidean__nn-50__mindist-1	metric=euclidean, n_neighbors=50, min_dist=1	False	analysis/umap/umap_sensitivity_scores.tsv.gz	euclidean		50.0	1.0		3	0.3750812389728253	345.1032973517099	0.9005872395936502	1677.2809075417317	117	155	0.7548387096774194
UMAP	umap	umap__metric-euclidean__nn-50__mindist-1	metric=euclidean, n_neighbors=50, min_dist=1	False	analysis/umap/umap_sensitivity_scores.tsv.gz	euclidean		50.0	1.0		4	0.3830117257862495	379.20996325496617	0.8225466936580881	1189.9164710606572	94	114	0.8245614035087719
UMAP	umap	umap__metric-euclidean__nn-50__mindist-1	metric=euclidean, n_neighbors=50, min_dist=1	False	analysis/umap/umap_sensitivity_scores.tsv.gz	euclidean		50.0	1.0		5	0.3730588823413223	385.11542972492396	0.8190458198897529	942.0789509980248	71	92	0.7717391304347826
UMAP	umap	umap__metric-euclidean__nn-50__mindist-1	metric=euclidean, n_neighbors=50, min_dist=1	False	analysis/umap/umap_sensitivity_scores.tsv.gz	euclidean		50.0	1.0		6	0.3648015117569101	387.2611253996319	0.8445080957321919	781.3476180946687	58	83	0.6987951807228916
UMAP	umap	umap__metric-euclidean__nn-50__mindist-1	metric=euclidean, n_neighbors=50, min_dist=1	False	analysis/umap/umap_sensitivity_scores.tsv.gz	euclidean		50.0	1.0		7	0.36558942516709153	387.57595658901295	0.8220494831614856	668.6236020332606	51	66	0.7727272727272727
UMAP	umap	umap__metric-euclidean__nn-50__mindist-1	metric=euclidean, n_neighbors=50, min_dist=1	False	analysis/umap/umap_sensitivity_scores.tsv.gz	euclidean		50.0	1.0		8	0.3578947358193617	388.5448641549665	0.8332606285448887	582.9858475564981	43	60	0.7166666666666667
UMAP	umap	umap__metric-euclidean__nn-50__mindist-1	metric=euclidean, n_neighbors=50, min_dist=1	False	analysis/umap/umap_sensitivity_scores.tsv.gz	euclidean		50.0	1.0		9	0.35331883074400566	384.9690436066359	0.8088554634731965	521.6080353424301	36	52	0.6923076923076923
UMAP	umap	umap__metric-euclidean__nn-50__mindist-1	metric=euclidean, n_neighbors=50, min_dist=1	False	analysis/umap/umap_sensitivity_scores.tsv.gz	euclidean		50.0	1.0		10	0.3540479505941144	386.5615284312664	0.8063770486726813	466.9154187257236	21	49	0.42857142857142855
UMAP	umap	umap__metric-cosine__nn-5__mindist-0	metric=cosine, n_neighbors=5, min_dist=0	False	analysis/umap/umap_sensitivity_scores.tsv.gz	cosine		5.0	0.0		2	0.5062694066636688	515.2017643565321	0.7805037418632659	2422.1899544423054	176	236	0.7457627118644068
UMAP	umap	umap__metric-cosine__nn-5__mindist-0	metric=cosine, n_neighbors=5, min_dist=0	False	analysis/umap/umap_sensitivity_scores.tsv.gz	cosine		5.0	0.0		3	0.5656209325281261	639.2615288707674	0.6113528040008833	1324.7513984316474	76	177	0.4293785310734463
UMAP	umap	umap__metric-cosine__nn-5__mindist-0	metric=cosine, n_neighbors=5, min_dist=0	False	analysis/umap/umap_sensitivity_scores.tsv.gz	cosine		5.0	0.0		4	0.5269938351472516	664.4599183376603	0.7052835845445761	928.6672118999145	76	155	0.49032258064516127
UMAP	umap	umap__metric-cosine__nn-5__mindist-0	metric=cosine, n_neighbors=5, min_dist=0	False	analysis/umap/umap_sensitivity_scores.tsv.gz	cosine		5.0	0.0		5	0.5305775586644427	697.131785148947	0.7246263039571735	696.1658139940237	48	139	0.34532374100719426
UMAP	umap	umap__metric-cosine__nn-5__mindist-0	metric=cosine, n_neighbors=5, min_dist=0	False	analysis/umap/umap_sensitivity_scores.tsv.gz	cosine		5.0	0.0		6	0.5081991566464215	766.1064763127479	0.7126482138774527	523.8130301569444	31	93	0.3333333333333333
UMAP	umap	umap__metric-cosine__nn-5__mindist-0	metric=cosine, n_neighbors=5, min_dist=0	False	analysis/umap/umap_sensitivity_scores.tsv.gz	cosine		5.0	0.0		7	0.5237620806830231	813.2654286658623	0.6389583073918466	418.89416168959445	21	91	0.23076923076923078
UMAP	umap	umap__metric-cosine__nn-5__mindist-0	metric=cosine, n_neighbors=5, min_dist=0	False	analysis/umap/umap_sensitivity_scores.tsv.gz	cosine		5.0	0.0		8	0.5452753256192039	870.556988627019	0.6189636353798621	339.8358628756247	21	91	0.23076923076923078
UMAP	umap	umap__metric-cosine__nn-5__mindist-0	metric=cosine, n_neighbors=5, min_dist=0	False	analysis/umap/umap_sensitivity_scores.tsv.gz	cosine		5.0	0.0		9	0.5655740409536809	1000.3556845625448	0.5710860125417869	262.0501654258543	14	91	0.15384615384615385
UMAP	umap	umap__metric-cosine__nn-5__mindist-0	metric=cosine, n_neighbors=5, min_dist=0	False	analysis/umap/umap_sensitivity_scores.tsv.gz	cosine		5.0	0.0		10	0.5352053988436836	1042.6101122632974	0.6201925961491027	224.54543226340718	14	66	0.21212121212121213
UMAP	umap	umap__metric-cosine__nn-5__mindist-0p1	metric=cosine, n_neighbors=5, min_dist=0.1	False	analysis/umap/umap_sensitivity_scores.tsv.gz	cosine		5.0	0.1		2	0.41874227149463855	305.2411187073339	1.0118859494480277	2879.656961831449	183	229	0.7991266375545851
UMAP	umap	umap__metric-cosine__nn-5__mindist-0p1	metric=cosine, n_neighbors=5, min_dist=0.1	False	analysis/umap/umap_sensitivity_scores.tsv.gz	cosine		5.0	0.1		3	0.5439817579600412	556.4550030214084	0.632485900370368	1350.005908446888	78	185	0.42162162162162165
UMAP	umap	umap__metric-cosine__nn-5__mindist-0p1	metric=cosine, n_neighbors=5, min_dist=0.1	False	analysis/umap/umap_sensitivity_scores.tsv.gz	cosine		5.0	0.1		4	0.5042219728027193	606.5125213593811	0.7373485350206689	920.1030285697836	77	145	0.5310344827586206
UMAP	umap	umap__metric-cosine__nn-5__mindist-0p1	metric=cosine, n_neighbors=5, min_dist=0.1	False	analysis/umap/umap_sensitivity_scores.tsv.gz	cosine		5.0	0.1		5	0.4646690116661022	591.6554093549207	0.7861074231826032	737.137535292061	64	108	0.5925925925925926
UMAP	umap	umap__metric-cosine__nn-5__mindist-0p1	metric=cosine, n_neighbors=5, min_dist=0.1	False	analysis/umap/umap_sensitivity_scores.tsv.gz	cosine		5.0	0.1		6	0.4603732198183425	581.2094286983921	0.7781262073567544	615.7874836796512	31	97	0.31958762886597936
UMAP	umap	umap__metric-cosine__nn-5__mindist-0p1	metric=cosine, n_neighbors=5, min_dist=0.1	False	analysis/umap/umap_sensitivity_scores.tsv.gz	cosine		5.0	0.1		7	0.45582926379530103	607.4327435071119	0.7568917565090282	502.3941902780298	23	97	0.23711340206185566
UMAP	umap	umap__metric-cosine__nn-5__mindist-0p1	metric=cosine, n_neighbors=5, min_dist=0.1	False	analysis/umap/umap_sensitivity_scores.tsv.gz	cosine		5.0	0.1		8	0.45232205951555754	639.2231776402887	0.7509608901470355	415.9976223299782	23	91	0.25274725274725274
UMAP	umap	umap__metric-cosine__nn-5__mindist-0p1	metric=cosine, n_neighbors=5, min_dist=0.1	False	analysis/umap/umap_sensitivity_scores.tsv.gz	cosine		5.0	0.1		9	0.462002871983507	686.5126170349669	0.7214092521136932	343.41173700647835	23	72	0.3194444444444444
UMAP	umap	umap__metric-cosine__nn-5__mindist-0p1	metric=cosine, n_neighbors=5, min_dist=0.1	False	analysis/umap/umap_sensitivity_scores.tsv.gz	cosine		5.0	0.1		10	0.47646318472690413	711.1850053820581	0.6719206750356002	296.857686900062	14	72	0.19444444444444445
UMAP	umap	umap__metric-cosine__nn-5__mindist-0p5	metric=cosine, n_neighbors=5, min_dist=0.5	False	analysis/umap/umap_sensitivity_scores.tsv.gz	cosine		5.0	0.5		2	0.4511225015377892	449.0591613737285	0.8670502419920293	3338.4993577432306	192	220	0.8727272727272727
UMAP	umap	umap__metric-cosine__nn-5__mindist-0p5	metric=cosine, n_neighbors=5, min_dist=0.5	False	analysis/umap/umap_sensitivity_scores.tsv.gz	cosine		5.0	0.5		3	0.4517999440413019	439.3049452997312	0.7689712005579029	2221.9256269901075	79	181	0.43646408839779005
UMAP	umap	umap__metric-cosine__nn-5__mindist-0p5	metric=cosine, n_neighbors=5, min_dist=0.5	False	analysis/umap/umap_sensitivity_scores.tsv.gz	cosine		5.0	0.5		4	0.43682809145901336	502.55699467235524	0.7869978071683388	1489.8061265632734	80	117	0.6837606837606838
UMAP	umap	umap__metric-cosine__nn-5__mindist-0p5	metric=cosine, n_neighbors=5, min_dist=0.5	False	analysis/umap/umap_sensitivity_scores.tsv.gz	cosine		5.0	0.5		5	0.43895547777655003	494.67838847846775	0.7642089348132028	1193.346669291776	51	117	0.4358974358974359
UMAP	umap	umap__metric-cosine__nn-5__mindist-0p5	metric=cosine, n_neighbors=5, min_dist=0.5	False	analysis/umap/umap_sensitivity_scores.tsv.gz	cosine		5.0	0.5		6	0.4110436733237424	507.41405506184077	0.8011543410727806	964.9746736435766	53	90	0.5888888888888889
UMAP	umap	umap__metric-cosine__nn-5__mindist-0p5	metric=cosine, n_neighbors=5, min_dist=0.5	False	analysis/umap/umap_sensitivity_scores.tsv.gz	cosine		5.0	0.5		7	0.417574361717253	495.1289817015737	0.7858517387464429	839.2129702828188	45	90	0.5
UMAP	umap	umap__metric-cosine__nn-5__mindist-0p5	metric=cosine, n_neighbors=5, min_dist=0.5	False	analysis/umap/umap_sensitivity_scores.tsv.gz	cosine		5.0	0.5		8	0.4114183338548965	501.67195135920866	0.8175387974845371	721.7089019283742	31	81	0.38271604938271603
UMAP	umap	umap__metric-cosine__nn-5__mindist-0p5	metric=cosine, n_neighbors=5, min_dist=0.5	False	analysis/umap/umap_sensitivity_scores.tsv.gz	cosine		5.0	0.5		9	0.408891938002069	513.3432893127008	0.8082832297848446	625.0912904567414	26	61	0.4262295081967213
UMAP	umap	umap__metric-cosine__nn-5__mindist-0p5	metric=cosine, n_neighbors=5, min_dist=0.5	False	analysis/umap/umap_sensitivity_scores.tsv.gz	cosine		5.0	0.5		10	0.41323652574898767	528.7894401985835	0.7542236554300631	544.8461364695461	28	48	0.5833333333333334
UMAP	umap	umap__metric-cosine__nn-5__mindist-1	metric=cosine, n_neighbors=5, min_dist=1	False	analysis/umap/umap_sensitivity_scores.tsv.gz	cosine		5.0	1.0		2	0.4105061543761483	350.9327879385877	0.9888948246945942	5200.979150297812	201	211	0.95260663507109
UMAP	umap	umap__metric-cosine__nn-5__mindist-1	metric=cosine, n_neighbors=5, min_dist=1	False	analysis/umap/umap_sensitivity_scores.tsv.gz	cosine		5.0	1.0		3	0.4127564511252925	353.5555766252195	0.7882934784084205	3537.1591497288246	77	189	0.4074074074074074
UMAP	umap	umap__metric-cosine__nn-5__mindist-1	metric=cosine, n_neighbors=5, min_dist=1	False	analysis/umap/umap_sensitivity_scores.tsv.gz	cosine		5.0	1.0		4	0.41503825546317474	418.22594552099747	0.8243739486398232	2368.5949346300513	77	132	0.5833333333333334
UMAP	umap	umap__metric-cosine__nn-5__mindist-1	metric=cosine, n_neighbors=5, min_dist=1	False	analysis/umap/umap_sensitivity_scores.tsv.gz	cosine		5.0	1.0		5	0.3965776000437873	416.1133421399223	0.8375267690766408	1896.5224537528043	74	101	0.7326732673267327
UMAP	umap	umap__metric-cosine__nn-5__mindist-1	metric=cosine, n_neighbors=5, min_dist=1	False	analysis/umap/umap_sensitivity_scores.tsv.gz	cosine		5.0	1.0		6	0.39314036527677537	416.17087189108014	0.7921595079300241	1575.8483540644957	52	88	0.5909090909090909
UMAP	umap	umap__metric-cosine__nn-5__mindist-1	metric=cosine, n_neighbors=5, min_dist=1	False	analysis/umap/umap_sensitivity_scores.tsv.gz	cosine		5.0	1.0		7	0.37832734916209343	418.1318483211756	0.8335011322592436	1341.6380077592842	46	67	0.6865671641791045
UMAP	umap	umap__metric-cosine__nn-5__mindist-1	metric=cosine, n_neighbors=5, min_dist=1	False	analysis/umap/umap_sensitivity_scores.tsv.gz	cosine		5.0	1.0		8	0.37131825922548184	406.33469510859993	0.8169969033387732	1200.4891595008553	16	71	0.22535211267605634
UMAP	umap	umap__metric-cosine__nn-5__mindist-1	metric=cosine, n_neighbors=5, min_dist=1	False	analysis/umap/umap_sensitivity_scores.tsv.gz	cosine		5.0	1.0		9	0.3574078436204278	403.1148832261271	0.8443987470843306	1072.22566156949	36	69	0.5217391304347826
UMAP	umap	umap__metric-cosine__nn-5__mindist-1	metric=cosine, n_neighbors=5, min_dist=1	False	analysis/umap/umap_sensitivity_scores.tsv.gz	cosine		5.0	1.0		10	0.34072496773883326	402.11608935272085	0.8897794327901651	964.9968187869603	34	49	0.6938775510204082
UMAP	umap	umap__metric-cosine__nn-15__mindist-0	metric=cosine, n_neighbors=15, min_dist=0	False	analysis/umap/umap_sensitivity_scores.tsv.gz	cosine		15.0	0.0		2	0.5222518316554393	613.8371868286991	0.7339426909258712	1251.875125906909	184	228	0.8070175438596491
UMAP	umap	umap__metric-cosine__nn-15__mindist-0	metric=cosine, n_neighbors=15, min_dist=0	False	analysis/umap/umap_sensitivity_scores.tsv.gz	cosine		15.0	0.0		3	0.5379282668488072	659.5449434148912	0.6489320368301467	739.8863795102666	78	187	0.41711229946524064
UMAP	umap	umap__metric-cosine__nn-15__mindist-0	metric=cosine, n_neighbors=15, min_dist=0	False	analysis/umap/umap_sensitivity_scores.tsv.gz	cosine		15.0	0.0		4	0.5230081254192321	770.1349913554207	0.6919286780863012	469.19573965918823	72	137	0.5255474452554745
UMAP	umap	umap__metric-cosine__nn-15__mindist-0	metric=cosine, n_neighbors=15, min_dist=0	False	analysis/umap/umap_sensitivity_scores.tsv.gz	cosine		15.0	0.0		5	0.48463108278867645	768.0970886953976	0.7568135233533934	365.67860940764234	67	110	0.6090909090909091
UMAP	umap	umap__metric-cosine__nn-15__mindist-0	metric=cosine, n_neighbors=15, min_dist=0	False	analysis/umap/umap_sensitivity_scores.tsv.gz	cosine		15.0	0.0		6	0.48082451132262055	779.0616709463903	0.7886491982239985	295.0757428108669	46	97	0.4742268041237113
UMAP	umap	umap__metric-cosine__nn-15__mindist-0	metric=cosine, n_neighbors=15, min_dist=0	False	analysis/umap/umap_sensitivity_scores.tsv.gz	cosine		15.0	0.0		7	0.4835028851709339	793.7029002292459	0.6952531321462229	245.0227118680039	22	80	0.275
UMAP	umap	umap__metric-cosine__nn-15__mindist-0	metric=cosine, n_neighbors=15, min_dist=0	False	analysis/umap/umap_sensitivity_scores.tsv.gz	cosine		15.0	0.0		8	0.4832327091735005	811.4738255997854	0.6644158045509712	207.57622079769027	15	80	0.1875
UMAP	umap	umap__metric-cosine__nn-15__mindist-0	metric=cosine, n_neighbors=15, min_dist=0	False	analysis/umap/umap_sensitivity_scores.tsv.gz	cosine		15.0	0.0		9	0.49403437249554905	833.6576773410656	0.6459754301917738	178.13727056118003	15	79	0.189873417721519
UMAP	umap	umap__metric-cosine__nn-15__mindist-0	metric=cosine, n_neighbors=15, min_dist=0	False	analysis/umap/umap_sensitivity_scores.tsv.gz	cosine		15.0	0.0		10	0.4859681765501073	892.9829192466191	0.6727877186206677	148.9193152482232	15	56	0.26785714285714285
UMAP	umap	umap__metric-cosine__nn-15__mindist-0p1	metric=cosine, n_neighbors=15, min_dist=0.1	False	analysis/umap/umap_sensitivity_scores.tsv.gz	cosine		15.0	0.1		2	0.48068950144555084	490.78403119223594	0.8120228446104819	1413.8244564537906	174	238	0.7310924369747899
UMAP	umap	umap__metric-cosine__nn-15__mindist-0p1	metric=cosine, n_neighbors=15, min_dist=0.1	False	analysis/umap/umap_sensitivity_scores.tsv.gz	cosine		15.0	0.1		3	0.4918759297658693	526.5516523672653	0.6985474773873565	868.9155331592417	80	177	0.4519774011299435
UMAP	umap	umap__metric-cosine__nn-15__mindist-0p1	metric=cosine, n_neighbors=15, min_dist=0.1	False	analysis/umap/umap_sensitivity_scores.tsv.gz	cosine		15.0	0.1		4	0.4907132436497489	622.2426947662331	0.723560075938706	557.1382621948375	78	125	0.624
UMAP	umap	umap__metric-cosine__nn-15__mindist-0p1	metric=cosine, n_neighbors=15, min_dist=0.1	False	analysis/umap/umap_sensitivity_scores.tsv.gz	cosine		15.0	0.1		5	0.45118968491153943	618.9989845085721	0.7868782093661932	438.51321968862567	76	97	0.7835051546391752
UMAP	umap	umap__metric-cosine__nn-15__mindist-0p1	metric=cosine, n_neighbors=15, min_dist=0.1	False	analysis/umap/umap_sensitivity_scores.tsv.gz	cosine		15.0	0.1		6	0.4570451140283283	620.3581651755042	0.7638561578498037	359.521326390901	39	97	0.4020618556701031
UMAP	umap	umap__metric-cosine__nn-15__mindist-0p1	metric=cosine, n_neighbors=15, min_dist=0.1	False	analysis/umap/umap_sensitivity_scores.tsv.gz	cosine		15.0	0.1		7	0.4510564755743439	616.9515565509859	0.7342175498714629	306.3327072274901	25	80	0.3125
UMAP	umap	umap__metric-cosine__nn-15__mindist-0p1	metric=cosine, n_neighbors=15, min_dist=0.1	False	analysis/umap/umap_sensitivity_scores.tsv.gz	cosine		15.0	0.1		8	0.4423027833035348	618.2555172635172	0.7155121994693149	265.2090508571099	15	80	0.1875
UMAP	umap	umap__metric-cosine__nn-15__mindist-0p1	metric=cosine, n_neighbors=15, min_dist=0.1	False	analysis/umap/umap_sensitivity_scores.tsv.gz	cosine		15.0	0.1		9	0.45580602729969033	639.4818239856883	0.7172774946620185	226.82368731292726	15	74	0.20270270270270271
UMAP	umap	umap__metric-cosine__nn-15__mindist-0p1	metric=cosine, n_neighbors=15, min_dist=0.1	False	analysis/umap/umap_sensitivity_scores.tsv.gz	cosine		15.0	0.1		10	0.4561298937871752	670.7466178648477	0.7292012290531947	193.93618805290146	15	73	0.2054794520547945
UMAP	umap	umap__metric-cosine__nn-15__mindist-0p5	metric=cosine, n_neighbors=15, min_dist=0.5	False	analysis/umap/umap_sensitivity_scores.tsv.gz	cosine		15.0	0.5		2	0.42811686549905265	396.19683680638474	0.9257126999756923	2185.7583052709306	201	211	0.95260663507109
UMAP	umap	umap__metric-cosine__nn-15__mindist-0p5	metric=cosine, n_neighbors=15, min_dist=0.5	False	analysis/umap/umap_sensitivity_scores.tsv.gz	cosine		15.0	0.5		3	0.43126904353079343	422.480404867273	0.8170926691834168	1401.840861185713	91	166	0.5481927710843374
UMAP	umap	umap__metric-cosine__nn-15__mindist-0p5	metric=cosine, n_neighbors=15, min_dist=0.5	False	analysis/umap/umap_sensitivity_scores.tsv.gz	cosine		15.0	0.5		4	0.42542739679949537	457.85653701198083	0.7865557644922275	984.275641113152	87	130	0.6692307692307692
UMAP	umap	umap__metric-cosine__nn-15__mindist-0p5	metric=cosine, n_neighbors=15, min_dist=0.5	False	analysis/umap/umap_sensitivity_scores.tsv.gz	cosine		15.0	0.5		5	0.3971627267084813	453.6334444154475	0.8377716967846434	787.4098779672579	69	98	0.7040816326530612
UMAP	umap	umap__metric-cosine__nn-15__mindist-0p5	metric=cosine, n_neighbors=15, min_dist=0.5	False	analysis/umap/umap_sensitivity_scores.tsv.gz	cosine		15.0	0.5		6	0.4026699621782256	454.6514665555346	0.822635834893899	651.2848501336209	58	90	0.6444444444444445
UMAP	umap	umap__metric-cosine__nn-15__mindist-0p5	metric=cosine, n_neighbors=15, min_dist=0.5	False	analysis/umap/umap_sensitivity_scores.tsv.gz	cosine		15.0	0.5		7	0.38671377551557956	449.2640816028996	0.8465566412226563	561.3979512427369	41	72	0.5694444444444444
UMAP	umap	umap__metric-cosine__nn-15__mindist-0p5	metric=cosine, n_neighbors=15, min_dist=0.5	False	analysis/umap/umap_sensitivity_scores.tsv.gz	cosine		15.0	0.5		8	0.38731634102395424	455.15454308349865	0.8143166703019	483.65578997073726	26	70	0.37142857142857144
UMAP	umap	umap__metric-cosine__nn-15__mindist-0p5	metric=cosine, n_neighbors=15, min_dist=0.5	False	analysis/umap/umap_sensitivity_scores.tsv.gz	cosine		15.0	0.5		9	0.38449089754505306	459.2280258238607	0.8118090191085179	424.85666089880283	24	60	0.4
UMAP	umap	umap__metric-cosine__nn-15__mindist-0p5	metric=cosine, n_neighbors=15, min_dist=0.5	False	analysis/umap/umap_sensitivity_scores.tsv.gz	cosine		15.0	0.5		10	0.40057085253454716	475.5005681927035	0.7609560354216173	369.06250173549716	15	54	0.2777777777777778
UMAP	umap	umap__metric-cosine__nn-15__mindist-1	metric=cosine, n_neighbors=15, min_dist=1	False	analysis/umap/umap_sensitivity_scores.tsv.gz	cosine		15.0	1.0		2	0.4103254251529347	361.8026595786237	0.9707769949718693	3623.806696953806	203	209	0.9712918660287081
UMAP	umap	umap__metric-cosine__nn-15__mindist-1	metric=cosine, n_neighbors=15, min_dist=1	False	analysis/umap/umap_sensitivity_scores.tsv.gz	cosine		15.0	1.0		3	0.4116195593535661	383.6538059207836	0.8317948375943228	2371.8642978853186	93	164	0.5670731707317073
UMAP	umap	umap__metric-cosine__nn-15__mindist-1	metric=cosine, n_neighbors=15, min_dist=1	False	analysis/umap/umap_sensitivity_scores.tsv.gz	cosine		15.0	1.0		4	0.39915630742725644	410.39480205077206	0.830315750793196	1697.930018588228	92	131	0.7022900763358778
UMAP	umap	umap__metric-cosine__nn-15__mindist-1	metric=cosine, n_neighbors=15, min_dist=1	False	analysis/umap/umap_sensitivity_scores.tsv.gz	cosine		15.0	1.0		5	0.378217369228457	413.29567136342433	0.855580319578394	1347.646890812643	74	94	0.7872340425531915
UMAP	umap	umap__metric-cosine__nn-15__mindist-1	metric=cosine, n_neighbors=15, min_dist=1	False	analysis/umap/umap_sensitivity_scores.tsv.gz	cosine		15.0	1.0		6	0.3921728113485594	419.2130821587793	0.8126171091982606	1106.9163739523985	60	82	0.7317073170731707
UMAP	umap	umap__metric-cosine__nn-15__mindist-1	metric=cosine, n_neighbors=15, min_dist=1	False	analysis/umap/umap_sensitivity_scores.tsv.gz	cosine		15.0	1.0		7	0.3739385987737359	412.3149475463557	0.8452533390753427	959.6600965245962	41	75	0.5466666666666666
UMAP	umap	umap__metric-cosine__nn-15__mindist-1	metric=cosine, n_neighbors=15, min_dist=1	False	analysis/umap/umap_sensitivity_scores.tsv.gz	cosine		15.0	1.0		8	0.3702251383525926	413.23249702093165	0.8352559471259422	835.9858528271309	36	70	0.5142857142857142
UMAP	umap	umap__metric-cosine__nn-15__mindist-1	metric=cosine, n_neighbors=15, min_dist=1	False	analysis/umap/umap_sensitivity_scores.tsv.gz	cosine		15.0	1.0		9	0.3660374025688168	416.1603494453281	0.8216132814192108	736.5766386261266	30	56	0.5357142857142857
UMAP	umap	umap__metric-cosine__nn-15__mindist-1	metric=cosine, n_neighbors=15, min_dist=1	False	analysis/umap/umap_sensitivity_scores.tsv.gz	cosine		15.0	1.0		10	0.36467671536280283	416.0598267285543	0.8430884908901735	661.3445737016393	31	50	0.62
UMAP	umap	umap__metric-cosine__nn-30__mindist-0	metric=cosine, n_neighbors=30, min_dist=0	False	analysis/umap/umap_sensitivity_scores.tsv.gz	cosine		30.0	0.0		2	0.5113986547075355	631.2007159661052	0.743837609368314	920.2790203128131	199	213	0.9342723004694836
UMAP	umap	umap__metric-cosine__nn-30__mindist-0	metric=cosine, n_neighbors=30, min_dist=0	False	analysis/umap/umap_sensitivity_scores.tsv.gz	cosine		30.0	0.0		3	0.5070358541726103	674.6847202682666	0.7474688950398996	543.6048258121343	102	164	0.6219512195121951
UMAP	umap	umap__metric-cosine__nn-30__mindist-0	metric=cosine, n_neighbors=30, min_dist=0	False	analysis/umap/umap_sensitivity_scores.tsv.gz	cosine		30.0	0.0		4	0.49790771262372524	710.7567108435279	0.7400932740487435	375.36206871208344	82	142	0.5774647887323944
UMAP	umap	umap__metric-cosine__nn-30__mindist-0	metric=cosine, n_neighbors=30, min_dist=0	False	analysis/umap/umap_sensitivity_scores.tsv.gz	cosine		30.0	0.0		5	0.4680886296894523	743.869400798629	0.7325026191711936	281.2092502057742	66	92	0.717391304347826
UMAP	umap	umap__metric-cosine__nn-30__mindist-0	metric=cosine, n_neighbors=30, min_dist=0	False	analysis/umap/umap_sensitivity_scores.tsv.gz	cosine		30.0	0.0		6	0.4728545857524563	766.9897394129155	0.7551380934327838	223.73459266009644	38	90	0.4222222222222222
UMAP	umap	umap__metric-cosine__nn-30__mindist-0	metric=cosine, n_neighbors=30, min_dist=0	False	analysis/umap/umap_sensitivity_scores.tsv.gz	cosine		30.0	0.0		7	0.4571345946024491	745.0208838589904	0.7927035548684033	194.150880022658	22	90	0.24444444444444444
UMAP	umap	umap__metric-cosine__nn-30__mindist-0	metric=cosine, n_neighbors=30, min_dist=0	False	analysis/umap/umap_sensitivity_scores.tsv.gz	cosine		30.0	0.0		8	0.45568520449169825	746.4374985065732	0.7476085419523892	167.73180404010205	21	88	0.23863636363636365
UMAP	umap	umap__metric-cosine__nn-30__mindist-0	metric=cosine, n_neighbors=30, min_dist=0	False	analysis/umap/umap_sensitivity_scores.tsv.gz	cosine		30.0	0.0		9	0.4330864142902207	766.8704977809512	0.7767525469891082	144.05642912400887	21	73	0.2876712328767123
UMAP	umap	umap__metric-cosine__nn-30__mindist-0	metric=cosine, n_neighbors=30, min_dist=0	False	analysis/umap/umap_sensitivity_scores.tsv.gz	cosine		30.0	0.0		10	0.4495125037420189	797.6737732571024	0.7440550617083509	123.92702246861859	21	63	0.3333333333333333
UMAP	umap	umap__metric-cosine__nn-30__mindist-0p1	metric=cosine, n_neighbors=30, min_dist=0.1	False	analysis/umap/umap_sensitivity_scores.tsv.gz	cosine		30.0	0.1		2	0.4860061877060996	543.7640137717749	0.802869812445086	1006.13634949337	198	214	0.9252336448598131
UMAP	umap	umap__metric-cosine__nn-30__mindist-0p1	metric=cosine, n_neighbors=30, min_dist=0.1	False	analysis/umap/umap_sensitivity_scores.tsv.gz	cosine		30.0	0.1		3	0.4760149220719094	541.0717325690032	0.7886559347327061	641.974522959861	96	168	0.5714285714285714
UMAP	umap	umap__metric-cosine__nn-30__mindist-0p1	metric=cosine, n_neighbors=30, min_dist=0.1	False	analysis/umap/umap_sensitivity_scores.tsv.gz	cosine		30.0	0.1		4	0.47120598996353114	592.1922246065951	0.7400321505578268	437.12614793655484	84	126	0.6666666666666666
UMAP	umap	umap__metric-cosine__nn-30__mindist-0p1	metric=cosine, n_neighbors=30, min_dist=0.1	False	analysis/umap/umap_sensitivity_scores.tsv.gz	cosine		30.0	0.1		5	0.4502444242604543	618.8276445664438	0.7629685169956796	330.497020371156	68	95	0.7157894736842105
UMAP	umap	umap__metric-cosine__nn-30__mindist-0p1	metric=cosine, n_neighbors=30, min_dist=0.1	False	analysis/umap/umap_sensitivity_scores.tsv.gz	cosine		30.0	0.1		6	0.44682090492184984	619.9550690138024	0.7704947842873406	271.05402827362434	41	88	0.4659090909090909
UMAP	umap	umap__metric-cosine__nn-30__mindist-0p1	metric=cosine, n_neighbors=30, min_dist=0.1	False	analysis/umap/umap_sensitivity_scores.tsv.gz	cosine		30.0	0.1		7	0.435067583114253	608.4011605560045	0.7862810010702583	233.74078352071328	38	88	0.4318181818181818
UMAP	umap	umap__metric-cosine__nn-30__mindist-0p1	metric=cosine, n_neighbors=30, min_dist=0.1	False	analysis/umap/umap_sensitivity_scores.tsv.gz	cosine		30.0	0.1		8	0.4367410062346316	618.3668237167198	0.7680317664221503	199.8013593165153	25	84	0.2976190476190476
UMAP	umap	umap__metric-cosine__nn-30__mindist-0p1	metric=cosine, n_neighbors=30, min_dist=0.1	False	analysis/umap/umap_sensitivity_scores.tsv.gz	cosine		30.0	0.1		9	0.41550064797195635	625.4772309542662	0.8013391803679883	174.45250994032816	25	72	0.3472222222222222
UMAP	umap	umap__metric-cosine__nn-30__mindist-0p1	metric=cosine, n_neighbors=30, min_dist=0.1	False	analysis/umap/umap_sensitivity_scores.tsv.gz	cosine		30.0	0.1		10	0.4218441014781354	646.9266771620432	0.7935260605910113	151.16340071935244	23	58	0.39655172413793105
UMAP	umap	umap__metric-cosine__nn-30__mindist-0p5	metric=cosine, n_neighbors=30, min_dist=0.5	False	analysis/umap/umap_sensitivity_scores.tsv.gz	cosine		30.0	0.5		2	0.4295304452129029	403.38302019345605	0.9262996431821464	1766.6802069799521	205	207	0.9903381642512077
UMAP	umap	umap__metric-cosine__nn-30__mindist-0p5	metric=cosine, n_neighbors=30, min_dist=0.5	False	analysis/umap/umap_sensitivity_scores.tsv.gz	cosine		30.0	0.5		3	0.4235718702671165	418.2154330416008	0.8290673264276268	1150.9935023302733	95	162	0.5864197530864198
UMAP	umap	umap__metric-cosine__nn-30__mindist-0p5	metric=cosine, n_neighbors=30, min_dist=0.5	False	analysis/umap/umap_sensitivity_scores.tsv.gz	cosine		30.0	0.5		4	0.41519009375522614	444.1819925715777	0.8054392125689517	821.5686369485112	88	120	0.7333333333333333
UMAP	umap	umap__metric-cosine__nn-30__mindist-0p5	metric=cosine, n_neighbors=30, min_dist=0.5	False	analysis/umap/umap_sensitivity_scores.tsv.gz	cosine		30.0	0.5		5	0.40468323079026114	468.1575361201526	0.8270686419544978	625.7476204659904	68	96	0.7083333333333334
UMAP	umap	umap__metric-cosine__nn-30__mindist-0p5	metric=cosine, n_neighbors=30, min_dist=0.5	False	analysis/umap/umap_sensitivity_scores.tsv.gz	cosine		30.0	0.5		6	0.40638661548973226	464.3187714043023	0.8165269261089289	521.6936116724942	57	79	0.7215189873417721
UMAP	umap	umap__metric-cosine__nn-30__mindist-0p5	metric=cosine, n_neighbors=30, min_dist=0.5	False	analysis/umap/umap_sensitivity_scores.tsv.gz	cosine		30.0	0.5		7	0.3911913843639419	463.37602748799185	0.8207471474050584	445.6355686768904	44	73	0.6027397260273972
UMAP	umap	umap__metric-cosine__nn-30__mindist-0p5	metric=cosine, n_neighbors=30, min_dist=0.5	False	analysis/umap/umap_sensitivity_scores.tsv.gz	cosine		30.0	0.5		8	0.3863979278673904	459.6613792318276	0.8030557695951883	390.9727745424851	26	73	0.3561643835616438
UMAP	umap	umap__metric-cosine__nn-30__mindist-0p5	metric=cosine, n_neighbors=30, min_dist=0.5	False	analysis/umap/umap_sensitivity_scores.tsv.gz	cosine		30.0	0.5		9	0.3690570807317179	465.93684743018326	0.8415936870854931	341.9575188564186	25	58	0.43103448275862066
UMAP	umap	umap__metric-cosine__nn-30__mindist-0p5	metric=cosine, n_neighbors=30, min_dist=0.5	False	analysis/umap/umap_sensitivity_scores.tsv.gz	cosine		30.0	0.5		10	0.3796450342359068	471.1953422241398	0.7836944156036767	303.4723916555939	23	53	0.4339622641509434
UMAP	umap	umap__metric-cosine__nn-30__mindist-1	metric=cosine, n_neighbors=30, min_dist=1	False	analysis/umap/umap_sensitivity_scores.tsv.gz	cosine		30.0	1.0		2	0.41318477357849426	370.1146987635494	0.9629222501176478	3013.9459400921032	206	206	1.0
UMAP	umap	umap__metric-cosine__nn-30__mindist-1	metric=cosine, n_neighbors=30, min_dist=1	False	analysis/umap/umap_sensitivity_scores.tsv.gz	cosine		30.0	1.0		3	0.4044334314485378	380.09873605704473	0.8507678495833878	2006.067318439435	96	159	0.6037735849056604
UMAP	umap	umap__metric-cosine__nn-30__mindist-1	metric=cosine, n_neighbors=30, min_dist=1	False	analysis/umap/umap_sensitivity_scores.tsv.gz	cosine		30.0	1.0		4	0.39619490961154874	407.69509366673503	0.8195508468740829	1434.4768929806096	90	114	0.7894736842105263
UMAP	umap	umap__metric-cosine__nn-30__mindist-1	metric=cosine, n_neighbors=30, min_dist=1	False	analysis/umap/umap_sensitivity_scores.tsv.gz	cosine		30.0	1.0		5	0.38433339989652754	423.2559702468964	0.8424931198080593	1111.4251964808377	71	91	0.7802197802197802
UMAP	umap	umap__metric-cosine__nn-30__mindist-1	metric=cosine, n_neighbors=30, min_dist=1	False	analysis/umap/umap_sensitivity_scores.tsv.gz	cosine		30.0	1.0		6	0.3843932502089464	412.09713254516316	0.8233448986437374	943.9684966315581	59	79	0.7468354430379747
UMAP	umap	umap__metric-cosine__nn-30__mindist-1	metric=cosine, n_neighbors=30, min_dist=1	False	analysis/umap/umap_sensitivity_scores.tsv.gz	cosine		30.0	1.0		7	0.3732788922068473	413.54456095834166	0.8265183238623729	804.6898561902717	43	72	0.5972222222222222
UMAP	umap	umap__metric-cosine__nn-30__mindist-1	metric=cosine, n_neighbors=30, min_dist=1	False	analysis/umap/umap_sensitivity_scores.tsv.gz	cosine		30.0	1.0		8	0.3654977054083516	410.75406213578196	0.8105011119147723	706.5015752383265	34	70	0.4857142857142857
UMAP	umap	umap__metric-cosine__nn-30__mindist-1	metric=cosine, n_neighbors=30, min_dist=1	False	analysis/umap/umap_sensitivity_scores.tsv.gz	cosine		30.0	1.0		9	0.3481914467204416	413.5428148008243	0.8484121638794824	622.7074641968939	27	59	0.4576271186440678
UMAP	umap	umap__metric-cosine__nn-30__mindist-1	metric=cosine, n_neighbors=30, min_dist=1	False	analysis/umap/umap_sensitivity_scores.tsv.gz	cosine		30.0	1.0		10	0.3594953238790319	419.54007751850867	0.7996591749424715	551.8005897506752	27	51	0.5294117647058824
UMAP	umap	umap__metric-cosine__nn-50__mindist-0	metric=cosine, n_neighbors=50, min_dist=0	False	analysis/umap/umap_sensitivity_scores.tsv.gz	cosine		50.0	0.0		2	0.5705125641110892	775.0400699276752	0.5938155698056514	884.4990548038746	147	265	0.5547169811320755
UMAP	umap	umap__metric-cosine__nn-50__mindist-0	metric=cosine, n_neighbors=50, min_dist=0	False	analysis/umap/umap_sensitivity_scores.tsv.gz	cosine		50.0	0.0		3	0.5368792930777432	882.6166674760663	0.7006964425497649	480.9436984891039	95	172	0.5523255813953488
UMAP	umap	umap__metric-cosine__nn-50__mindist-0	metric=cosine, n_neighbors=50, min_dist=0	False	analysis/umap/umap_sensitivity_scores.tsv.gz	cosine		50.0	0.0		4	0.5295823409904401	875.729333753427	0.7295798665860542	343.653774473289	81	143	0.5664335664335665
UMAP	umap	umap__metric-cosine__nn-50__mindist-0	metric=cosine, n_neighbors=50, min_dist=0	False	analysis/umap/umap_sensitivity_scores.tsv.gz	cosine		50.0	0.0		5	0.47364544333083497	939.612413573004	0.7677069827499621	249.7923141031639	59	93	0.6344086021505376
UMAP	umap	umap__metric-cosine__nn-50__mindist-0	metric=cosine, n_neighbors=50, min_dist=0	False	analysis/umap/umap_sensitivity_scores.tsv.gz	cosine		50.0	0.0		6	0.48251343438786903	985.4818127823477	0.7424056843150538	194.61113736909806	45	90	0.5
UMAP	umap	umap__metric-cosine__nn-50__mindist-0	metric=cosine, n_neighbors=50, min_dist=0	False	analysis/umap/umap_sensitivity_scores.tsv.gz	cosine		50.0	0.0		7	0.4666654153121069	933.4827782417642	0.7543236158365444	172.39462423750444	22	89	0.24719101123595505
UMAP	umap	umap__metric-cosine__nn-50__mindist-0	metric=cosine, n_neighbors=50, min_dist=0	False	analysis/umap/umap_sensitivity_scores.tsv.gz	cosine		50.0	0.0		8	0.44531534176298426	914.3260782864653	0.774132035575737	151.79084463485282	25	90	0.2777777777777778
UMAP	umap	umap__metric-cosine__nn-50__mindist-0	metric=cosine, n_neighbors=50, min_dist=0	False	analysis/umap/umap_sensitivity_scores.tsv.gz	cosine		50.0	0.0		9	0.420048239747719	923.3770099357175	0.7914227587945182	132.25534840238916	21	74	0.28378378378378377
UMAP	umap	umap__metric-cosine__nn-50__mindist-0	metric=cosine, n_neighbors=50, min_dist=0	False	analysis/umap/umap_sensitivity_scores.tsv.gz	cosine		50.0	0.0		10	0.42872005071716707	938.2145505893717	0.7786866259843386	116.17938139038247	21	53	0.39622641509433965
UMAP	umap	umap__metric-cosine__nn-50__mindist-0p1	metric=cosine, n_neighbors=50, min_dist=0.1	False	analysis/umap/umap_sensitivity_scores.tsv.gz	cosine		50.0	0.1		2	0.4893815425738895	561.0071586766485	0.7925147641962618	949.1492517020368	202	210	0.9619047619047619
UMAP	umap	umap__metric-cosine__nn-50__mindist-0p1	metric=cosine, n_neighbors=50, min_dist=0.1	False	analysis/umap/umap_sensitivity_scores.tsv.gz	cosine		50.0	0.1		3	0.47576630468903575	551.9722092773479	0.747167739165501	607.6778677259061	83	177	0.4689265536723164
UMAP	umap	umap__metric-cosine__nn-50__mindist-0p1	metric=cosine, n_neighbors=50, min_dist=0.1	False	analysis/umap/umap_sensitivity_scores.tsv.gz	cosine		50.0	0.1		4	0.4625895810822889	574.9195471146787	0.7828827223189248	430.02285428651544	80	143	0.5594405594405595
UMAP	umap	umap__metric-cosine__nn-50__mindist-0p1	metric=cosine, n_neighbors=50, min_dist=0.1	False	analysis/umap/umap_sensitivity_scores.tsv.gz	cosine		50.0	0.1		5	0.4583270004533465	642.619182896295	0.7634184232926089	307.2692622413143	71	100	0.71
UMAP	umap	umap__metric-cosine__nn-50__mindist-0p1	metric=cosine, n_neighbors=50, min_dist=0.1	False	analysis/umap/umap_sensitivity_scores.tsv.gz	cosine		50.0	0.1		6	0.45654663956427505	645.0446207182164	0.7757928797499929	251.33107297983787	43	85	0.5058823529411764
UMAP	umap	umap__metric-cosine__nn-50__mindist-0p1	metric=cosine, n_neighbors=50, min_dist=0.1	False	analysis/umap/umap_sensitivity_scores.tsv.gz	cosine		50.0	0.1		7	0.4419202933785049	625.422191695346	0.7666705896839721	218.97391702502927	37	82	0.45121951219512196
UMAP	umap	umap__metric-cosine__nn-50__mindist-0p1	metric=cosine, n_neighbors=50, min_dist=0.1	False	analysis/umap/umap_sensitivity_scores.tsv.gz	cosine		50.0	0.1		8	0.4316581073997088	624.0334591932772	0.7751166473247273	190.29733212236894	25	83	0.30120481927710846
UMAP	umap	umap__metric-cosine__nn-50__mindist-0p1	metric=cosine, n_neighbors=50, min_dist=0.1	False	analysis/umap/umap_sensitivity_scores.tsv.gz	cosine		50.0	0.1		9	0.427162305552088	628.2118075756083	0.7887430713440913	166.87171584775172	30	82	0.36585365853658536
UMAP	umap	umap__metric-cosine__nn-50__mindist-0p1	metric=cosine, n_neighbors=50, min_dist=0.1	False	analysis/umap/umap_sensitivity_scores.tsv.gz	cosine		50.0	0.1		10	0.4030616535653135	647.8228131786448	0.8198941253278133	144.9918022751513	30	52	0.5769230769230769
UMAP	umap	umap__metric-cosine__nn-50__mindist-0p5	metric=cosine, n_neighbors=50, min_dist=0.5	False	analysis/umap/umap_sensitivity_scores.tsv.gz	cosine		50.0	0.5		2	0.4524430145509084	472.29940235195113	0.8606397437470069	1661.5958684090187	204	208	0.9807692307692307
UMAP	umap	umap__metric-cosine__nn-50__mindist-0p5	metric=cosine, n_neighbors=50, min_dist=0.5	False	analysis/umap/umap_sensitivity_scores.tsv.gz	cosine		50.0	0.5		3	0.4293119629903116	455.9374212954711	0.8244095141378632	1107.1823943181591	92	172	0.5348837209302325
UMAP	umap	umap__metric-cosine__nn-50__mindist-0p5	metric=cosine, n_neighbors=50, min_dist=0.5	False	analysis/umap/umap_sensitivity_scores.tsv.gz	cosine		50.0	0.5		4	0.4247998031488422	482.85244467758184	0.8168129714695168	785.7951237154966	85	135	0.6296296296296297
UMAP	umap	umap__metric-cosine__nn-50__mindist-0p5	metric=cosine, n_neighbors=50, min_dist=0.5	False	analysis/umap/umap_sensitivity_scores.tsv.gz	cosine		50.0	0.5		5	0.4139361967561544	516.1339873197593	0.7998690382032925	588.8233305173679	75	89	0.8426966292134831
UMAP	umap	umap__metric-cosine__nn-50__mindist-0p5	metric=cosine, n_neighbors=50, min_dist=0.5	False	analysis/umap/umap_sensitivity_scores.tsv.gz	cosine		50.0	0.5		6	0.41421197765431467	506.0831662576886	0.8057806395509064	494.3858233040554	55	83	0.6626506024096386
UMAP	umap	umap__metric-cosine__nn-50__mindist-0p5	metric=cosine, n_neighbors=50, min_dist=0.5	False	analysis/umap/umap_sensitivity_scores.tsv.gz	cosine		50.0	0.5		7	0.3863588674826054	488.1218171208041	0.8625157475827548	434.3921959320919	42	76	0.5526315789473685
UMAP	umap	umap__metric-cosine__nn-50__mindist-0p5	metric=cosine, n_neighbors=50, min_dist=0.5	False	analysis/umap/umap_sensitivity_scores.tsv.gz	cosine		50.0	0.5		8	0.38513606865092387	485.8392147804302	0.8196742084649111	379.6632491645248	34	74	0.4594594594594595
UMAP	umap	umap__metric-cosine__nn-50__mindist-0p5	metric=cosine, n_neighbors=50, min_dist=0.5	False	analysis/umap/umap_sensitivity_scores.tsv.gz	cosine		50.0	0.5		9	0.36629915860747364	483.32894836606926	0.8620039946997202	337.49875521493095	34	61	0.5573770491803278
UMAP	umap	umap__metric-cosine__nn-50__mindist-0p5	metric=cosine, n_neighbors=50, min_dist=0.5	False	analysis/umap/umap_sensitivity_scores.tsv.gz	cosine		50.0	0.5		10	0.3647554761436567	489.9036889908593	0.8665688480320487	298.769461362504	31	51	0.6078431372549019
UMAP	umap	umap__metric-cosine__nn-50__mindist-1	metric=cosine, n_neighbors=50, min_dist=1	False	analysis/umap/umap_sensitivity_scores.tsv.gz	cosine		50.0	1.0		2	0.4258716095196372	406.35358224391626	0.9240941903635617	2817.181748114218	205	207	0.9903381642512077
UMAP	umap	umap__metric-cosine__nn-50__mindist-1	metric=cosine, n_neighbors=50, min_dist=1	False	analysis/umap/umap_sensitivity_scores.tsv.gz	cosine		50.0	1.0		3	0.4088582518152511	403.4104815136494	0.8553282229134416	1886.9612988668218	98	161	0.6086956521739131
UMAP	umap	umap__metric-cosine__nn-50__mindist-1	metric=cosine, n_neighbors=50, min_dist=1	False	analysis/umap/umap_sensitivity_scores.tsv.gz	cosine		50.0	1.0		4	0.40158470221272236	426.794993305922	0.818741768322703	1355.4952350815433	90	127	0.7086614173228346
UMAP	umap	umap__metric-cosine__nn-50__mindist-1	metric=cosine, n_neighbors=50, min_dist=1	False	analysis/umap/umap_sensitivity_scores.tsv.gz	cosine		50.0	1.0		5	0.3918979210530175	449.1979288869591	0.827329880072738	1035.9365954747389	72	93	0.7741935483870968
UMAP	umap	umap__metric-cosine__nn-50__mindist-1	metric=cosine, n_neighbors=50, min_dist=1	False	analysis/umap/umap_sensitivity_scores.tsv.gz	cosine		50.0	1.0		6	0.3958852337018763	442.1908944316365	0.8250441360100543	870.2402746579702	61	80	0.7625
UMAP	umap	umap__metric-cosine__nn-50__mindist-1	metric=cosine, n_neighbors=50, min_dist=1	False	analysis/umap/umap_sensitivity_scores.tsv.gz	cosine		50.0	1.0		7	0.3741888733522594	430.9425217579493	0.8055883468865662	759.6228154466536	46	77	0.5974025974025974
UMAP	umap	umap__metric-cosine__nn-50__mindist-1	metric=cosine, n_neighbors=50, min_dist=1	False	analysis/umap/umap_sensitivity_scores.tsv.gz	cosine		50.0	1.0		8	0.3615353644079635	422.8107914974164	0.8400705189664557	673.7155634369618	38	71	0.5352112676056338
UMAP	umap	umap__metric-cosine__nn-50__mindist-1	metric=cosine, n_neighbors=50, min_dist=1	False	analysis/umap/umap_sensitivity_scores.tsv.gz	cosine		50.0	1.0		9	0.3526687456413785	420.1672081074908	0.8613472920553316	600.5176620459465	35	60	0.5833333333333334
UMAP	umap	umap__metric-cosine__nn-50__mindist-1	metric=cosine, n_neighbors=50, min_dist=1	False	analysis/umap/umap_sensitivity_scores.tsv.gz	cosine		50.0	1.0		10	0.3547185388426089	426.27267611417045	0.8274514508921446	532.019906337339	33	57	0.5789473684210527
UMAP	umap	umap__metric-canberra__nn-5__mindist-0	metric=canberra, n_neighbors=5, min_dist=0	False	analysis/umap/umap_sensitivity_scores.tsv.gz	canberra		5.0	0.0		2	0.6325737826109075	1082.2934374244617	0.5517824181069471	1742.9483290427802	200	212	0.9433962264150944
UMAP	umap	umap__metric-canberra__nn-5__mindist-0	metric=canberra, n_neighbors=5, min_dist=0	False	analysis/umap/umap_sensitivity_scores.tsv.gz	canberra		5.0	0.0		3	0.5925114156299757	922.4624212756188	0.5552908480839601	1151.1681424804403	48	212	0.22641509433962265
UMAP	umap	umap__metric-canberra__nn-5__mindist-0	metric=canberra, n_neighbors=5, min_dist=0	False	analysis/umap/umap_sensitivity_scores.tsv.gz	canberra		5.0	0.0		4	0.5419987951613818	1071.3504647405066	0.6890331300625951	714.5957673348473	48	152	0.3157894736842105
UMAP	umap	umap__metric-canberra__nn-5__mindist-0	metric=canberra, n_neighbors=5, min_dist=0	False	analysis/umap/umap_sensitivity_scores.tsv.gz	canberra		5.0	0.0		5	0.48052968186418554	1038.9085637676078	0.7702355500611956	565.8921079638187	48	118	0.4067796610169492
UMAP	umap	umap__metric-canberra__nn-5__mindist-0	metric=canberra, n_neighbors=5, min_dist=0	False	analysis/umap/umap_sensitivity_scores.tsv.gz	canberra		5.0	0.0		6	0.4919878155017211	1096.183376134808	0.707859296317164	437.51506769441386	17	108	0.1574074074074074
UMAP	umap	umap__metric-canberra__nn-5__mindist-0	metric=canberra, n_neighbors=5, min_dist=0	False	analysis/umap/umap_sensitivity_scores.tsv.gz	canberra		5.0	0.0		7	0.4956200487893306	1137.8603058546607	0.6629219237933912	355.25628673985346	17	103	0.1650485436893204
UMAP	umap	umap__metric-canberra__nn-5__mindist-0	metric=canberra, n_neighbors=5, min_dist=0	False	analysis/umap/umap_sensitivity_scores.tsv.gz	canberra		5.0	0.0		8	0.501550702678366	1202.3861922389128	0.6581477923875864	290.5581311717531	17	94	0.18085106382978725
UMAP	umap	umap__metric-canberra__nn-5__mindist-0	metric=canberra, n_neighbors=5, min_dist=0	False	analysis/umap/umap_sensitivity_scores.tsv.gz	canberra		5.0	0.0		9	0.4929732917980142	1259.5983874539916	0.6849699236905933	243.95373460578654	17	73	0.2328767123287671
UMAP	umap	umap__metric-canberra__nn-5__mindist-0	metric=canberra, n_neighbors=5, min_dist=0	False	analysis/umap/umap_sensitivity_scores.tsv.gz	canberra		5.0	0.0		10	0.500568388754988	1371.1644757816719	0.6587012874282159	200.13680739329513	17	73	0.2328767123287671
UMAP	umap	umap__metric-canberra__nn-5__mindist-0p1	metric=canberra, n_neighbors=5, min_dist=0.1	False	analysis/umap/umap_sensitivity_scores.tsv.gz	canberra		5.0	0.1		2	0.5876330834415922	887.1134120392195	0.5919131715869952	1759.5564263979138	172	240	0.7166666666666667
UMAP	umap	umap__metric-canberra__nn-5__mindist-0p1	metric=canberra, n_neighbors=5, min_dist=0.1	False	analysis/umap/umap_sensitivity_scores.tsv.gz	canberra		5.0	0.1		3	0.49020261116176866	737.4574224251961	0.8187313132962665	1208.5352758251888	104	169	0.6153846153846154
UMAP	umap	umap__metric-canberra__nn-5__mindist-0p1	metric=canberra, n_neighbors=5, min_dist=0.1	False	analysis/umap/umap_sensitivity_scores.tsv.gz	canberra		5.0	0.1		4	0.46305451425939376	724.3267971539501	0.8137296454280403	879.9798948096382	56	145	0.38620689655172413
UMAP	umap	umap__metric-canberra__nn-5__mindist-0p1	metric=canberra, n_neighbors=5, min_dist=0.1	False	analysis/umap/umap_sensitivity_scores.tsv.gz	canberra		5.0	0.1		5	0.4659769973464531	679.8993390392898	0.7993426544948126	724.6357308063796	37	128	0.2890625
UMAP	umap	umap__metric-canberra__nn-5__mindist-0p1	metric=canberra, n_neighbors=5, min_dist=0.1	False	analysis/umap/umap_sensitivity_scores.tsv.gz	canberra		5.0	0.1		6	0.4144037531420665	698.7139373010029	0.8866477120090122	579.5709907863531	42	92	0.45652173913043476
UMAP	umap	umap__metric-canberra__nn-5__mindist-0p1	metric=canberra, n_neighbors=5, min_dist=0.1	False	analysis/umap/umap_sensitivity_scores.tsv.gz	canberra		5.0	0.1		7	0.42726744374830883	712.9919105873703	0.8162184185073647	481.4294555774399	40	79	0.5063291139240507
UMAP	umap	umap__metric-canberra__nn-5__mindist-0p1	metric=canberra, n_neighbors=5, min_dist=0.1	False	analysis/umap/umap_sensitivity_scores.tsv.gz	canberra		5.0	0.1		8	0.4478880509480232	737.3369929424814	0.7497014349811695	404.0968606473348	17	79	0.21518987341772153
UMAP	umap	umap__metric-canberra__nn-5__mindist-0p1	metric=canberra, n_neighbors=5, min_dist=0.1	False	analysis/umap/umap_sensitivity_scores.tsv.gz	canberra		5.0	0.1		9	0.4614267439043535	765.2667499105326	0.7125962882750327	343.8055658764892	17	75	0.22666666666666666
UMAP	umap	umap__metric-canberra__nn-5__mindist-0p1	metric=canberra, n_neighbors=5, min_dist=0.1	False	analysis/umap/umap_sensitivity_scores.tsv.gz	canberra		5.0	0.1		10	0.46455780150573983	802.9058613641093	0.7033398416840946	293.3620715851245	17	58	0.29310344827586204
UMAP	umap	umap__metric-canberra__nn-5__mindist-0p5	metric=canberra, n_neighbors=5, min_dist=0.5	False	analysis/umap/umap_sensitivity_scores.tsv.gz	canberra		5.0	0.5		2	0.47152026564806465	485.46450177101366	0.8209425547284535	2795.2116557430445	178	234	0.7606837606837606
UMAP	umap	umap__metric-canberra__nn-5__mindist-0p5	metric=canberra, n_neighbors=5, min_dist=0.5	False	analysis/umap/umap_sensitivity_scores.tsv.gz	canberra		5.0	0.5		3	0.44241419962358225	476.5527916450704	0.8195754509676526	1833.1236094958838	109	171	0.6374269005847953
UMAP	umap	umap__metric-canberra__nn-5__mindist-0p5	metric=canberra, n_neighbors=5, min_dist=0.5	False	analysis/umap/umap_sensitivity_scores.tsv.gz	canberra		5.0	0.5		4	0.39980589886714196	448.8918616205585	0.8845427345068495	1419.5233669091692	63	132	0.4772727272727273
UMAP	umap	umap__metric-canberra__nn-5__mindist-0p5	metric=canberra, n_neighbors=5, min_dist=0.5	False	analysis/umap/umap_sensitivity_scores.tsv.gz	canberra		5.0	0.5		5	0.40094759503319427	461.7304531072657	0.8079921218507703	1102.3887656862562	50	110	0.45454545454545453
UMAP	umap	umap__metric-canberra__nn-5__mindist-0p5	metric=canberra, n_neighbors=5, min_dist=0.5	False	analysis/umap/umap_sensitivity_scores.tsv.gz	canberra		5.0	0.5		6	0.3745179844974047	464.05419285169154	0.8583263742462385	909.1514409067626	48	89	0.5393258426966292
UMAP	umap	umap__metric-canberra__nn-5__mindist-0p5	metric=canberra, n_neighbors=5, min_dist=0.5	False	analysis/umap/umap_sensitivity_scores.tsv.gz	canberra		5.0	0.5		7	0.3923290819538652	471.47219024216827	0.7985328868307489	764.5689056943004	39	75	0.52
UMAP	umap	umap__metric-canberra__nn-5__mindist-0p5	metric=canberra, n_neighbors=5, min_dist=0.5	False	analysis/umap/umap_sensitivity_scores.tsv.gz	canberra		5.0	0.5		8	0.39400840456004976	484.94150042236856	0.7893972791813983	649.2890862913112	34	69	0.4927536231884058
UMAP	umap	umap__metric-canberra__nn-5__mindist-0p5	metric=canberra, n_neighbors=5, min_dist=0.5	False	analysis/umap/umap_sensitivity_scores.tsv.gz	canberra		5.0	0.5		9	0.3776062806042499	485.5936463560881	0.8114732109446325	573.7925306562167	34	52	0.6538461538461539
UMAP	umap	umap__metric-canberra__nn-5__mindist-0p5	metric=canberra, n_neighbors=5, min_dist=0.5	False	analysis/umap/umap_sensitivity_scores.tsv.gz	canberra		5.0	0.5		10	0.3870816596135251	486.8352275258485	0.7956253535298565	513.0479339306385	32	52	0.6153846153846154
UMAP	umap	umap__metric-canberra__nn-5__mindist-1	metric=canberra, n_neighbors=5, min_dist=1	False	analysis/umap/umap_sensitivity_scores.tsv.gz	canberra		5.0	1.0		2	0.4341252574556918	401.96620619672143	0.9083215771979297	4862.21183828522	182	230	0.7913043478260869
UMAP	umap	umap__metric-canberra__nn-5__mindist-1	metric=canberra, n_neighbors=5, min_dist=1	False	analysis/umap/umap_sensitivity_scores.tsv.gz	canberra		5.0	1.0		3	0.41811390146226907	414.3514127524824	0.8400307832510236	3181.961346789781	121	165	0.7333333333333333
UMAP	umap	umap__metric-canberra__nn-5__mindist-1	metric=canberra, n_neighbors=5, min_dist=1	False	analysis/umap/umap_sensitivity_scores.tsv.gz	canberra		5.0	1.0		4	0.3837014476244693	394.64585550304867	0.8624126228970217	2467.8690180647736	71	129	0.5503875968992248
UMAP	umap	umap__metric-canberra__nn-5__mindist-1	metric=canberra, n_neighbors=5, min_dist=1	False	analysis/umap/umap_sensitivity_scores.tsv.gz	canberra		5.0	1.0		5	0.37487932328958073	404.3292235931772	0.833223507242511	1935.9934501795658	61	96	0.6354166666666666
UMAP	umap	umap__metric-canberra__nn-5__mindist-1	metric=canberra, n_neighbors=5, min_dist=1	False	analysis/umap/umap_sensitivity_scores.tsv.gz	canberra		5.0	1.0		6	0.34923851213175566	400.3582268350125	0.8842766462512724	1623.660392555136	53	86	0.6162790697674418
UMAP	umap	umap__metric-canberra__nn-5__mindist-1	metric=canberra, n_neighbors=5, min_dist=1	False	analysis/umap/umap_sensitivity_scores.tsv.gz	canberra		5.0	1.0		7	0.3577501605078865	402.62104335082546	0.820050033647014	1382.5538489057108	48	66	0.7272727272727273
UMAP	umap	umap__metric-canberra__nn-5__mindist-1	metric=canberra, n_neighbors=5, min_dist=1	False	analysis/umap/umap_sensitivity_scores.tsv.gz	canberra		5.0	1.0		8	0.36276624882450587	414.0800867077345	0.813343133270197	1177.9274508810213	44	64	0.6875
UMAP	umap	umap__metric-canberra__nn-5__mindist-1	metric=canberra, n_neighbors=5, min_dist=1	False	analysis/umap/umap_sensitivity_scores.tsv.gz	canberra		5.0	1.0		9	0.37330855533099605	420.10411721985156	0.8219225439258184	1031.0095349110557	35	54	0.6481481481481481
UMAP	umap	umap__metric-canberra__nn-5__mindist-1	metric=canberra, n_neighbors=5, min_dist=1	False	analysis/umap/umap_sensitivity_scores.tsv.gz	canberra		5.0	1.0		10	0.36719483461165364	422.26501513494964	0.792779305358829	921.1241641789532	34	49	0.6938775510204082
UMAP	umap	umap__metric-canberra__nn-15__mindist-0	metric=canberra, n_neighbors=15, min_dist=0	False	analysis/umap/umap_sensitivity_scores.tsv.gz	canberra		15.0	0.0		2	0.5476435185941734	747.1440277219132	0.6713255856179635	988.748237546726	186	226	0.8230088495575221
UMAP	umap	umap__metric-canberra__nn-15__mindist-0	metric=canberra, n_neighbors=15, min_dist=0	False	analysis/umap/umap_sensitivity_scores.tsv.gz	canberra		15.0	0.0		3	0.5059010738896779	641.6725891245985	0.7340272210986897	674.4094443837139	71	198	0.35858585858585856
UMAP	umap	umap__metric-canberra__nn-15__mindist-0	metric=canberra, n_neighbors=15, min_dist=0	False	analysis/umap/umap_sensitivity_scores.tsv.gz	canberra		15.0	0.0		4	0.4869507587295744	723.1016503071354	0.7459351199033446	441.75720235674737	58	139	0.4172661870503597
UMAP	umap	umap__metric-canberra__nn-15__mindist-0	metric=canberra, n_neighbors=15, min_dist=0	False	analysis/umap/umap_sensitivity_scores.tsv.gz	canberra		15.0	0.0		5	0.45311761140067464	712.7836781677172	0.7589784168910526	348.5897847295986	49	110	0.44545454545454544
UMAP	umap	umap__metric-canberra__nn-15__mindist-0	metric=canberra, n_neighbors=15, min_dist=0	False	analysis/umap/umap_sensitivity_scores.tsv.gz	canberra		15.0	0.0		6	0.4517731197320066	748.232702254526	0.7601853927436126	273.1895977578754	36	101	0.3564356435643564
UMAP	umap	umap__metric-canberra__nn-15__mindist-0	metric=canberra, n_neighbors=15, min_dist=0	False	analysis/umap/umap_sensitivity_scores.tsv.gz	canberra		15.0	0.0		7	0.42280146512802014	748.9443900043002	0.8494398945606113	230.71001501308461	36	82	0.43902439024390244
UMAP	umap	umap__metric-canberra__nn-15__mindist-0	metric=canberra, n_neighbors=15, min_dist=0	False	analysis/umap/umap_sensitivity_scores.tsv.gz	canberra		15.0	0.0		8	0.4248989960596303	752.6305581810923	0.843555592881709	198.7479857169365	26	82	0.3170731707317073
UMAP	umap	umap__metric-canberra__nn-15__mindist-0	metric=canberra, n_neighbors=15, min_dist=0	False	analysis/umap/umap_sensitivity_scores.tsv.gz	canberra		15.0	0.0		9	0.4339604569089625	785.0983843574677	0.7978074177151098	168.25645087093363	26	67	0.3880597014925373
UMAP	umap	umap__metric-canberra__nn-15__mindist-0	metric=canberra, n_neighbors=15, min_dist=0	False	analysis/umap/umap_sensitivity_scores.tsv.gz	canberra		15.0	0.0		10	0.44850323536071607	832.6140366794916	0.7567874430895781	142.08042606163488	29	60	0.48333333333333334
UMAP	umap	umap__metric-canberra__nn-15__mindist-0p1	metric=canberra, n_neighbors=15, min_dist=0.1	False	analysis/umap/umap_sensitivity_scores.tsv.gz	canberra		15.0	0.1		2	0.524226952171244	681.8000517082626	0.7026653439134056	1198.771399701721	178	234	0.7606837606837606
UMAP	umap	umap__metric-canberra__nn-15__mindist-0p1	metric=canberra, n_neighbors=15, min_dist=0.1	False	analysis/umap/umap_sensitivity_scores.tsv.gz	canberra		15.0	0.1		3	0.48197399041030703	625.4322312885238	0.7940391913618329	786.5861731144249	83	184	0.45108695652173914
UMAP	umap	umap__metric-canberra__nn-15__mindist-0p1	metric=canberra, n_neighbors=15, min_dist=0.1	False	analysis/umap/umap_sensitivity_scores.tsv.gz	canberra		15.0	0.1		4	0.4941261640056726	693.0062526309353	0.6960241177159093	523.6929519329494	79	137	0.5766423357664233
UMAP	umap	umap__metric-canberra__nn-15__mindist-0p1	metric=canberra, n_neighbors=15, min_dist=0.1	False	analysis/umap/umap_sensitivity_scores.tsv.gz	canberra		15.0	0.1		5	0.4541929996700865	717.2906333812705	0.7419682946054635	396.57432769732907	55	94	0.5851063829787234
UMAP	umap	umap__metric-canberra__nn-15__mindist-0p1	metric=canberra, n_neighbors=15, min_dist=0.1	False	analysis/umap/umap_sensitivity_scores.tsv.gz	canberra		15.0	0.1		6	0.44446078281577284	730.5237443705765	0.7604230839377274	319.33270955163533	55	94	0.5851063829787234
UMAP	umap	umap__metric-canberra__nn-15__mindist-0p1	metric=canberra, n_neighbors=15, min_dist=0.1	False	analysis/umap/umap_sensitivity_scores.tsv.gz	canberra		15.0	0.1		7	0.4314514624391242	709.7209742645938	0.8055492253734334	277.23935998080987	49	92	0.532608695652174
UMAP	umap	umap__metric-canberra__nn-15__mindist-0p1	metric=canberra, n_neighbors=15, min_dist=0.1	False	analysis/umap/umap_sensitivity_scores.tsv.gz	canberra		15.0	0.1		8	0.4203418440569238	717.7713039750199	0.8166661323089583	237.57745179944985	44	57	0.7719298245614035
UMAP	umap	umap__metric-canberra__nn-15__mindist-0p1	metric=canberra, n_neighbors=15, min_dist=0.1	False	analysis/umap/umap_sensitivity_scores.tsv.gz	canberra		15.0	0.1		9	0.4192463247034017	723.7929904504665	0.8261693790547678	207.7186423577263	28	52	0.5384615384615384
UMAP	umap	umap__metric-canberra__nn-15__mindist-0p1	metric=canberra, n_neighbors=15, min_dist=0.1	False	analysis/umap/umap_sensitivity_scores.tsv.gz	canberra		15.0	0.1		10	0.4295544295136276	744.2899657819366	0.7600208954466636	180.72824819971314	28	52	0.5384615384615384
UMAP	umap	umap__metric-canberra__nn-15__mindist-0p5	metric=canberra, n_neighbors=15, min_dist=0.5	False	analysis/umap/umap_sensitivity_scores.tsv.gz	canberra		15.0	0.5		2	0.4580918681412188	476.0945904050482	0.8454990521542192	1971.005974748868	185	227	0.8149779735682819
UMAP	umap	umap__metric-canberra__nn-15__mindist-0p5	metric=canberra, n_neighbors=15, min_dist=0.5	False	analysis/umap/umap_sensitivity_scores.tsv.gz	canberra		15.0	0.5		3	0.40553859251486946	432.60914801941624	0.8834828464877088	1367.299454678635	111	154	0.7207792207792207
UMAP	umap	umap__metric-canberra__nn-15__mindist-0p5	metric=canberra, n_neighbors=15, min_dist=0.5	False	analysis/umap/umap_sensitivity_scores.tsv.gz	canberra		15.0	0.5		4	0.419008974044491	468.0569848677268	0.7771167003535242	959.0586508050752	82	123	0.6666666666666666
UMAP	umap	umap__metric-canberra__nn-15__mindist-0p5	metric=canberra, n_neighbors=15, min_dist=0.5	False	analysis/umap/umap_sensitivity_scores.tsv.gz	canberra		15.0	0.5		5	0.38988924637023903	469.2698309364356	0.8216029432223613	759.0447766678789	72	94	0.7659574468085106
UMAP	umap	umap__metric-canberra__nn-15__mindist-0p5	metric=canberra, n_neighbors=15, min_dist=0.5	False	analysis/umap/umap_sensitivity_scores.tsv.gz	canberra		15.0	0.5		6	0.38886885913188773	482.5166174583435	0.8010047456049095	613.5915373282546	53	91	0.5824175824175825
UMAP	umap	umap__metric-canberra__nn-15__mindist-0p5	metric=canberra, n_neighbors=15, min_dist=0.5	False	analysis/umap/umap_sensitivity_scores.tsv.gz	canberra		15.0	0.5		7	0.39341187090683355	476.568302908151	0.8049556618288202	528.4872536014493	46	79	0.5822784810126582
UMAP	umap	umap__metric-canberra__nn-15__mindist-0p5	metric=canberra, n_neighbors=15, min_dist=0.5	False	analysis/umap/umap_sensitivity_scores.tsv.gz	canberra		15.0	0.5		8	0.38182317608794253	483.1252580783441	0.8369782942174038	454.56820610510067	36	67	0.5373134328358209
UMAP	umap	umap__metric-canberra__nn-15__mindist-0p5	metric=canberra, n_neighbors=15, min_dist=0.5	False	analysis/umap/umap_sensitivity_scores.tsv.gz	canberra		15.0	0.5		9	0.38893276772235597	478.8649163870546	0.7911764414164963	405.45871181666905	33	63	0.5238095238095238
UMAP	umap	umap__metric-canberra__nn-15__mindist-0p5	metric=canberra, n_neighbors=15, min_dist=0.5	False	analysis/umap/umap_sensitivity_scores.tsv.gz	canberra		15.0	0.5		10	0.3761885784082902	483.36070823652153	0.8218999919810335	360.33900445038614	29	54	0.5370370370370371
UMAP	umap	umap__metric-canberra__nn-15__mindist-1	metric=canberra, n_neighbors=15, min_dist=1	False	analysis/umap/umap_sensitivity_scores.tsv.gz	canberra		15.0	1.0		2	0.4507094268946117	462.2286374638153	0.857450716151632	3405.2177658492355	182	230	0.7913043478260869
UMAP	umap	umap__metric-canberra__nn-15__mindist-1	metric=canberra, n_neighbors=15, min_dist=1	False	analysis/umap/umap_sensitivity_scores.tsv.gz	canberra		15.0	1.0		3	0.3955968057954402	415.62769920500887	0.8950958009603637	2388.930731715096	112	150	0.7466666666666667
UMAP	umap	umap__metric-canberra__nn-15__mindist-1	metric=canberra, n_neighbors=15, min_dist=1	False	analysis/umap/umap_sensitivity_scores.tsv.gz	canberra		15.0	1.0		4	0.4030120020929597	440.50276584369175	0.8029911339877469	1708.9481588029935	85	117	0.7264957264957265
UMAP	umap	umap__metric-canberra__nn-15__mindist-1	metric=canberra, n_neighbors=15, min_dist=1	False	analysis/umap/umap_sensitivity_scores.tsv.gz	canberra		15.0	1.0		5	0.37722166137028107	443.1241230103639	0.8446158726771126	1352.7875891195238	69	95	0.7263157894736842
UMAP	umap	umap__metric-canberra__nn-15__mindist-1	metric=canberra, n_neighbors=15, min_dist=1	False	analysis/umap/umap_sensitivity_scores.tsv.gz	canberra		15.0	1.0		6	0.37659133096312125	454.7283571318243	0.8251899033050648	1097.5913291719196	61	81	0.7530864197530864
UMAP	umap	umap__metric-canberra__nn-15__mindist-1	metric=canberra, n_neighbors=15, min_dist=1	False	analysis/umap/umap_sensitivity_scores.tsv.gz	canberra		15.0	1.0		7	0.38328209158549165	447.14577288815354	0.791302537819205	950.1381105377695	49	76	0.6447368421052632
UMAP	umap	umap__metric-canberra__nn-15__mindist-1	metric=canberra, n_neighbors=15, min_dist=1	False	analysis/umap/umap_sensitivity_scores.tsv.gz	canberra		15.0	1.0		8	0.3682261295336466	453.3299545204887	0.8369000441404951	818.1184795853844	45	57	0.7894736842105263
UMAP	umap	umap__metric-canberra__nn-15__mindist-1	metric=canberra, n_neighbors=15, min_dist=1	False	analysis/umap/umap_sensitivity_scores.tsv.gz	canberra		15.0	1.0		9	0.372830074075506	452.00894729267515	0.8021392228185376	726.391377985851	35	61	0.5737704918032787
UMAP	umap	umap__metric-canberra__nn-15__mindist-1	metric=canberra, n_neighbors=15, min_dist=1	False	analysis/umap/umap_sensitivity_scores.tsv.gz	canberra		15.0	1.0		10	0.36088274972990864	447.46918589666734	0.798274344674087	657.4911539183621	34	52	0.6538461538461539
UMAP	umap	umap__metric-canberra__nn-30__mindist-0	metric=canberra, n_neighbors=30, min_dist=0	False	analysis/umap/umap_sensitivity_scores.tsv.gz	canberra		30.0	0.0		2	0.577806354706945	910.2062277297939	0.6102834706992579	824.2992656824865	183	229	0.7991266375545851
UMAP	umap	umap__metric-canberra__nn-30__mindist-0	metric=canberra, n_neighbors=30, min_dist=0	False	analysis/umap/umap_sensitivity_scores.tsv.gz	canberra		30.0	0.0		3	0.5041483918495525	756.2735139841105	0.7553468353830265	564.9566480081005	73	192	0.3802083333333333
UMAP	umap	umap__metric-canberra__nn-30__mindist-0	metric=canberra, n_neighbors=30, min_dist=0	False	analysis/umap/umap_sensitivity_scores.tsv.gz	canberra		30.0	0.0		4	0.499070676132746	831.3560082859777	0.72922623427957	373.1602782838305	59	139	0.4244604316546763
UMAP	umap	umap__metric-canberra__nn-30__mindist-0	metric=canberra, n_neighbors=30, min_dist=0	False	analysis/umap/umap_sensitivity_scores.tsv.gz	canberra		30.0	0.0		5	0.4707620264542589	858.4856770059939	0.7423077876940803	281.27218323489393	57	111	0.5135135135135135
UMAP	umap	umap__metric-canberra__nn-30__mindist-0	metric=canberra, n_neighbors=30, min_dist=0	False	analysis/umap/umap_sensitivity_scores.tsv.gz	canberra		30.0	0.0		6	0.46238757629373417	885.708614856083	0.7368891132896489	222.90172677848525	42	90	0.4666666666666667
UMAP	umap	umap__metric-canberra__nn-30__mindist-0	metric=canberra, n_neighbors=30, min_dist=0	False	analysis/umap/umap_sensitivity_scores.tsv.gz	canberra		30.0	0.0		7	0.4499996339507525	893.8497296054659	0.7467027785200172	186.3653621883916	27	85	0.3176470588235294
UMAP	umap	umap__metric-canberra__nn-30__mindist-0	metric=canberra, n_neighbors=30, min_dist=0	False	analysis/umap/umap_sensitivity_scores.tsv.gz	canberra		30.0	0.0		8	0.44846258094137587	895.9877849203194	0.7429469286903553	160.62510806905405	25	87	0.28735632183908044
UMAP	umap	umap__metric-canberra__nn-30__mindist-0	metric=canberra, n_neighbors=30, min_dist=0	False	analysis/umap/umap_sensitivity_scores.tsv.gz	canberra		30.0	0.0		9	0.4247322338265083	901.8285728769278	0.7827108012837306	140.41971452352718	25	66	0.3787878787878788
UMAP	umap	umap__metric-canberra__nn-30__mindist-0	metric=canberra, n_neighbors=30, min_dist=0	False	analysis/umap/umap_sensitivity_scores.tsv.gz	canberra		30.0	0.0		10	0.42451431065811934	913.8180822573202	0.7887009271818972	123.69187419284816	24	58	0.41379310344827586
UMAP	umap	umap__metric-canberra__nn-30__mindist-0p1	metric=canberra, n_neighbors=30, min_dist=0.1	False	analysis/umap/umap_sensitivity_scores.tsv.gz	canberra		30.0	0.1		2	0.5494337225689435	780.6166108422735	0.6579014233125019	901.4958564938958	182	230	0.7913043478260869
UMAP	umap	umap__metric-canberra__nn-30__mindist-0p1	metric=canberra, n_neighbors=30, min_dist=0.1	False	analysis/umap/umap_sensitivity_scores.tsv.gz	canberra		30.0	0.1		3	0.4703182741856762	639.3942021491715	0.8267565481943047	634.3911630631028	80	185	0.43243243243243246
UMAP	umap	umap__metric-canberra__nn-30__mindist-0p1	metric=canberra, n_neighbors=30, min_dist=0.1	False	analysis/umap/umap_sensitivity_scores.tsv.gz	canberra		30.0	0.1		4	0.47653458622181216	704.2795337245406	0.7491912517799175	423.7082674670647	62	138	0.4492753623188406
UMAP	umap	umap__metric-canberra__nn-30__mindist-0p1	metric=canberra, n_neighbors=30, min_dist=0.1	False	analysis/umap/umap_sensitivity_scores.tsv.gz	canberra		30.0	0.1		5	0.4424106945080789	709.6965205537894	0.7760931334368092	328.26632339255735	57	118	0.4830508474576271
UMAP	umap	umap__metric-canberra__nn-30__mindist-0p1	metric=canberra, n_neighbors=30, min_dist=0.1	False	analysis/umap/umap_sensitivity_scores.tsv.gz	canberra		30.0	0.1		6	0.43071877748859777	734.0713753934518	0.7887813228552835	260.7387928159972	51	88	0.5795454545454546
UMAP	umap	umap__metric-canberra__nn-30__mindist-0p1	metric=canberra, n_neighbors=30, min_dist=0.1	False	analysis/umap/umap_sensitivity_scores.tsv.gz	canberra		30.0	0.1		7	0.4145531741129463	726.1318626964056	0.8261343696868567	222.65707155572062	34	84	0.40476190476190477
UMAP	umap	umap__metric-canberra__nn-30__mindist-0p1	metric=canberra, n_neighbors=30, min_dist=0.1	False	analysis/umap/umap_sensitivity_scores.tsv.gz	canberra		30.0	0.1		8	0.4215714212216194	708.7104321435373	0.7738122537109766	197.1358627859925	29	80	0.3625
UMAP	umap	umap__metric-canberra__nn-30__mindist-0p1	metric=canberra, n_neighbors=30, min_dist=0.1	False	analysis/umap/umap_sensitivity_scores.tsv.gz	canberra		30.0	0.1		9	0.40545618487219964	711.0680944198708	0.7952995946619374	173.19263601238174	28	61	0.45901639344262296
UMAP	umap	umap__metric-canberra__nn-30__mindist-0p1	metric=canberra, n_neighbors=30, min_dist=0.1	False	analysis/umap/umap_sensitivity_scores.tsv.gz	canberra		30.0	0.1		10	0.3995532025121492	715.1145497003589	0.8069675613336633	153.90290116238626	28	48	0.5833333333333334
UMAP	umap	umap__metric-canberra__nn-30__mindist-0p5	metric=canberra, n_neighbors=30, min_dist=0.5	False	analysis/umap/umap_sensitivity_scores.tsv.gz	canberra		30.0	0.5		2	0.4874886544472093	568.2467793991971	0.7783135785683901	1653.1751191620565	186	226	0.8230088495575221
UMAP	umap	umap__metric-canberra__nn-30__mindist-0p5	metric=canberra, n_neighbors=30, min_dist=0.5	False	analysis/umap/umap_sensitivity_scores.tsv.gz	canberra		30.0	0.5		3	0.4102984384192418	470.5395888489108	0.8842653928403751	1194.9438523502433	101	165	0.6121212121212121
UMAP	umap	umap__metric-canberra__nn-30__mindist-0p5	metric=canberra, n_neighbors=30, min_dist=0.5	False	analysis/umap/umap_sensitivity_scores.tsv.gz	canberra		30.0	0.5		4	0.4252098377041642	507.56146271002797	0.7685928232691421	833.5512530909693	67	122	0.5491803278688525
UMAP	umap	umap__metric-canberra__nn-30__mindist-0p5	metric=canberra, n_neighbors=30, min_dist=0.5	False	analysis/umap/umap_sensitivity_scores.tsv.gz	canberra		30.0	0.5		5	0.4093403208743847	528.1059069436668	0.7976911398268565	637.201283191865	64	105	0.6095238095238096
UMAP	umap	umap__metric-canberra__nn-30__mindist-0p5	metric=canberra, n_neighbors=30, min_dist=0.5	False	analysis/umap/umap_sensitivity_scores.tsv.gz	canberra		30.0	0.5		6	0.3974186315703783	540.2053152767145	0.815353300663757	515.4238326016616	52	82	0.6341463414634146
UMAP	umap	umap__metric-canberra__nn-30__mindist-0p5	metric=canberra, n_neighbors=30, min_dist=0.5	False	analysis/umap/umap_sensitivity_scores.tsv.gz	canberra		30.0	0.5		7	0.3755184745777755	525.5143181668172	0.8737929867218082	448.9748601703461	43	79	0.5443037974683544
UMAP	umap	umap__metric-canberra__nn-30__mindist-0p5	metric=canberra, n_neighbors=30, min_dist=0.5	False	analysis/umap/umap_sensitivity_scores.tsv.gz	canberra		30.0	0.5		8	0.3731978170900541	518.2283503189468	0.8598480032982202	395.26424067808654	38	70	0.5428571428571428
UMAP	umap	umap__metric-canberra__nn-30__mindist-0p5	metric=canberra, n_neighbors=30, min_dist=0.5	False	analysis/umap/umap_sensitivity_scores.tsv.gz	canberra		30.0	0.5		9	0.36756806057912056	511.2394732538942	0.8184407316893361	353.8019304425431	37	63	0.5873015873015873
UMAP	umap	umap__metric-canberra__nn-30__mindist-0p5	metric=canberra, n_neighbors=30, min_dist=0.5	False	analysis/umap/umap_sensitivity_scores.tsv.gz	canberra		30.0	0.5		10	0.3616778333451472	511.1389686446628	0.8169935178512038	316.98888067395194	34	50	0.68
UMAP	umap	umap__metric-canberra__nn-30__mindist-1	metric=canberra, n_neighbors=30, min_dist=1	False	analysis/umap/umap_sensitivity_scores.tsv.gz	canberra		30.0	1.0		2	0.4701596847215131	521.5933710696635	0.8077092767199151	2873.828179841536	179	233	0.7682403433476395
UMAP	umap	umap__metric-canberra__nn-30__mindist-1	metric=canberra, n_neighbors=30, min_dist=1	False	analysis/umap/umap_sensitivity_scores.tsv.gz	canberra		30.0	1.0		3	0.40764221095663145	452.543043646626	0.8987736999320588	2032.370219768121	111	156	0.7115384615384616
UMAP	umap	umap__metric-canberra__nn-30__mindist-1	metric=canberra, n_neighbors=30, min_dist=1	False	analysis/umap/umap_sensitivity_scores.tsv.gz	canberra		30.0	1.0		4	0.4149498893758534	473.73583290410767	0.777376101697775	1456.466573636245	83	129	0.6434108527131783
UMAP	umap	umap__metric-canberra__nn-30__mindist-1	metric=canberra, n_neighbors=30, min_dist=1	False	analysis/umap/umap_sensitivity_scores.tsv.gz	canberra		30.0	1.0		5	0.3883079943870792	484.98585574247824	0.8197388455264326	1132.3876409636732	69	95	0.7263157894736842
UMAP	umap	umap__metric-canberra__nn-30__mindist-1	metric=canberra, n_neighbors=30, min_dist=1	False	analysis/umap/umap_sensitivity_scores.tsv.gz	canberra		30.0	1.0		6	0.3756823375880887	481.99700755433855	0.8384689685437117	941.4538212187374	57	82	0.6951219512195121
UMAP	umap	umap__metric-canberra__nn-30__mindist-1	metric=canberra, n_neighbors=30, min_dist=1	False	analysis/umap/umap_sensitivity_scores.tsv.gz	canberra		30.0	1.0		7	0.3740758984778584	471.87873095255264	0.8346954129262526	817.1716429280913	43	77	0.5584415584415584
UMAP	umap	umap__metric-canberra__nn-30__mindist-1	metric=canberra, n_neighbors=30, min_dist=1	False	analysis/umap/umap_sensitivity_scores.tsv.gz	canberra		30.0	1.0		8	0.3582047883463196	464.54271539549626	0.8594739998357714	721.6097397271667	42	73	0.5753424657534246
UMAP	umap	umap__metric-canberra__nn-30__mindist-1	metric=canberra, n_neighbors=30, min_dist=1	False	analysis/umap/umap_sensitivity_scores.tsv.gz	canberra		30.0	1.0		9	0.3665643480973832	464.3526407417204	0.7921342551580806	639.0589192935759	34	66	0.5151515151515151
UMAP	umap	umap__metric-canberra__nn-30__mindist-1	metric=canberra, n_neighbors=30, min_dist=1	False	analysis/umap/umap_sensitivity_scores.tsv.gz	canberra		30.0	1.0		10	0.35975378296364585	471.2324263024627	0.8012158475355694	565.3561374589304	31	51	0.6078431372549019
UMAP	umap	umap__metric-canberra__nn-50__mindist-0	metric=canberra, n_neighbors=50, min_dist=0	False	analysis/umap/umap_sensitivity_scores.tsv.gz	canberra		50.0	0.0		2	0.6104712244697201	1058.2366479396314	0.5389264446959878	757.7084307220707	159	253	0.6284584980237155
UMAP	umap	umap__metric-canberra__nn-50__mindist-0	metric=canberra, n_neighbors=50, min_dist=0	False	analysis/umap/umap_sensitivity_scores.tsv.gz	canberra		50.0	0.0		3	0.5097629813622062	933.3082781391114	0.8152025540684678	487.68404335938214	90	180	0.5
UMAP	umap	umap__metric-canberra__nn-50__mindist-0	metric=canberra, n_neighbors=50, min_dist=0	False	analysis/umap/umap_sensitivity_scores.tsv.gz	canberra		50.0	0.0		4	0.5144050528192314	970.5602833393792	0.7008850277452225	333.4864193820353	65	140	0.4642857142857143
UMAP	umap	umap__metric-canberra__nn-50__mindist-0	metric=canberra, n_neighbors=50, min_dist=0	False	analysis/umap/umap_sensitivity_scores.tsv.gz	canberra		50.0	0.0		5	0.4679591091265453	1051.8782395112742	0.7420198397161157	239.32213151566404	59	108	0.5462962962962963
UMAP	umap	umap__metric-canberra__nn-50__mindist-0	metric=canberra, n_neighbors=50, min_dist=0	False	analysis/umap/umap_sensitivity_scores.tsv.gz	canberra		50.0	0.0		6	0.44762216615547523	1039.7270865992546	0.7782495523068304	196.55902458929486	49	93	0.5268817204301075
UMAP	umap	umap__metric-canberra__nn-50__mindist-0	metric=canberra, n_neighbors=50, min_dist=0	False	analysis/umap/umap_sensitivity_scores.tsv.gz	canberra		50.0	0.0		7	0.43954798414930824	1021.0716054504178	0.7973987466194546	168.2523325748498	28	93	0.3010752688172043
UMAP	umap	umap__metric-canberra__nn-50__mindist-0	metric=canberra, n_neighbors=50, min_dist=0	False	analysis/umap/umap_sensitivity_scores.tsv.gz	canberra		50.0	0.0		8	0.42851959011230056	998.8391263333156	0.7944293945381729	148.21978913609718	22	86	0.2558139534883721
UMAP	umap	umap__metric-canberra__nn-50__mindist-0	metric=canberra, n_neighbors=50, min_dist=0	False	analysis/umap/umap_sensitivity_scores.tsv.gz	canberra		50.0	0.0		9	0.39939279761049734	988.3436662967206	0.8693292318846031	131.59259335036955	21	67	0.31343283582089554
UMAP	umap	umap__metric-canberra__nn-50__mindist-0	metric=canberra, n_neighbors=50, min_dist=0	False	analysis/umap/umap_sensitivity_scores.tsv.gz	canberra		50.0	0.0		10	0.4022912787227702	994.0797902547745	0.8290734889592208	116.67782130508427	17	65	0.26153846153846155
UMAP	umap	umap__metric-canberra__nn-50__mindist-0p1	metric=canberra, n_neighbors=50, min_dist=0.1	False	analysis/umap/umap_sensitivity_scores.tsv.gz	canberra		50.0	0.1		2	0.5755972560413841	895.1832008670332	0.6074639486223169	878.3964522134138	172	240	0.7166666666666667
UMAP	umap	umap__metric-canberra__nn-50__mindist-0p1	metric=canberra, n_neighbors=50, min_dist=0.1	False	analysis/umap/umap_sensitivity_scores.tsv.gz	canberra		50.0	0.1		3	0.4773034004983739	718.6111062953797	0.8478707305567488	619.4660757524291	80	187	0.42780748663101603
UMAP	umap	umap__metric-canberra__nn-50__mindist-0p1	metric=canberra, n_neighbors=50, min_dist=0.1	False	analysis/umap/umap_sensitivity_scores.tsv.gz	canberra		50.0	0.1		4	0.4666405062322671	767.0684354599215	0.7674512335632551	421.11085571270274	61	140	0.4357142857142857
UMAP	umap	umap__metric-canberra__nn-50__mindist-0p1	metric=canberra, n_neighbors=50, min_dist=0.1	False	analysis/umap/umap_sensitivity_scores.tsv.gz	canberra		50.0	0.1		5	0.44374339854467953	789.8083638126325	0.7826646565113924	319.12647195483186	54	106	0.5094339622641509
UMAP	umap	umap__metric-canberra__nn-50__mindist-0p1	metric=canberra, n_neighbors=50, min_dist=0.1	False	analysis/umap/umap_sensitivity_scores.tsv.gz	canberra		50.0	0.1		6	0.42099298180017536	776.0006003558939	0.7882047730476148	264.88157757716374	39	91	0.42857142857142855
UMAP	umap	umap__metric-canberra__nn-50__mindist-0p1	metric=canberra, n_neighbors=50, min_dist=0.1	False	analysis/umap/umap_sensitivity_scores.tsv.gz	canberra		50.0	0.1		7	0.4176566102984225	786.3937704771433	0.8091185993113583	221.04368865645523	37	88	0.42045454545454547
UMAP	umap	umap__metric-canberra__nn-50__mindist-0p1	metric=canberra, n_neighbors=50, min_dist=0.1	False	analysis/umap/umap_sensitivity_scores.tsv.gz	canberra		50.0	0.1		8	0.42292373794747906	770.6482375097042	0.7754931392943101	194.82338032315886	31	88	0.3522727272727273
UMAP	umap	umap__metric-canberra__nn-50__mindist-0p1	metric=canberra, n_neighbors=50, min_dist=0.1	False	analysis/umap/umap_sensitivity_scores.tsv.gz	canberra		50.0	0.1		9	0.4014965766630815	772.3752485217228	0.8112461235386611	171.2278396701729	30	60	0.5
UMAP	umap	umap__metric-canberra__nn-50__mindist-0p1	metric=canberra, n_neighbors=50, min_dist=0.1	False	analysis/umap/umap_sensitivity_scores.tsv.gz	canberra		50.0	0.1		10	0.40239176196987975	776.3472727345745	0.8222820012362183	152.12871766738908	26	59	0.4406779661016949
UMAP	umap	umap__metric-canberra__nn-50__mindist-0p5	metric=canberra, n_neighbors=50, min_dist=0.5	False	analysis/umap/umap_sensitivity_scores.tsv.gz	canberra		50.0	0.5		2	0.5089617133253855	628.9939875334504	0.7291134522459379	1599.5493730315718	174	238	0.7310924369747899
UMAP	umap	umap__metric-canberra__nn-50__mindist-0p5	metric=canberra, n_neighbors=50, min_dist=0.5	False	analysis/umap/umap_sensitivity_scores.tsv.gz	canberra		50.0	0.5		3	0.42549628097027076	521.8298806014104	0.9010457614320674	1141.2642911200237	113	162	0.6975308641975309
UMAP	umap	umap__metric-canberra__nn-50__mindist-0p5	metric=canberra, n_neighbors=50, min_dist=0.5	False	analysis/umap/umap_sensitivity_scores.tsv.gz	canberra		50.0	0.5		4	0.4259197528787917	537.0738335140944	0.7917275348557568	819.0360707968832	63	135	0.4666666666666667
UMAP	umap	umap__metric-canberra__nn-50__mindist-0p5	metric=canberra, n_neighbors=50, min_dist=0.5	False	analysis/umap/umap_sensitivity_scores.tsv.gz	canberra		50.0	0.5		5	0.40764940718133347	560.9092438115349	0.7956439066468489	622.4020077229014	60	101	0.594059405940594
UMAP	umap	umap__metric-canberra__nn-50__mindist-0p5	metric=canberra, n_neighbors=50, min_dist=0.5	False	analysis/umap/umap_sensitivity_scores.tsv.gz	canberra		50.0	0.5		6	0.3956508836642337	558.4660774430486	0.8019237212575178	514.5523154772254	45	87	0.5172413793103449
UMAP	umap	umap__metric-canberra__nn-50__mindist-0p5	metric=canberra, n_neighbors=50, min_dist=0.5	False	analysis/umap/umap_sensitivity_scores.tsv.gz	canberra		50.0	0.5		7	0.3931529732406794	552.8153029297891	0.8163275926770766	441.0807509004294	42	83	0.5060240963855421
UMAP	umap	umap__metric-canberra__nn-50__mindist-0p5	metric=canberra, n_neighbors=50, min_dist=0.5	False	analysis/umap/umap_sensitivity_scores.tsv.gz	canberra		50.0	0.5		8	0.38452115113384516	546.9794700386385	0.8013791505592964	386.8785653547835	37	77	0.4805194805194805
UMAP	umap	umap__metric-canberra__nn-50__mindist-0p5	metric=canberra, n_neighbors=50, min_dist=0.5	False	analysis/umap/umap_sensitivity_scores.tsv.gz	canberra		50.0	0.5		9	0.36179612359684293	539.8514760955194	0.8601649431806384	345.95785820303104	37	59	0.6271186440677966
UMAP	umap	umap__metric-canberra__nn-50__mindist-0p5	metric=canberra, n_neighbors=50, min_dist=0.5	False	analysis/umap/umap_sensitivity_scores.tsv.gz	canberra		50.0	0.5		10	0.35609380161213516	538.566385192182	0.8338449732228724	310.43325862990207	35	52	0.6730769230769231
UMAP	umap	umap__metric-canberra__nn-50__mindist-1	metric=canberra, n_neighbors=50, min_dist=1	False	analysis/umap/umap_sensitivity_scores.tsv.gz	canberra		50.0	1.0		2	0.47065732747074096	512.303682569753	0.8129316174780613	2678.294336491199	180	232	0.7758620689655172
UMAP	umap	umap__metric-canberra__nn-50__mindist-1	metric=canberra, n_neighbors=50, min_dist=1	False	analysis/umap/umap_sensitivity_scores.tsv.gz	canberra		50.0	1.0		3	0.40479310966170334	444.2549840894624	0.9186123815952506	1899.1575480394058	122	156	0.782051282051282
UMAP	umap	umap__metric-canberra__nn-50__mindist-1	metric=canberra, n_neighbors=50, min_dist=1	False	analysis/umap/umap_sensitivity_scores.tsv.gz	canberra		50.0	1.0		4	0.40185091726206085	448.28918522508445	0.8177314979074266	1402.35978579012	74	131	0.5648854961832062
UMAP	umap	umap__metric-canberra__nn-50__mindist-1	metric=canberra, n_neighbors=50, min_dist=1	False	analysis/umap/umap_sensitivity_scores.tsv.gz	canberra		50.0	1.0		5	0.38271694395706307	471.37063287368846	0.843970405965867	1069.6378517083745	66	95	0.6947368421052632
UMAP	umap	umap__metric-canberra__nn-50__mindist-1	metric=canberra, n_neighbors=50, min_dist=1	False	analysis/umap/umap_sensitivity_scores.tsv.gz	canberra		50.0	1.0		6	0.3635510323450666	462.52342545539443	0.8614075028656663	899.7593613665342	53	84	0.6309523809523809
UMAP	umap	umap__metric-canberra__nn-50__mindist-1	metric=canberra, n_neighbors=50, min_dist=1	False	analysis/umap/umap_sensitivity_scores.tsv.gz	canberra		50.0	1.0		7	0.3690742365218866	458.2991798314173	0.8252430944191383	773.4500242700445	49	72	0.6805555555555556
UMAP	umap	umap__metric-canberra__nn-50__mindist-1	metric=canberra, n_neighbors=50, min_dist=1	False	analysis/umap/umap_sensitivity_scores.tsv.gz	canberra		50.0	1.0		8	0.35581961667781986	447.60607291871156	0.8096353144055519	688.1211687931269	39	66	0.5909090909090909
UMAP	umap	umap__metric-canberra__nn-50__mindist-1	metric=canberra, n_neighbors=50, min_dist=1	False	analysis/umap/umap_sensitivity_scores.tsv.gz	canberra		50.0	1.0		9	0.3499139309218914	449.19719054056355	0.8114967382763043	607.5264538161823	36	52	0.6923076923076923
UMAP	umap	umap__metric-canberra__nn-50__mindist-1	metric=canberra, n_neighbors=50, min_dist=1	False	analysis/umap/umap_sensitivity_scores.tsv.gz	canberra		50.0	1.0		10	0.3482486696393898	447.9505511615709	0.8362224556938151	546.2888613154942	34	52	0.6538461538461539
